Text,is_rule,ID,source,base,n_tokens,n_chars,n_deontic,n_quantitative,n_coref,n_ext_ref,has_shall,has_must,has_should,has_may,starts_capital,ends_period,n_commas,n_semicolons,n_numbers
"(1)   Before construction of a new building starts, the person who is to carry out the work must analyse and take into account the technical, environmental and economic feasibility of using high-efficiency alternative systems (such as the following systems) in the construction, if available(a)   decentralised energy supply systems based on energy from renewable sources;(b)  cogeneration;(c)   district or block heating or cooling, particularly where it is based entirely or partially on energy from renewable sources; and(d)  heat pumps.",0,87_UK_DocL_V1_ConsrvationOfFuelAndPower,accord_official,ACCORD Official,82,540,1,0,3,0,0,1,0,0,0,1,4,3,1
"(1)   Before construction of a new building starts, the person who is to carry out the work must analyse and take into account the technical, environmental and economic feasibility of using highefficiency alternative systems (such as the following systems) in the construction, if available(a)   decentralised energy supply systems based on energy from renewable sources;(b)  cogeneration;(c)   district or block heating or cooling, particularly where it is based entirely or partially on energy from renewable sources; and(d)  heat pumps.",0,108_UK_DocM_V2_AccessAndUseOfBuildings,accord_official,ACCORD Official,81,539,1,0,3,0,0,1,0,0,0,1,4,3,1
"(1)   For the purposes of this Part and Part S of Schedule 1, an electric vehicle charge point must meet the following minimum standards.",0,97_UK_DocS_InfrastructureForChargingOfElectricalVehicles,accord_official,ACCORD Official,24,137,1,1,2,1,0,1,0,0,0,1,1,0,2
"(1)   Where there is a material change of use of the whole of a building, such work, if any, shall be carried out as is necessary to ensure that the building complies with the applicable requirements of the following paragraphs of Schedule 1(a)   in all cases, B1 (means of warning and escape) B2 (internal fire spreadlinings) B3 (internal fire spreadstructure) B4(2) (external fire spreadroofs) B5 (access and facilities for the fire service) C2(c) (interstitial and surface condensation) F1 (ventilation) G1 (cold water supply) G3(1) to (3) (hot water supply and systems) G4 (sanitary conveniences and washing facilities) G5 (bathrooms) G6 (kitchens and food preparation areas) H1 (foul water drainage) H6 (solid waste storage) J1 to J4 (combustion appliances) L1 (conservation of fuel and power) P1 (electrical safety); S2 (infrastructure for the charging of electric vehicles);(b)  in the case of a material change of use described in regulation 5(c), (d), (e) or (f), A1 to A3 (structure);(c)  in the case of a building exceeding fifteen metres in height, B4(1) (external fire spreadwalls);(d)   in the case of a material change of use described in regulation 5(a), (b), (c), (d), (g), (h), (i) or, where the material change provides new residential accommodation, (f), C1(2) (resistance to contaminants);(e)  in the case of a material change of use described in regulation 5(a), C2 (resistance to moisture);(f)   in the case of a material change of use described in regulation 5(a), (b), (c), (g), (h) or (i), E1 to E3 (resistance to the passage of sound);(g)   in the case of a material change of use described in regulation 5(e), where the public building consists of or contains a school, E4 (acoustic conditions in schools);(h)   in the case of a material change of use described in regulation 5(a) or (b), G2 (water efficiency) and G3(4) (hot water supply and systems: hot water supply to fixed baths);(i)   in the case of a material change of use described in regulation 5(c), (d), (e) or (j), M1 (access to and use of buildings Others than dwellings);(j)  in the case of a material change of use described in regulation 5(a), (b) or (g), Q1 (security).",0,432_UK_DocM_V2_AccessAndUseOfBuildings | 438_UK_DocL_V1_ConsrvationOfFuelAndPower,accord_official,ACCORD Official,377,2165,1,0,2,2,1,0,0,0,0,1,31,10,16
"(1)  Reasonable provision must be made for people to (a) may apply only in relation to a dwelling that is (a) gain access to; and (b) use, the dwelling and its facilities.",0,35_UK_DocM_V1_AccessAndUseOfBuildings,accord_official,ACCORD Official,32,171,2,0,0,0,0,1,0,1,0,1,1,1,1
"(1)  The Secretary of State shall approve(a)   a methodology of calculation of the energy performance of buildings, including methods for calculating asset ratings and operational ratings of buildings; and(b)   ways in which the energy performance of buildings, as calculated in accordance with the methodology, shall be expressed.",0,29_UK_DocM_V2_AccessAndUseOfBuildings,accord_official,ACCORD Official,49,331,1,0,0,0,1,0,0,0,0,1,3,1,1
"(1) Water supplied:  a. for such domestic purposes as consist  in or include, cooking, drinking, food  preparation or washing; or  b. to premises in which food is produced,  shall, subject to paragraphs (4) and  (5), be regarded as wholesome for the  purposes of Chapter III (quality and  sufficiency of supplies) of Part III (water  supply) of the Water Industry Act 1991,  as it applies to the supply of water for those  domestic purposes, if the requirements  of paragraph (2) are satisfied.",0,243_UK_DocG_Sanitation,accord_official,ACCORD Official,81,494,1,0,3,1,1,0,0,0,0,1,8,1,5
"(1) Where regulation 36 applies, the person carrying out  the work must give the local authority a notice which  specifies   (a) which of the requirements in regulation 36(2)(a) or (b)  applies to the dwelling; and   (b) the potential consumption of wholesome water per  person per day in relation to the completed dwelling.",0,66_UK_DocG_Sanitation,accord_official,ACCORD Official,54,324,1,0,0,0,0,1,0,0,0,1,1,1,4
(2)   Fixed systems for mechanical ventilation and any associated controls must be commissioned by testing and adjusting as necessary to secure that the objective referred to in subparagraph (1) is Requirement F1 does not apply to a building or space within a building:into which people do not normally go;b.  which is used solely for storage; orc.  which is a garage used solely in connection with a single dwelling.,0,87_UK_DocF_V2_Ventilation,accord_official,ACCORD Official,70,417,1,0,0,1,0,1,0,0,0,1,0,2,2
(2)   Fixed systems for mechanical ventilation and any associated controls must be commissioned by testing and adjusting as necessary to secure that the objective referred to in subparagraph (1) is met.,0,171_UK_DocF_V1_Ventilation,accord_official,ACCORD Official,31,202,1,0,0,1,0,1,0,0,0,1,0,0,2
"(2)   Not later than the day before the work starts, the person carrying out the work must give the local authority a notice which specifies(a)   the target primary energy rate for the building calculated and expressed in accordance with the methodology approved pursuant to regulation 24;(b)   the calculated target primary energy rate for the building as designed, calculated and expressed in accordance with the methodology approved pursuant to regulation 24; and(c)   the list of specifications to which the building is to be constructed.",0,38_UK_DocL_V1_ConsrvationOfFuelAndPower | 39_UK_DocM_V2_AccessAndUseOfBuildings,accord_official,ACCORD Official,86,542,1,0,0,0,0,1,0,0,0,1,2,2,3
"(2)   Not later than the day before the work starts, the person carrying out the work shall give the local authority a notice which specifies (a)   the target fabric energy efficiency rate for the dwelling, calculated and expressed in accordance with the methodology approved pursuant to regulation 24; (b)   the fabric energy efficiency rate for the dwelling as designed, calculated and expressed in accordance with the methodology approved pursuant to regulation 24; and (c)  a list of specifications to which the dwelling is to be constructed.",0,35_UK_DocL_V1_ConsrvationOfFuelAndPower,accord_official,ACCORD Official,86,546,1,0,0,0,1,0,0,0,0,1,3,2,3
"(2)   Not later than the day before the work starts, the person carrying out the work shall give the local authority a notice which specifies(a)   the target CO2 emission rate for the building, calculated and expressed in accordance with the methodology approved pursuant to regulation 24,(b)   the CO2 emission rate for the building as designed, calculated and expressed in accordance with the methodology approved pursuant to regulation 24, and(c)  a list of specifications to which the building is to be constructed.",0,32_UK_DocL_V1_ConsrvationOfFuelAndPower | 36_UK_DocM_V2_AccessAndUseOfBuildings,accord_official,ACCORD Official,84,519,1,0,0,0,1,0,0,0,0,1,5,0,3
"(2)   Subject to paragraph (3), where this paragraph applies, such work, if any, shall be carried out as is necessary to ensure that the building complies with the requirements of Part L of Schedule 1.",0,449_UK_DocM_V2_AccessAndUseOfBuildings | 455_UK_DocL_V1_ConsrvationOfFuelAndPower,accord_official,ACCORD Official,35,201,1,0,2,2,1,0,0,0,0,1,4,0,3
"(2)   The person carrying out the work must, not later than five days after the work has been completed, give sufficient information to the owner about the provision made in accordance with Part O so that the systems in place further to Part O can be operated in such a manner as to protect against overheating.",0,88_UK_DocO_Overheating,accord_official,ACCORD Official,56,311,1,0,1,0,0,1,0,0,0,1,2,0,1
"(2)   The person carrying out the work must, not later than five days after the work has been completed, provide to the owner sufficient information about the system for onsite electricity generation in respect of its operation and maintenance requirements so that the system may be operated and maintained in such a manner as to produce the maximum electricity that is reasonable in the circumstances and delivers this electricity to the optimal place for use.",0,398_UK_DocL_V1_ConsrvationOfFuelAndPower,accord_official,ACCORD Official,75,461,2,1,2,0,0,1,0,1,0,1,2,0,1
"(2)   The person carrying out the work must, not later than five days after the work has been completed, provide to the owner sufficient information about the system for onsite electricity generation in respect to its operation and maintenance requirements so that the system may be operated and maintained in such a manner as to produce the maximum electricity that is reasonable in the circumstances and delivers this electricity to the optimal place for use.",0,390_UK_DocM_V2_AccessAndUseOfBuildings,accord_official,ACCORD Official,75,461,2,1,2,0,0,1,0,1,0,1,2,0,1
(2)   The person carrying out the work shall not later than five days after the work has been completed give sufficient information to the owner about the buildings ventilation system and its maintenance requirements so that the ventilation system can be operated in such a manner as to provide adequate means of ventilation.,0,172_UK_DocF_V1_Ventilation | 88_UK_DocF_V2_Ventilation,accord_official,ACCORD Official,53,325,2,0,1,0,1,0,0,0,0,1,0,0,1
"(2)   The person carrying out the work shall not later than five days after the work has been completed provide to the owner sufficient information about the building, the fixed building services and their maintenance requirements so that the building can be operated in such a manner as to use no more fuel and power than is reasonable in the circumstances.",0,389_UK_DocM_V2_AccessAndUseOfBuildings | 397_UK_DocL_V1_ConsrvationOfFuelAndPower,accord_official,ACCORD Official,61,358,2,0,1,0,1,0,0,0,0,1,1,0,1
"(2)   The person carrying out the work shall, for the purpose of ensuring compliance with paragraph F1(1) of Schedule 1(a)   ensure that testing of the mechanical ventilation air flow rate is carried out in accordance with a procedure approved by the Secretary of State; and(b)   give notice of the results of the testing to the local authority.",0,173_UK_DocF_V1_Ventilation,accord_official,ACCORD Official,60,345,1,0,0,2,1,0,0,0,0,1,1,1,3
"(2)   The requirements of paragraph S6 of Schedule 1 apply if, upon completion, such a mixeduse building will have at least one parking space situated within the site boundary of the building.",0,92_UK_DocS_InfrastructureForChargingOfElectricalVehicles,accord_official,ACCORD Official,32,192,0,1,1,2,0,0,0,0,0,1,2,0,2
"(2)   Where the whole or any part of an individual thermal element is proposed to be replaced and the replacement(a)  constitutes a major renovation; or(b)   (in the case of part replacement) amounts to the replacement of more than 50 of the thermal elements surface area; the whole of the thermal element must be replaced so as to ensure that it complies with paragraph L1(a)(i) of Schedule 1, in so far as that is technically, functionally and economically feasible.",0,402_UK_DocM_V2_AccessAndUseOfBuildings,accord_official,ACCORD Official,82,468,1,0,1,2,0,1,0,0,0,1,2,2,3
"(2)   Where there is a material change of use of part only of a building, such work, if any, shall be carried out as is necessary to ensure that(a)   that part complies in all cases with any applicable requirements referred to in paragraph (1)(a);(b)   in a case in which subparagraphs (b), (e), (f), (g) or (h) of paragraph (1) apply, that part complies with the requirements referred to in the relevant subparagraph;(c)   in a case to which subparagraph (c) of paragraph (1) applies, the whole building complies with the requirement referred to in that subparagraph; (d)  in a case to which subparagraph (i) of paragraph (1) applies(i)   that part and any sanitary conveniences provided in or in connection with that part comply with the requirements referred to in that subparagraph; and(ii)   the building complies with requirement M1(a) of Schedule 1 to the extent that reasonable provision is made to provide either suitable independent access to that part or suitable access through the building to that part;(e)   in a case to which subparagraph (j) applies in respect of a material change of use described in regulation 5(b) or (g), that part complies with the requirement referred to in that subparagraph.",0,434_UK_DocM_V2_AccessAndUseOfBuildings | 440_UK_DocL_V1_ConsrvationOfFuelAndPower,accord_official,ACCORD Official,208,1215,1,0,1,3,1,0,0,0,0,1,9,5,7
"(2)   Where this regulation applies the person carrying out the work must, for the purpose of ensuring compliance with paragraph L2 of Schedule 1, give to the local authority a notice confirming that the system for onsite electricity generation has been commissioned.",0,364_UK_DocL_V1_ConsrvationOfFuelAndPower | 365_UK_DocM_V2_AccessAndUseOfBuildings,accord_official,ACCORD Official,42,267,1,0,1,2,0,1,0,0,0,1,2,0,2
"(2)   Where this regulation applies, the person carrying out the work shall, for the purpose of ensuring compliance with regulation 26 and regulation 26A and paragraph L1(a)(i) of Schedule 1 (a)  ensure that (i)   pressure testing is carried out in such circumstances as are approved by the Secretary of State; and (ii)   the testing is carried out in accordance with a procedure approved by the Secretary of State; and (b)   subject to paragraph (5), give notice of the results of the testing to the local authority.",0,338_UK_DocM_V2_AccessAndUseOfBuildings | 347_UK_DocL_V1_ConsrvationOfFuelAndPower,accord_official,ACCORD Official,88,517,1,0,2,2,1,0,0,0,0,1,3,2,4
"(2)  If such a new building has, or will have, within its site boundary, more than 10 parking spaces(a)  if there are or will be any parking spaces situated in a position Others than in a covered car park the requirements of paragraph S4 of Schedule 1 must first be applied in relation to those parking spaces; then(ii)   if the number of parking spaces which are situated in a position Others than in a covered car park is insufficient to completely fulfil the requirements of paragraph S4 of Schedule 1, cable routes for electric vehicle charge points must be installed in a sufficient number of parking spaces in the covered car park in order to ensure compliance with the requirements of paragraph S4(b) of Schedule 1;(b)   if all the parking spaces are situated in a covered car park, cable routes for electric vehicle charge points must be installed in a minimum of one fifth of the total number of those parking spaces.",0,62_UK_DocS_InfrastructureForChargingOfElectricalVehicles,accord_official,ACCORD Official,166,926,1,1,2,2,0,1,0,0,0,1,5,2,5
(2)  In this regulation asset rating means an energy performance indicator determined from the amount of energy estimated to meet the different needs associated with a standardised use of the building; and operational rating means an energy performance indicator determined from the amount of energy consumed during the occupation of a building over a period of time and the energy demand associated with a typical use of the building over that period.,0,24_UK_DocL_V1_ConsrvationOfFuelAndPower | 30_UK_DocM_V2_AccessAndUseOfBuildings,accord_official,ACCORD Official,72,452,0,0,1,0,0,0,0,0,0,1,0,1,1
"(2)  The person carrying out the work must(a)   not later than the beginning of the day before the day on which the work starts, give the local authority a notice which states that the analysis referred to in paragraph (1)(i)  has been undertaken;(ii)  is documented; and(iii) the documentation is available to the authority for verification purposes; and(b)   ensure that a copy of the analysis is available for inspection at all reasonable times upon request by an officer of the local authority.",0,109_UK_DocM_V2_AccessAndUseOfBuildings | 88_UK_DocL_V1_ConsrvationOfFuelAndPower,accord_official,ACCORD Official,86,498,1,0,0,1,0,1,0,0,0,1,1,3,2
"(2)  The requirements of paragraph S3 of Schedule 1 apply if(a)   the major renovation involves building work being done which includes work being done to any of the following a car park that is located within the site boundary of the building, where the nature of the work is such that it would be reasonable to expect that work to include enabling the requirements of paragraph S3 of Schedule 1 to be fulfilled;(ii)   the electrical infrastructure of a car park, where the car park is located within the site boundary of the building;(iii)   the electrical infrastructure of the building, where a car park is located inside the building;(b)   the residential building will have more than 10 associated parking spaces upon completion of that work;(c)   subject to paragraph (3), all the required electric vehicle charge points can be accommodated within the incoming electrical supply to the building;(d)   the cost of installing all the required electric vehicle charge points and cable routes for electric vehicle charge points does not exceed 7 of the total cost of the major renovation; and(e) the residential building is not one in relation to which paragraph (5) applies.",0,32_UK_DocS_InfrastructureForChargingOfElectricalVehicles,accord_official,ACCORD Official,198,1178,0,1,3,2,0,0,0,0,0,1,4,6,7
"(2)  The requirements of paragraph S5 of Schedule 1 apply to such a building if(a)   the major renovation involves building work being done which includes work being done to any of the following a car park that is located within the site boundary of the building, where the nature of the work is such that it would be reasonable to expect the requirements of paragraph S5 of Schedule 1 to be fulfilled;(ii)   the electrical infrastructure of a car park, where the car park is located within the site boundary of the building;(iii)   the electrical infrastructure of the building, where a car park is located inside the building;(b)   upon completion of that major renovation, the building will have more than 10 parking spaces situated within the site boundary of the building;(c)   the cost of installing the required electric vehicle charge point and cable routes for electric vehicle charge points does not exceed 7 of the total cost of the major renovation.",0,74_UK_DocS_InfrastructureForChargingOfElectricalVehicles,accord_official,ACCORD Official,165,961,0,1,3,2,0,0,0,0,0,1,4,4,5
"(2) In meeting the obligations in paragraph (1)(a) account must be taken of the safety of any occupant, and their reasonable enjoyment of the residence; and(b) mechanical cooling may only be used where insufficient heat is capable of being removed from the indoor environment without it.",0,74_UK_DocO_Overheating,accord_official,ACCORD Official,48,287,2,0,0,1,0,1,0,1,0,1,1,1,2
"(2) Where a person carrying out building work of the kind described in the second column of paragraph RA1 of Schedule 1 (the developer)(a)  is unable to secure the provision of a connection with a gigabit-capable public electronic communications network for a cost not exceeding the cost cap, but(b)  is able to secure the provision of a connection with a highspeed public electronic communications network for such a cost,paragraph RA2 of Schedule 1 is to be read as requiring the provision of a connection with a highspeed public electronic communications network.",0,32_UK_DocR_V1_InfrastructureForElectircalCommunications,accord_official,ACCORD Official,95,566,0,1,1,2,0,0,0,0,0,1,2,0,3
"(3)   If paragraph (2)(a) and (c) applies, but electric vehicle charge points for some but not all of the dwellings resulting from a building, or a part of a building, undergoing a material change of use can be accommodated within the incoming electrical supply to that building(a)   the requirements of paragraph S2 of Schedule 1 apply in respect of the maximum number of electric vehicle charge points that can be accommodated within the incoming electrical supply; and(b)   cable routes for electric vehicle charge points must be installed in the associated parking spaces that would Otherswise have been required under paragraph S2 of Schedule 1 to have had electric vehicle charge points installed.",0,27_UK_DocS_InfrastructureForChargingOfElectricalVehicles,accord_official,ACCORD Official,115,703,1,1,0,2,0,1,0,0,0,1,3,1,4
"(3)   If such a mixeduse building has, or will have, within its site boundary, a covered car park(a)   if there are or will be any parking spaces situated in a position Others than in a covered car park(i)   the requirements of paragraph S6 of Schedule 1 must first be applied in relation to those parking spaces; then(ii)   if the number of parking spaces, which are situated in a position Others than in a covered car park, is insufficient to completely fulfil the requirements of paragraph S6 of Schedule 1, cable routes for electric vehicle charge points must be installed in accordance with(aa)  regulation 44D(4)(a), in relation to the associated parking spaces for one or more dwellings in a new mixeduse building;(bb)   regulation 44F(6)(a), in relation to the associated parking spaces for one or more dwellings in a mixeduse building undergoing major renovation;(cc)  regulation 44G(2)(a), in relation to the parking spaces for one or more premises that are not dwellings in a new mixeduse building;(dd)   regulation 44H(4)(a), in relation to the parking spaces for one or more premises that are not dwellings in a mixeduse building undergoing major renovation;(b)   if all the parking spaces are situated in a covered car park, cable routes for electric vehicle charge points must be installed in accordance with regulation 44D(4)(b), in relation to the associated parking spaces for one or more dwellings in a new mixeduse building;(ii)   regulation 44F(6)(b), in relation to the associated parking spaces for one or more dwellings in a mixeduse building undergoing major renovation;(iii)   regulation 44G(2)(b), in relation to the parking spaces for one or more new premises that are not dwellings in a new mixeduse building;(iv)   regulation 44H(4)(b), in relation to the parking spaces for one or more premises that are not dwellings in a mixeduse building undergoing major renovation.",0,93_UK_DocS_InfrastructureForChargingOfElectricalVehicles,accord_official,ACCORD Official,327,1900,1,0,2,2,0,1,0,0,0,1,15,8,11
"(3)   Not later than five days after the work has been completed, the person carrying out the work must give the local authority(a)  a notice which specifies(i)   the target primary energy rate for the building calculated and expressed in accordance with the methodology approved pursuant to regulation 24;(ii)  t he calculated target primary energy rate for the building as constructed, calculated and expressed in accordance with the methodology approved pursuant to regulation 24; and(iii)  whether the building has been constructed in accordance with the list of specifications referred to in paragraph (2)(c), and if not a list of any changes to those specifications; or(b)   a certificate of the sort referred to in paragraph (4) accompanied by the information referred to in subparagraph (a).",0,39_UK_DocL_V1_ConsrvationOfFuelAndPower,accord_official,ACCORD Official,129,799,1,0,1,1,0,1,0,0,0,1,3,3,5
"(3)   Not later than five days after the work has been completed, the person carrying out the work must give the local authority(a)  a notice which specifies(i)   the target primary energy rate for the building calculated and expressed in accordance with the methodology approved pursuant to regulation 24;(ii)  the calculated target primary energy rate for the building as constructed, calculated and expressed in accordance with the methodology approved pursuant to regulation 24; and(iii)  whether the building has been constructed in accordance with the list of specifications referred to in paragraph (2)(c), and if not a list of any changes to those specifications; or(b)   a certificate of the sort referred to in paragraph (4) accompanied by the information referred to in subparagraph (a).",0,40_UK_DocM_V2_AccessAndUseOfBuildings,accord_official,ACCORD Official,128,798,1,0,1,1,0,1,0,0,0,1,3,3,5
"(3)   Not later than five days after the work has been completed, the person carrying out the work shall give the local authority (a)  a notice which specifies (i)   the target fabric energy efficiency rate for the dwelling, calculated and expressed in accordance with the methodology approved pursuant to regulation 24; (ii)   the fabric energy efficiency rate for the dwelling as constructed, calculated and expressed in accordance with the methodology approved pursuant to regulation 24; and (iii)  whether the dwelling has been constructed in accordance with the list of specifications referred to in paragraph (2)(c), and if not a list of any changes to those specifications; or (b)   a certificate of the sort referred to in paragraph (4) accompanied by the information referred to in subparagraph (a).",0,36_UK_DocL_V1_ConsrvationOfFuelAndPower,accord_official,ACCORD Official,128,808,1,0,1,1,1,0,0,0,0,1,4,3,5
"(3)   Not later than five days after the work has been completed, the person carrying out the work shall give the local authority(a)  a notice which specifies(i)   the target CO2 emission rate for the building, calculated and expressed in accordance with the methodology approved pursuant to regulation 24,(ii)   the CO2 emission rate for the building as constructed, calculated and expressed in accordance with the methodology approved pursuant to regulation 24, and(iii)  whether the building has been constructed in accordance with the list of specifications referred to in paragraph (2)(c), and if not a list of any changes to those specifications; or(b)   a certificate of the sort referred to in paragraph (4) accompanied by the information referred to in subparagraph (a).",0,33_UK_DocL_V1_ConsrvationOfFuelAndPower | 37_UK_DocM_V2_AccessAndUseOfBuildings,accord_official,ACCORD Official,126,779,1,0,1,1,1,0,0,0,0,1,6,1,5
"(3)   Subject to paragraph (4), where there is a material change of use described in regulation 5(k), such work, if any, shall be carried out as is necessary to ensure that any external wall, or specified attachment, of the building only contains materials of European Classification A2s1, d0 or A1, classified in accordance with BS EN 135011:2007A1:2009 entitled Fire classification of construction products and building elements.",0,435_UK_DocM_V2_AccessAndUseOfBuildings | 441_UK_DocL_V1_ConsrvationOfFuelAndPower,accord_official,ACCORD Official,69,431,1,0,1,1,1,0,0,0,0,1,8,0,5
(3)   The notice referred to in paragraph (2)(b) shall (a)   record the results and the data upon which they are based in a manner approved by the Secretary of State; and (b)   be given to the local authority not later than seven days after the final test is carried out.,0,339_UK_DocM_V2_AccessAndUseOfBuildings | 348_UK_DocL_V1_ConsrvationOfFuelAndPower,accord_official,ACCORD Official,51,271,1,0,1,1,1,0,0,0,0,1,0,1,2
"(3)   Where this regulation applies the person carrying out the work shall, for the purpose of ensuring compliance with paragraph F1(2) or L1(b) of Schedule 1, give to the local authority a notice confirming that the fixed building services have been commissioned in accordance with a procedure approved by the Secretary of State.",0,175_UK_DocF_V1_Ventilation | 362_UK_DocL_V1_ConsrvationOfFuelAndPower | 363_UK_DocM_V2_AccessAndUseOfBuildings | 89_UK_DocF_V2_Ventilation,accord_official,ACCORD Official,55,330,1,0,1,2,1,0,0,0,0,1,2,0,3
(3)  It must be run on a dedicated circuit.,0,99_UK_DocS_InfrastructureForChargingOfElectricalVehicles,accord_official,ACCORD Official,9,43,1,0,1,0,0,1,0,0,0,1,0,0,1
"(3)  The notice must be given to the local authority(a)  not later than the date on which the notice required by regulation 16(4) is required to be given; or(b)  where that regulation does not apply, not more than 30 days after completion of the work.",0,365_UK_DocL_V1_ConsrvationOfFuelAndPower | 366_UK_DocM_V2_AccessAndUseOfBuildings,accord_official,ACCORD Official,48,251,2,0,0,0,0,1,0,0,0,1,1,1,4
(3)  The notice referred to in paragraph (2)(b) shall(a)   record the results and the data upon which they are based in a manner approved by the Secretary of State; and(b)  be given to the local authority not later than five days after the final test is carried out.,0,174_UK_DocF_V1_Ventilation,accord_official,ACCORD Official,51,266,1,0,1,1,1,0,0,0,0,1,0,1,2
"(3)  Where the developer(a)  is unable to secure the provision of a connection with a high-speed public electronic communications network for a cost not exceeding the cost cap, but(b)  is able to secure the provision of a connection with a USOstandard public electronic communications network for such a cost,paragraph RA2 of Schedule 1 is to be read as requiring the provision of a connection with a USOstandard public electronic communications network.",0,33_UK_DocR_V1_InfrastructureForElectircalCommunications,accord_official,ACCORD Official,75,454,0,1,1,2,0,0,0,0,0,1,2,0,2
"(3) If paragraph (2)(a), (b), (d) and (e) applies, but all the required electric vehicle charge points cannot be accommodated within the incoming electrical supply to the building(a) the requirements of paragraph S3 of Schedule 1 apply only in respect of the maximum number of electric vehicle charge points that can be accommodated within the incoming electrical supply to the building; and(b) cable routes for electric vehicle charge points must be installed in all remaining associated parking spaces.",0,33_UK_DocS_InfrastructureForChargingOfElectricalVehicles,accord_official,ACCORD Official,81,504,2,1,0,2,0,1,0,0,0,1,3,1,3
"(3) In these Regulations thermal element means a wall, floor or roof (but does not include windows, doors, roof windows or rooflights) which separates a thermally conditioned part of the building (the conditioned space) from a.  the external environment (including the ground); or in the case of floors and walls, anOthers part of the building which is i.  unconditioned; ii.",0,466_UK_DocL_V1_ConsrvationOfFuelAndPower,accord_official,ACCORD Official,60,375,0,0,1,0,0,0,0,0,0,1,4,2,1
"(3) In this paragraphdistribution point means a distribution point for a gigabit-capable public electronic communications network;the relevant 2year period means the period of 2 years beginning with the earlier of the following(a) the day on which a building notice, initial notice or public bodys notice relating to work to which this paragraph applies is given;(b) the day on which full plans relating to building work to which this paragraph applies are deposited.",0,4_UK_DocR_V1_InfrastructureForElectircalCommunications,accord_official,ACCORD Official,76,467,0,0,2,1,0,0,0,0,0,1,1,2,2
(3) This paragraph applies where the planning permission  under which the building work is carried out   (a) specifies the optional requirement in paragraph (2)(b); and   (b) makes it a condition that that requirement must be  complied with.,0,65_UK_DocG_Sanitation,accord_official,ACCORD Official,38,241,1,0,2,1,0,1,0,0,0,1,0,1,2
"(4)   The notice shall be given to the local authority(a)  not later than the date on which the notice required by regulation 16(4) is required to be given; or(b)  where that regulation does not apply, not more than 30 days after completion of the work.",0,363_UK_DocL_V1_ConsrvationOfFuelAndPower | 364_UK_DocM_V2_AccessAndUseOfBuildings,accord_official,ACCORD Official,48,253,2,0,0,0,1,0,0,0,0,1,1,1,4
(4)  It must be compatible with all vehicles which may require access to it.,0,100_UK_DocS_InfrastructureForChargingOfElectricalVehicles,accord_official,ACCORD Official,14,76,2,0,1,0,0,1,0,1,0,1,0,0,1
"(4)  The notice shall be given to the local authority(a)  not later than the date on which the notice required by regulation 16(4) is required to be given; or(b)  where that regulation does not apply, not more than 30 days after completion of the work.",0,176_UK_DocF_V1_Ventilation | 90_UK_DocF_V2_Ventilation,accord_official,ACCORD Official,48,252,2,0,0,0,1,0,0,0,0,1,1,1,4
"(4)  Where the developer is unable to secure the provision of a connection with a USOstandard public electronic communications network for a cost not exceeding the cost cap, paragraph RA2 of Schedule 1 does not apply.",0,34_UK_DocR_V1_InfrastructureForElectircalCommunications,accord_official,ACCORD Official,36,217,0,1,0,2,0,0,0,0,0,1,1,0,2
"(4) If such a building has, or will have, within its site boundary, more than 10 parking spaces(a) if there are or will be any parking spaces situated in a position Others than in a covered car park the requirements of paragraph S5 of Schedule 1 must first be applied in relation to those parking spaces; then(ii)   if the number of parking spaces which are situated in a position Others than in a covered car park is insufficient to completely fulfil the requirements of paragraph S5 of Schedule 1, cable routes for electric vehicle charge points must be installed in the number of parking spaces in the covered car park in order to ensure compliance with the requirements of paragraph S5(b) of Schedule 1;(b)   if all the parking spaces are situated in a covered car park, cable routes for electric vehicle charge points must be installed in a minimum of one fifth of the total number of those parking spaces.",0,76_UK_DocS_InfrastructureForChargingOfElectricalVehicles,accord_official,ACCORD Official,164,911,1,1,2,2,0,1,0,0,0,1,5,2,5
"(4) Water supplied for regulation 4(1)  purposes shall not be regarded as  wholesome for the purposes of Chapter  III if, on transfer from a treatment works  for supply for those purposes:  a. it contains a concentration of the  coliform bacteria or E. coli parameter  (items 1 and 2 in Part II of Table  A in Schedule 1) in excess of the  prescribed concentrations; or  b. it contains a concentration of nitrite  in excess of 0.1mgNO2.",0,245_UK_DocG_Sanitation,accord_official,ACCORD Official,77,436,2,0,2,2,1,0,0,0,0,1,1,1,7
"(5)   In this regulation, specifications means specifications used for the calculation of the CO2 emission rate.",0,34_UK_DocL_V1_ConsrvationOfFuelAndPower | 38_UK_DocM_V2_AccessAndUseOfBuildings,accord_official,ACCORD Official,16,112,0,0,1,0,0,0,0,0,0,1,1,0,1
"(5)   In this regulation, specifications means specifications used for the calculation of the fabric energy efficiency rate.",0,37_UK_DocL_V1_ConsrvationOfFuelAndPower,accord_official,ACCORD Official,17,124,0,0,1,0,0,0,0,0,0,1,1,0,1
"(5)   In this regulation, specifications means specifications used for the calculation of the target primary energy rate.",0,40_UK_DocL_V1_ConsrvationOfFuelAndPower | 41_UK_DocM_V2_AccessAndUseOfBuildings,accord_official,ACCORD Official,17,121,0,0,1,0,0,0,0,0,0,1,1,0,1
(5)  In this regulation(a)   cogeneration means simultaneous generation in one process of thermal energy and one or both of the following(i)  electrical energy;(ii)  mechanical energy.,0,89_UK_DocL_V1_ConsrvationOfFuelAndPower,accord_official,ACCORD Official,28,184,0,0,2,0,0,0,0,0,0,1,0,1,1
"(5)  In this regulation(a)   cogeneration means simultaneous generation in one process of thermal energy and one or both of the following(i)  electrical energy;(ii)  mechanical energy;(b)   district or block heating or cooling means the distribution of thermal energy in the form of steam, hot water or chilled liquids, from a central source of production through a network of multiple buildings or sites, for the use of space or process heating or cooling;(c)   energy from renewable sources means energy from renewable nonfossil sources, namely wind, solar, aerOthersmal, geOthersmal, hydrOthersmal and ocean energy, hydropower, biomass, landfill gas, sewage treatment plant gas and biogases; and(d)   heat pump means a machine, a device or installation that transfers heat from natural surroundings such as air, water or ground to buildings or industrial applications by reversing the natural flow of heat such that it flows from a lower to a higher temperature.",0,111_UK_DocM_V2_AccessAndUseOfBuildings,accord_official,ACCORD Official,151,965,0,0,4,0,0,0,0,0,0,1,14,4,1
(5) In paragraphs (2) to (4)high-speed public electronic communications network means a public electronic communications network that is a highspeed electronic communications network;USOstandard public electronic communications network means a public electronic communications network that provides at least the minimum download speed for the time being specified by virtue of section 65(2B)(a) of the Communications Act 2003 in the universal service order (as defined by section 151(1) of that Act).,0,35_UK_DocR_V1_InfrastructureForElectircalCommunications,accord_official,ACCORD Official,75,500,0,2,0,2,0,0,0,0,0,1,0,1,7
"(5) Subject to paragraph (6), water supplied  for regulation 4(1) purposes shall not be  regarded as wholesome for the purposes  of Chapter III if, on transfer from a service  reservoir for supply for those purposes, it  contains a concentration of the coliform  bacteria or E. coli parameter in excess of  the prescribed concentrations.",0,246_UK_DocG_Sanitation,accord_official,ACCORD Official,54,337,2,0,2,1,1,0,0,0,0,1,3,0,4
"(6)  The developer is to be treated as being able to secure the provision of a connection mentioned in any of paragraphs (2) to (4) for a cost not exceeding the cost cap unless(a)  the developer has invited at least two suitable providers to make, before the end of the 30th day after the date of the invitation, an offer to provide a connection of the kind mentioned in the paragraph in question, and(b)  none of those providers has before that time offered to provide that connection free of charge or at a cost not exceeding the cost cap.",0,36_UK_DocR_V1_InfrastructureForElectircalCommunications,accord_official,ACCORD Official,101,541,0,2,1,2,0,0,0,0,0,1,3,0,3
"(6) If a residential building undergoing major renovation has, or will have more than 10 associated parking spaces(a)   if there are or will be any associated parking spaces situated in a position Others than in a covered car park the requirements of paragraph S3 of Schedule 1 must first be applied in relation to those associated parking spaces; then(ii)   cable routes for electric vehicle charge points must be installed in all the associated parking spaces in the covered car park;(b)   if all the associated parking spaces are situated in a covered car park, cable routes for electric vehicle charge points must be installed in all the parking spaces in the covered car park.",0,35_UK_DocS_InfrastructureForChargingOfElectricalVehicles,accord_official,ACCORD Official,116,681,1,0,1,2,0,1,0,0,0,1,2,2,3
"(6) Water transferred from a service reservoir  for supply for regulation 4(1) purposes  shall not be regarded as unwholesome for  the purposes of Chapter III because the  maximum concentration for the coliform  bacteria parameter is exceeded if, as  regards the samples taken in any year in  which the reservoir in question is in use,  the results of analysis for that parameter  establish that in at least 95 per cent of  those samples coliforms were absent.",0,247_UK_DocG_Sanitation,accord_official,ACCORD Official,76,460,2,2,1,0,1,0,0,0,0,1,2,0,4
(9)  In paragraph (6)(a) suitable provider means the provider of a public electronic communications network whom the developer reasonably considers to be likely to be able to provide the connection referred to.,0,37_UK_DocR_V1_InfrastructureForElectircalCommunications,accord_official,ACCORD Official,33,210,0,0,0,2,0,0,0,0,0,1,0,0,2
"(9) In this regulation special location meanswithin a room containing a bath or shower, the space surrounding a bath tap (a) within a room containing a bath or shower, the space surrounding a bath tap or shower head, where the space extends(i) vertically from the finished floor level tovertically from the finished floor level toa height of 2.25 metres; or(aa) a height of 2.25 metres; orthe position of the shower head where it is attached to a wall or (bb) the position of the shower head where it is attached to a wall or ceiling at a point higher than 2.25 metres from that level; andceiling at a point higher than 2.25 metres from that level; and(ii) horizontallywhere there is a bath tub or shower tray, from the edge of the bath (aa) where there is a bath tub or shower tray, from the edge of the bath tub or shower tray to a distance of 0.6 metres; or(bb) where there is no bath tub or shower tray, from the centre point of the shower head where it is attached to the wall or ceiling to a distance of 1.2 metres; ora room containing a swimming pool or sauna heater.",0,19_UK_DocP_ElectricalSafety,accord_official,ACCORD Official,210,1074,0,0,2,0,0,0,0,0,0,1,6,6,7
"(Building work must be carried out so as to ensure that each dwelling is equipped with gigabit-ready physical infrastructure that extends from a network termination point for gigabit-capable public electronic communications networks and reaches (a) a distribution point, or (b) where the person carrying out the building work (the developer) has no right to install gigabit-ready physical infrastructure in land in which it would have to be installed if it were to reach a distribution point, as close as is reasonably practicable to a distribution point, or (c) where the developer has no such right and requirement RA2 is excluded or modified by regulation 44ZC, and would be so excluded or modified even if the gigabit-ready physical infrastructure were required to reach as close as is reasonably practicable to a distribution point(i)  as close as is reasonably practicable to a location at which a distribution point is likely to be installed within the relevant 2year period (a likely future location), or(ii)  where there is no likely future location that is closer to the building than the closest distribution point already installed, an access point for gigabit-capable public electronic communications networks, or(d) where the developer has no right to install gigabit-ready physical infrastructure in land beyond the building, an access point for gigabit-capable public electronic communications networks.",0,1_UK_DocR_V1_InfrastructureForElectircalCommunications,accord_official,ACCORD Official,226,1419,1,0,2,0,0,1,0,0,0,1,8,0,0
"(If the building, or a part of a building, undergoing a material change of use to result in one or more dwellings has, or will have, associated parking that is situated within a covered car park (a) if there are or will be any associated parking spaces situated in a position Others than in a covered car park the requirements of paragraph S2 of Schedule 1 must first be applied in relation to those associated parking spaces; then(ii)   if the number of associated parking spaces, which are situated in a position Others than in a covered car park, is insufficient to completely fulfil the requirements of paragraph S2 of Schedule 1, cable routes for electric vehicle charge points must be installed in(aa)  all the associated parking spaces in the covered car park, where the total number of parking spaces is less than the number of such dwellings with associated parking; or(bb)   the number of associated parking spaces in the covered car park which, when added to the number of associated parking spaces which are situated in a position Others than in a covered car park, corresponds to the total number of such dwellings with associated parking;(b)   if all the associated parking spaces are situated in a covered car park, cable routes for electric vehicle charge points must be installed in all those associated parking spaces, where there are fewer parking spaces than there are such dwellings with associated parking; or(ii)   the number of those associated parking spaces that corresponds to the total number of such dwellings with associated parking.",0,28_UK_DocS_InfrastructureForChargingOfElectricalVehicles,accord_official,ACCORD Official,264,1563,1,1,2,2,0,1,0,0,0,1,12,4,2
"(a) any light well, basement area or similar sunken (b) any light well, basement area or similar sunken area connected to a building, shall be provided with barriers where it is necessary to protect people in or about the building from falling.",1,74_UK_DocK_ProtectionFromFalling,accord_official,ACCORD Official,42,244,1,0,1,0,1,0,0,0,0,1,3,0,0
"(b)   district or block heating or cooling means the distribution of thermal energy in the form of steam, hot water or chilled liquids, from a central source of production through a network of multiple buildings or sites, for the use of space or process heating or cooling.",0,90_UK_DocL_V1_ConsrvationOfFuelAndPower,accord_official,ACCORD Official,47,273,0,0,0,0,0,0,0,0,0,1,3,0,0
"(c)   energy from renewable sources means energy from renewable non-fossil sources, namely wind, solar, aerOthersmal, geOthersmal, hydrOthersmal and ocean energy, hydropower, biomass, landfill gas, sewage treatment plant gas and biogases.",0,91_UK_DocL_V1_ConsrvationOfFuelAndPower,accord_official,ACCORD Official,31,238,0,0,0,0,0,0,0,0,0,1,9,0,0
"(d)   heat pump means a machine, a device or installation that transfers heat from natural surroundings such as air, water or ground to buildings or industrial applications by reversing the natural flow of heat such that it flows from a lower to a higher temperature.",0,92_UK_DocL_V1_ConsrvationOfFuelAndPower,accord_official,ACCORD Official,45,267,0,0,2,0,0,0,0,0,0,1,2,0,0
(ii) Size and location of openings.,0,82_UK_DocA_Structure,accord_official,ACCORD Official,6,35,0,0,0,0,0,0,0,0,0,1,0,0,0
0.1 The guidance in Section 5 deals with the means of meeting this performance criterion.,0,122_UK_DocA_Structure,accord_official,ACCORD Official,16,89,0,0,1,1,0,0,0,0,0,1,0,0,2
0.13  Work to a building in paragraph 0.12 must comply with the energy efficiency requirements where this would not unacceptably alter the buildings character or appearance.,0,15_UK_DocM_V2_AccessAndUseOfBuildings,accord_official,ACCORD Official,28,173,1,0,1,1,0,1,0,0,0,1,0,0,2
0.15  The guidance in Approved Document J should be followed when installing and testing ventilation appliances and combustion appliances must operate safely whether or not fans are running.,0,11_UK_DocO_Overheating,accord_official,ACCORD Official,29,190,2,0,0,0,0,1,1,0,0,1,0,0,1
"0.20 This approved document, Approved Document O, gives guidance on security considerations when providing large openings for removing excess heat.",0,14_UK_DocO_Overheating,accord_official,ACCORD Official,21,147,0,0,1,0,0,0,0,0,0,1,2,0,1
0.3  Requirement K1 applies to means of access outside a building only when the access is part of the building (i.e. attached).,0,9_UK_DocK_ProtectionFromFalling,accord_official,ACCORD Official,24,127,0,0,0,0,0,0,0,0,0,1,0,0,1
"0.4  In the Secretary of States view, for the purposes of the energy efficiency requirements of the Building Regulations, a building means either of the following.",1,2_UK_DocM_V2_AccessAndUseOfBuildings,accord_official,ACCORD Official,27,163,0,0,1,0,0,0,0,0,0,1,2,0,1
0.4  Shared communal rooms and common spaces of buildings containing more than one residential unit fall within the scope of this approved document.,0,2_UK_DocO_Overheating,accord_official,ACCORD Official,24,148,0,0,2,0,0,0,0,0,0,1,0,0,1
"0.5  For the common areas of buildings that contain more than one dwelling, the following guidance applies.",0,4_UK_DocM_V2_AccessAndUseOfBuildings,accord_official,ACCORD Official,18,107,0,0,1,0,0,0,0,0,0,1,1,0,1
1.1  Electrical installations should be designed and installed in accordance with BS 7671:2008 incorporating Amendment No 1:2011.,0,5_UK_DocP_ElectricalSafety,accord_official,ACCORD Official,20,129,1,0,0,0,0,0,1,0,0,1,0,0,5
1.10  Buildings or parts of buildings with crossventilation should equal or exceed the minimum free areas in Table 1.3.,0,36_UK_DocO_Overheating,accord_official,ACCORD Official,21,119,1,1,0,1,0,0,1,0,0,1,0,0,2
1.11  Buildings or parts of buildings with no crossventilation should equal or exceed the minimum free areas in Table 1.4.,0,37_UK_DocO_Overheating,accord_official,ACCORD Official,22,122,1,1,0,1,0,0,1,0,0,1,0,0,2
1.12  Openings should be designed to achieve the free areas in paragraphs 1.10 and 1.11.,0,38_UK_DocO_Overheating,accord_official,ACCORD Official,18,88,1,0,0,1,0,0,1,0,0,1,0,0,3
1.13  The simplified method is not suitable for buildings with more than one residential unit which use a communal heating or hot water system with significant amounts of horizontal heating or hot water distribution pipework.,0,43_UK_DocO_Overheating,accord_official,ACCORD Official,36,225,0,0,1,1,0,0,0,0,0,1,0,0,1
1.17 The requirement to provide equipment such as an optical fibre cable or Others technological means of facilitating a connection to a gigabit-capable public electronic communications network (requirement RA2) is separate to requirement RA1.,0,15_UK_DocR_V1_InfrastructureForElectircalCommunications,accord_official,ACCORD Official,36,243,0,0,1,0,0,0,0,0,0,1,0,0,1
"1.19   For means of escape requirements, refer also to Approved Document B: Volume 1  Dwellinghouses, and Volume 2  Buildings Others than dwellinghouses.",0,40_UK_DocK_ProtectionFromFalling,accord_official,ACCORD Official,23,153,0,0,0,0,0,0,0,0,0,1,2,0,3
"1.2  Requirement R1 is to provide the inbuilding physical infrastructure so that, in future, copper or fibreoptic cables or wireless devices capable of delivering broadband speeds greater than 30 Mbps can be installed.",0,3_UK_DocR_V2_InfrastructureForElectircalCommunications,accord_official,ACCORD Official,34,218,0,1,0,0,0,0,0,0,0,1,2,0,2
"1.20   At the top and bottom of every flight, provide landings the width and length at least as great as the smallest width of the flight (see Diagram 1.6).",0,41_UK_DocK_ProtectionFromFalling,accord_official,ACCORD Official,31,156,0,1,0,1,0,0,0,0,0,1,1,0,2
"1.20 Once the infrastructure has been planned, developers should provide the required particulars to a building control body demonstrating how the proposed approach complies with requirement RA1 and whether any exemptions are to be relied upon.",0,17_UK_DocR_V1_InfrastructureForElectircalCommunications,accord_official,ACCORD Official,37,244,1,0,0,0,0,0,1,0,0,1,1,0,1
"1.21   A landing: a. may include part of the floor of the building;b. should be kept clear of permanent obstructionsc. may have doors to cupboards and ducts that open over a landing at the top of a flight, asshown in Diagram 1.7, but only when they are kept shut or locked shut when under normal use.",0,42_UK_DocK_ProtectionFromFalling,accord_official,ACCORD Official,59,300,2,0,1,0,0,0,1,1,0,1,2,1,2
1.28  Design spiral stairs and helical stairs in accordance with BS 53952.,0,46_UK_DocK_ProtectionFromFalling,accord_official,ACCORD Official,13,74,0,0,0,0,0,0,0,0,0,1,0,0,2
"1.3  The target primary energy rate, target emission rate and target fabric energy efficiency rate for individual dwellings must be calculated using the Governments Standard Assessment Procedure, Appendix R. The standardised properties are summarised in Table 1.1.",0,48_UK_DocL_V1_ConsrvationOfFuelAndPower,accord_official,ACCORD Official,39,264,1,0,0,2,0,1,0,0,0,1,2,0,2
1.31  Do not use retractable ladders as means of escape.,0,49_UK_DocK_ProtectionFromFalling,accord_official,ACCORD Official,11,56,0,0,0,1,0,0,0,0,0,1,0,0,1
"1.4  For the purposes of following the simplified method, it should be identified whether the dwellinghouse or each residential unit, shared communal room and common space is able to have cross-ventilation, i.e. it has openings on opposite faades.",0,24_UK_DocO_Overheating,accord_official,ACCORD Official,42,248,1,0,1,0,0,0,1,0,0,1,3,0,1
"1.6  Regulation 4(3) states that when building work is complete, the building should be no more unsatisfactory in terms of complying with the applicable parts of Schedule 1 to the Building Regulations than before the building work was started.",0,13_UK_DocP_ElectricalSafety,accord_official,ACCORD Official,41,243,1,0,0,1,0,0,1,0,0,1,1,0,4
"1.6  To limit solar gains, all of the following standards should be followed.",0,28_UK_DocO_Overheating,accord_official,ACCORD Official,14,77,1,0,2,0,0,0,1,0,0,1,1,0,1
1.7  Buildings or parts of buildings with crossventilation should not exceed the maximum glazing areas in Table 1.1.,0,31_UK_DocO_Overheating,accord_official,ACCORD Official,20,116,1,2,0,1,0,0,1,0,0,1,0,0,2
1.7 Any new work should be carried out in accordance with BS 7671.,0,15_UK_DocP_ElectricalSafety,accord_official,ACCORD Official,14,66,1,0,0,0,0,0,1,0,0,1,0,0,2
1.8  Buildings or parts of buildings with no crossventilation should not exceed the maximum glazing areas in Table 1.2.,0,32_UK_DocO_Overheating,accord_official,ACCORD Official,21,119,1,2,0,1,0,0,1,0,0,1,0,0,2
"1.8  Reasonable access should be provided for maintaining ventilation systems, including all of the following.",0,29_UK_DocF_V1_Ventilation,accord_official,ACCORD Official,16,110,1,0,1,0,0,0,1,0,0,1,1,0,1
"10.10 As an alternative approach to paragraph 10.9, the area-weighted U-value of all thermal elements in the extension should be shown to not exceed the areaweighted Uvalue of an extension of the same size and shape that complies with paragraph 10.9.",0,419_UK_DocM_V2_AccessAndUseOfBuildings,accord_official,ACCORD Official,46,250,1,1,0,1,0,0,1,0,0,1,1,0,3
"10.11  As an alternative approach to paragraphs 10.9 or 10.10, an approved calculation tool may be used to demonstrate that the building primary energy rate and the building emission rate for the building and proposed extension do not exceed those for the building plus a notional extension.",0,420_UK_DocM_V2_AccessAndUseOfBuildings,accord_official,ACCORD Official,50,291,1,1,1,1,0,0,0,1,0,1,1,0,3
10.2  The minimum standards in paragraphs 4.5 and 4.6 and Table 4.1 should be met for both of the following.,0,407_UK_DocM_V2_AccessAndUseOfBuildings,accord_official,ACCORD Official,24,108,1,1,1,2,0,0,1,0,0,1,0,0,4
"10.5  If a window, pedestrian door or rooflight is enlarged or a new one created, either of the following should be met.",0,410_UK_DocM_V2_AccessAndUseOfBuildings,accord_official,ACCORD Official,23,120,1,0,1,0,0,0,1,0,0,1,2,0,1
11.2  Renovation of a thermal element means one of the following.,0,438_UK_DocM_V2_AccessAndUseOfBuildings,accord_official,ACCORD Official,12,65,0,0,1,0,0,0,0,0,0,1,0,0,1
"11.8  As an alternative to paragraph 11.7, an approved calculation tool may be used to demonstrate that the building primary energy rate and building emission rate from the building after the material change of use would be no greater than if the building had been improved following the guidance in paragraph 11.7.",0,448_UK_DocM_V2_AccessAndUseOfBuildings,accord_official,ACCORD Official,55,315,1,1,0,1,0,0,0,1,0,1,1,0,3
"2(3) In these Regulations thermal element means a wall, floor or roof (but does not include windows, doors, roof windows or rooflights) which separates a thermally conditioned part of the building (the conditioned space) froma.  the external environment (including the ground); or in the case of floors and walls, anOthers part of the building which is i.  unconditioned; ii.",0,467_UK_DocM_V2_AccessAndUseOfBuildings,accord_official,ACCORD Official,60,375,0,0,1,0,0,0,0,0,0,1,4,2,2
"2.00m (25) wide  2.18m (25) high, for doors  3.6 m.",0,127_UK_DocM_V2_AccessAndUseOfBuildings,accord_official,ACCORD Official,13,51,0,0,0,0,0,0,0,0,0,1,1,0,5
2.10  Excess heat should be removed from the residential building by any of the following means.,0,61_UK_DocO_Overheating,accord_official,ACCORD Official,17,96,1,0,1,0,0,0,1,0,0,1,0,0,1
2.13  Requirement RA2 does not apply if the cost of providing either a gigabit-capable public electronic communications network connection or each of the next fastest broadband connections would exceed the cost cap.,0,45_UK_DocR_V1_InfrastructureForElectircalCommunications,accord_official,ACCORD Official,34,215,0,0,0,0,0,0,0,0,0,1,0,0,1
"2.14 In most cases, this notice must be given  to the BCB no later than five days after the  completion of the building work.",0,84_UK_DocG_Sanitation,accord_official,ACCORD Official,25,125,1,0,1,0,0,1,0,0,0,1,1,0,1
"2.15  The developer should contact at least two suitable network operators, and provide evidence to demonstrate that an exemption applies where the offers from the suitable network operators exceed the cost cap.",0,46_UK_DocR_V1_InfrastructureForElectircalCommunications,accord_official,ACCORD Official,33,211,1,1,0,1,0,0,1,0,0,1,1,0,1
2.15 It is permissible for the notice to be served  on the BCB electronically provided the BCB has  stated its willingness to receive the document by  those means and it is delivered to the electronic  address that the body has specified.,0,86_UK_DocG_Sanitation,accord_official,ACCORD Official,42,238,0,0,3,0,0,0,0,0,0,1,0,0,1
"2.17  Where the cost of connection to a gigabit-capable public electronic communications network exceeds the cost cap, connection to the next fastest broadband connection should be provided, in the following order of priority.",0,48_UK_DocR_V1_InfrastructureForElectircalCommunications,accord_official,ACCORD Official,35,226,1,0,1,0,0,0,1,0,0,1,2,0,1
"2.18  As the requirements are technologically neutral, alternative technologies (such as fixed wireless or satellite technologies) should be considered where performance requirements can be met, before consideration is given to installing a slower form of connection.",0,49_UK_DocR_V1_InfrastructureForElectircalCommunications,accord_official,ACCORD Official,37,267,1,0,1,0,0,0,1,0,0,1,2,0,1
"2.2  Where requirement S2 applies, the number of associated parking spaces that have access to an electric vehicle charge point must be a minimum of either of the following.",0,38_UK_DocS_InfrastructureForChargingOfElectricalVehicles,accord_official,ACCORD Official,30,173,1,1,1,0,0,1,0,0,0,1,1,0,1
2.2 Section 2A gives general rules which mustbe observed in following Sections 2B and 2C.,0,12_UK_DocA_Structure,accord_official,ACCORD Official,16,89,1,0,0,1,0,1,0,0,0,1,0,0,1
2.22 The following should be included in costs assessed against the cost cap.,0,51_UK_DocR_V1_InfrastructureForElectircalCommunications,accord_official,ACCORD Official,14,77,1,0,1,0,0,0,1,0,0,1,0,0,1
"2.3  To demonstrate compliance using the dynamic thermal modelling method, all of the following guidance should be followed.",0,46_UK_DocO_Overheating,accord_official,ACCORD Official,19,124,1,0,1,0,0,0,1,0,0,1,1,0,1
"2.6  When a material change of use is made to a building in a class in paragraph 2.3, when installing electric vehicle charge point infrastructure, the aim should be to not harm the character of the building.",0,40_UK_DocS_InfrastructureForChargingOfElectricalVehicles,accord_official,ACCORD Official,39,208,1,0,0,1,0,0,1,0,0,1,2,0,2
"2.6  When systems are capable of being fired by more than one fuel, the following applies, according to the fuel(s).",0,58_UK_DocM_V2_AccessAndUseOfBuildings,accord_official,ACCORD Official,22,116,0,0,1,0,0,0,0,0,0,1,2,0,1
"2.6 Where the fittings approach is used, the  water consumption of the fittings provided must  not exceed the values in Table 2.1.",0,76_UK_DocG_Sanitation,accord_official,ACCORD Official,24,130,1,1,0,1,0,1,0,0,0,1,1,0,2
2.7  Exhaust outlets should be located so that both of the following are achieved.,0,129_UK_DocF_V1_Ventilation,accord_official,ACCORD Official,15,82,1,0,1,0,0,0,1,0,0,1,0,0,1
2.7  Solar gains in summer should be limited by any of the following means.,0,59_UK_DocO_Overheating,accord_official,ACCORD Official,15,75,1,0,1,0,0,0,1,0,0,1,0,0,1
2.9  Regarding the width of a ramp.,0,71_UK_DocK_ProtectionFromFalling,accord_official,ACCORD Official,8,35,0,0,0,0,0,0,0,0,0,1,0,0,1
2.9 The person carrying out the work must  inform the BCB where the optional requirement  applies.,0,80_UK_DocG_Sanitation,accord_official,ACCORD Official,17,98,1,0,0,0,0,1,0,0,0,1,0,0,1
2A1 This section must be used in conjunctionwith sections 2B and 2C and its principles relateto all forms of lowrise residential buildings.,0,14_UK_DocA_Structure,accord_official,ACCORD Official,22,139,1,0,1,1,0,1,0,0,0,1,0,0,0
2A2 Adequate provision shall be made to ensure that the building is stable under the likely imposed and wind loading conditions.,0,15_UK_DocA_Structure,accord_official,ACCORD Official,21,128,1,0,0,1,1,0,0,0,0,1,0,0,0
"2B2 In the geographical areas specified in Table 1, softwood timber for roof constructionor fixed in the roof space, including ceiling joistswithin the void spaces of the roof, should beadequately treated to prevent infestation by thehouse longhorn beetle (Hylotrupes bajulus L.).",0,18_UK_DocA_Structure,accord_official,ACCORD Official,41,280,1,0,1,1,0,0,1,0,0,1,3,0,1
2C1 This section applies to the following building types: a. residential buildings of not more than three storeys; b. small single-storey non-residential buildings; c. small buildings forming annexes to residential buildings (including garages and outbuildings).,0,21_UK_DocA_Structure,accord_official,ACCORD Official,37,262,0,0,2,2,0,0,0,0,0,1,0,2,0
2C10 Internal loadbearing walls in brickwork or blockwork (except compartment walls orseparating walls).,0,39_UK_DocA_Structure,accord_official,ACCORD Official,13,104,0,0,0,0,0,0,0,0,0,1,0,0,0
2C11 Parapet walls.,0,41_UK_DocA_Structure,accord_official,ACCORD Official,3,19,0,0,0,0,0,0,0,0,0,1,0,0,0
2C13 Modular bricks and blocks.,0,43_UK_DocA_Structure,accord_official,ACCORD Official,5,31,0,0,0,0,0,0,0,0,0,1,0,0,0
"2C2 Only the types of wall given in Table 2, which must extend to the full storey height, and parapet walls are considered in this section.",0,23_UK_DocA_Structure,accord_official,ACCORD Official,26,139,1,0,1,2,0,1,0,0,0,1,2,0,1
2C26 Buttressing walls.,0,60_UK_DocA_Structure,accord_official,ACCORD Official,3,23,0,0,0,0,0,0,0,0,0,1,0,0,0
"2C3 When using this section it should be noted that:a. this section must be used in conjunction with section 2A; b. if wall thickness is to be determined according to paragraphs 2C5 to 2C13, all appropriate design conditions given in this section must be satisfied; c. walls should comply with the relevant requirements of BS EN 19962:2006 with itsUK National Annex and additional guidance given in BSI Published Document PD6697:2010, except as regards the conditions given in paragraphs 2C4 and 2C14 to 2C38; d. in formulating the guidance of this section the worst combination of circumstances likely to arise was taken into account.",0,25_UK_DocA_Structure,accord_official,ACCORD Official,106,635,2,0,2,3,0,1,1,0,0,1,2,3,3
"2C35 Walls should be strapped to floors above ground level, at intervals not exceeding 2m and as shown in Diagram 15, by tension straps conforming to BS EN 8451.",0,70_UK_DocA_Structure,accord_official,ACCORD Official,29,161,1,1,0,0,0,0,1,0,0,1,2,0,2
2C36 Gable walls should be strapped to roofs as shown in Diagram 16(a) and (b) by tension straps as described in 2C35.,0,73_UK_DocA_Structure,accord_official,ACCORD Official,23,118,1,0,1,0,0,0,1,0,0,1,0,0,1
2C8 Cavity walls in coursed brickwork or blockwork.,0,34_UK_DocA_Structure,accord_official,ACCORD Official,8,51,0,0,0,0,0,0,0,0,0,1,0,0,0
"3.1  For new buildings Others than residential or mixeduse buildings with more than 10 parking spaces, both of the following apply.",0,66_UK_DocS_InfrastructureForChargingOfElectricalVehicles,accord_official,ACCORD Official,22,131,0,0,1,0,0,0,0,0,0,1,1,0,2
"3.10  Guarding for large openings could include, but is not limited to, either of the following.",0,86_UK_DocO_Overheating,accord_official,ACCORD Official,17,96,0,0,1,0,0,0,0,0,0,1,2,0,1
3.2  Guarding should be provided in accordance with all of the following.,0,78_UK_DocK_ProtectionFromFalling,accord_official,ACCORD Official,13,73,1,0,1,0,0,0,1,0,0,1,0,0,1
3.3  Windows are likely to be closed during sleeping hours if noise within bedrooms exceeds the following limits.,0,76_UK_DocO_Overheating,accord_official,ACCORD Official,19,113,0,0,1,0,0,0,0,0,0,1,0,0,1
"3.34 Where relevant, appropriate pressure, temperature or temperature and pressure activated safety devices should be fitted in addition to a safety device such as an energy cut-out.",1,118_UK_DocG_Sanitation,accord_official,ACCORD Official,29,182,1,0,1,0,0,0,1,0,0,1,2,0,1
"3.37 Temperature relief valves (see paragraph  3.18) should be sized to give a discharge rating  at least equal to the total power input to the  hot water storage system, when measured in  accordance with Appendix F of BS 62832:1991  or BS EN 1490:2000.",0,120_UK_DocG_Sanitation,accord_official,ACCORD Official,47,253,1,2,0,3,0,0,1,0,0,1,1,0,6
"3.38 Temperature relief valve(s) or combined temperature and pressure relief valve(s) (see  paragraph 3.18) should be located directly on the storage vessel, such that the stored water does not exceed 100C.",0,121_UK_DocG_Sanitation,accord_official,ACCORD Official,35,206,1,1,1,2,0,0,1,0,0,1,1,0,2
"3.39 In hot water storage system units  and packages, the temperature relief valve(s)  (see paragraph 3.18) should be:  a. factory fitted and should not be disconnected  Others than for replacement; and  b. not relocated in any Others device or fitting  installed.",0,122_UK_DocG_Sanitation,accord_official,ACCORD Official,44,264,1,0,0,2,0,0,1,0,0,1,1,1,2
3.4 The installer or the installers registration body must within 30 days of the work being completed do both of the following.,0,25_UK_DocP_ElectricalSafety,accord_official,ACCORD Official,23,127,1,0,1,0,0,1,0,0,0,1,0,0,2
"3.6 Within 5 days of completing the work, the installer must notify the registered third-party certifier who, subject to the results of the inspection and testing being satisfactory, should then complete an electrical installation condition report and give it to the person ordering the work.",0,26_UK_DocP_ElectricalSafety,accord_official,ACCORD Official,47,292,3,0,1,0,0,1,1,0,0,1,3,0,2
"3.7  Where an exemption is being relied on, Part B of the connectivity plan should be completed to provide one of the following.",0,62_UK_DocR_V1_InfrastructureForElectircalCommunications,accord_official,ACCORD Official,24,128,1,0,1,0,0,0,1,0,0,1,1,0,1
3.7 The registration body of the thirdparty certifier must within 30 days of a satisfactory condition report being issued do both of the following.,0,28_UK_DocP_ElectricalSafety,accord_official,ACCORD Official,25,147,1,0,1,0,0,1,0,0,0,1,0,0,2
"3.72 Commissioning means the advancement  of these systems from the state of static completion  to working order to achieving compliance with  Part L. For each system it includes settingtowork, regulation (that is testing and adjusting  repetitively) to achieve the specified performance,  the calibration, setting up and testing of the  associated automatic control systems, and  recording of systems and the performance test  results that have been accepted as satisfactory.",0,162_UK_DocG_Sanitation,accord_official,ACCORD Official,69,476,0,0,2,0,0,0,0,0,0,1,4,0,1
"300mm or more: in addition to the ramp, provide two or more clearly signposted steps;b.  less than 300mm: provide a ramp instead of a single step.",0,63_UK_DocK_ProtectionFromFalling,accord_official,ACCORD Official,27,146,0,1,0,0,0,0,0,0,0,1,1,1,0
"4.1  For a building Others than a residential or mixed-use building where all of the following apply, cable routes and electric vehicle charge points must be provided.",0,80_UK_DocS_InfrastructureForChargingOfElectricalVehicles,accord_official,ACCORD Official,29,167,1,0,1,0,0,1,0,0,0,1,1,0,1
4.1  U-values should be assessed using the methods and conventions set out in the Building Research Establishments BR 443.,0,103_UK_DocL_V1_ConsrvationOfFuelAndPower,accord_official,ACCORD Official,21,122,1,0,0,0,0,0,1,0,0,1,0,0,2
"4.12 The Workplace (Health, Safety and  Welfare) Regulations 1992 require that a  minimum number of sanitary conveniences  must be provided in workplaces.",0,185_UK_DocG_Sanitation,accord_official,ACCORD Official,23,154,1,1,0,0,0,1,0,0,0,1,1,0,2
"4.16  In new residential buildings, as defined in Table 0.1 of Approved Document O, solar gains should be limited in summer in accordance with the guidance in Approved Document O.",0,165_UK_DocM_V2_AccessAndUseOfBuildings,accord_official,ACCORD Official,32,179,1,0,0,1,0,0,1,0,0,1,2,0,2
4.2  Barriers should be provided in accordance with all of the following.,0,82_UK_DocK_ProtectionFromFalling,accord_official,ACCORD Official,13,73,1,0,1,0,0,0,1,0,0,1,0,0,1
"4.2  Commissioning should be carried out in accordance with CIBSEs Commissioning Code M.4.3  Ventilation ductwork commissioning should take account of guidance in BESAs DW 144 for metal ductwork, DW 154 for plastic ductwork and DW 143 for ductwork air leakage testing.",0,95_UK_DocF_V2_Ventilation,accord_official,ACCORD Official,44,268,1,0,0,0,0,0,1,0,0,1,1,0,5
"4.24 In a new system, all of the following new pipework should be insulated.",0,199_UK_DocL_V1_ConsrvationOfFuelAndPower,accord_official,ACCORD Official,15,76,1,0,1,0,0,0,1,0,0,1,1,0,1
"4.3 A Home User Guide should be provided for new dwellings as described in Section 9 of Approved Document L, Volume 1: Dwellings.",0,99_UK_DocO_Overheating,accord_official,ACCORD Official,24,129,1,0,1,1,0,0,1,0,0,1,1,0,3
"4.4  Where there is a danger of people falling, loading bays should be provided with guarding as per the guidance provided in this approved document.",0,86_UK_DocK_ProtectionFromFalling,accord_official,ACCORD Official,26,149,1,0,1,0,0,0,1,0,0,1,1,0,1
"4.7  For all ductwork and terminals, the following checks should be made and the results recorded in the checklist in Appendix C.4.8.",0,194_UK_DocF_V1_Ventilation,accord_official,ACCORD Official,25,133,1,0,1,1,0,0,1,0,0,1,1,0,2
4.9  The air flow rate of all mechanical ventilation fans should be tested.,1,210_UK_DocF_V1_Ventilation,accord_official,ACCORD Official,14,75,1,0,0,0,0,0,1,0,0,1,0,0,1
5) should be made to convert it to an appropriate seasonal efficiency.,0,504_UK_DocM_V2_AccessAndUseOfBuildings,accord_official,ACCORD Official,12,70,1,0,1,0,0,0,1,0,0,1,0,0,1
"5.2 Details of the effective horizontal andvertical ties including tie force determination,together with the design approaches for checking the integrity of the building following the notional removal of vertical members and the design of key elements, are given in the following.",0,127_UK_DocA_Structure,accord_official,ACCORD Official,43,280,0,0,1,0,0,0,0,0,0,1,2,0,1
5.3 Definitions.,0,128_UK_DocA_Structure,accord_official,ACCORD Official,3,16,0,0,0,0,0,0,0,0,0,1,0,0,1
5.7  Small panes should be provided in accordance with all of the following.,0,94_UK_DocK_ProtectionFromFalling,accord_official,ACCORD Official,14,76,1,0,1,0,0,0,1,0,0,1,0,0,1
"55dB LAFmax, more than 10 times a night (between 11pm and 7am).",0,77_UK_DocO_Overheating,accord_official,ACCORD Official,12,63,0,0,0,0,0,0,0,0,0,1,1,0,1
"6.3 In all buildings Others than dwellings,  there should be at least the same provision as  described in 6.1.",0,202_UK_DocG_Sanitation,accord_official,ACCORD Official,21,110,1,1,0,0,0,0,1,0,0,1,1,0,2
"6.6  Where an electric vehicle charge point is sited to serve more than one parking space if the electric vehicle charge point should allow all spaces to be used at the same time for recharging  for example, an electric vehicle charge point with multiple outlets, where each outlet has the functionality described in paragraph 6.2.",0,105_UK_DocS_InfrastructureForChargingOfElectricalVehicles,accord_official,ACCORD Official,57,331,1,0,0,1,0,0,1,0,0,1,2,0,2
6.61  General lighting and display lighting should be metered by one of the following methods.,0,316_UK_DocM_V2_AccessAndUseOfBuildings,accord_official,ACCORD Official,16,94,1,0,1,0,0,0,1,0,0,1,0,0,1
"6.7  For each parking space that requires cable routes, the following apply.",0,106_UK_DocS_InfrastructureForChargingOfElectricalVehicles,accord_official,ACCORD Official,13,76,0,0,1,0,0,0,0,0,0,1,1,0,1
"6.8  When cable routes are being installed, a suitable strategy should be identified that meets both of the following.",0,109_UK_DocS_InfrastructureForChargingOfElectricalVehicles,accord_official,ACCORD Official,20,118,1,0,1,1,0,0,1,0,0,1,1,0,1
"6.9  As part of the cable routes, a dedicated safe and unobstructed route should be made from the electrical supply point to each identified future connection location that complies with both of the following.",0,110_UK_DocS_InfrastructureForChargingOfElectricalVehicles,accord_official,ACCORD Official,35,209,1,0,1,0,0,0,1,0,0,1,1,0,1
75mm if the wall forms part of a dwelling house and does not exceed 6m in total height and 10m in length; and c. 90mm in Others cases.,0,62_UK_DocA_Structure,accord_official,ACCORD Official,28,134,0,1,0,0,0,0,0,0,0,1,0,1,0
8.6  Any commissioning should be carried out in accordance with all of the following procedures.,0,378_UK_DocM_V2_AccessAndUseOfBuildings,accord_official,ACCORD Official,16,96,1,0,1,0,0,0,1,0,0,1,0,0,1
8.7  A commissioning notice must be given to the relevant building control body and the building owner confirming that commissioning has been carried out for the installed fixed building services and onsite electricity generation according to the procedures in this section.,0,380_UK_DocM_V2_AccessAndUseOfBuildings,accord_official,ACCORD Official,42,274,1,0,1,1,0,1,0,0,0,1,0,0,1
8.8  The notice of completion of commissioning should be given as follows.,0,381_UK_DocM_V2_AccessAndUseOfBuildings,accord_official,ACCORD Official,13,74,1,0,0,0,0,0,1,0,0,1,0,0,1
"800mm wide and 1250mm deep, where the lifting platform is not enclosed and where provision is being made for an unaccompanied wheelchair user.",0,118_UK_DocM_V2_AccessAndUseOfBuildings,accord_official,ACCORD Official,23,142,0,0,0,0,0,0,0,0,0,1,1,0,0
"A Home User Guide should be provided for a new dwelling as described in Section 9 of Approved Document L, Volume 1: Dwellings.",0,232_UK_DocF_V1_Ventilation,accord_official,ACCORD Official,23,126,1,0,1,1,0,0,1,0,1,1,1,0,2
A bathroom must be provided containing a wash basin and either a fixed bath or a shower.,1,190_UK_DocG_Sanitation,accord_official,ACCORD Official,17,88,1,0,0,0,0,1,0,0,1,1,0,0,0
"A building automation and control system installed in a new or existing building, where the building meets the space heating or cooling criteria in paragraphs 6.66 and 6.67, should be capable of carrying out all of the following functions.",0,328_UK_DocM_V2_AccessAndUseOfBuildings,accord_official,ACCORD Official,41,239,1,0,1,1,0,0,1,0,1,1,2,0,2
A building that contains both living accommodation and space for commercial purposes (e.g. for a workshop or office) should be treated as a dwelling if the commercial part can be reverted to domestic use.,1,17_UK_DocL_V1_ConsrvationOfFuelAndPower | 23_UK_DocM_V2_AccessAndUseOfBuildings,accord_official,ACCORD Official,35,204,1,0,0,0,0,0,1,0,1,1,0,0,0
A calibrated air flow device with a proprietary hood should be used to measure the air flow rates at each room terminal following the procedure detailed below.,0,211_UK_DocF_V1_Ventilation,accord_official,ACCORD Official,27,159,1,0,0,0,0,0,1,0,1,1,0,0,0
A cavity wall may be insulated with UF foam where : a. the inner leaf of the wall is built of masonry (bricks or blocks); and b. the suitability of the wall for foam filling is assessed before the work is carried out in accordance with BS 8208-1:1985 Guide to assessment of suitability of external cavity walls for filling with thermal insulants.,0,16_UK_DocD_ToxicSubstances,accord_official,ACCORD Official,63,346,1,0,0,0,0,0,0,1,1,1,0,1,3
A coefficient of performance (COP) that is not less than the value in Table 6.8.,0,292_UK_DocM_V2_AccessAndUseOfBuildings,accord_official,ACCORD Official,16,80,0,2,0,1,0,0,0,0,1,1,0,0,1
A commissioning notice must be given to the building control body.,1,181_UK_DocF_V1_Ventilation,accord_official,ACCORD Official,11,66,1,0,0,0,0,1,0,0,1,1,0,0,0
A commissioning notice must be given to the relevant building control body confirming that commissioning has been carried out for the installed fixed building services and on-site electricity generation according to the procedures in this section.,0,376_UK_DocL_V1_ConsrvationOfFuelAndPower,accord_official,ACCORD Official,37,247,1,0,1,1,0,1,0,0,1,1,0,0,0
"A commissioning plan should be produced, identifying both of the following.",0,373_UK_DocL_V1_ConsrvationOfFuelAndPower,accord_official,ACCORD Official,11,75,1,0,1,0,0,0,1,0,1,1,1,0,0
A conservatory or porch must have thermal separation from the existing building.,0,424_UK_DocM_V2_AccessAndUseOfBuildings,accord_official,ACCORD Official,12,80,1,0,0,0,0,1,0,0,1,1,0,0,0
A conservatory or porch must have thermal separation from the existing dwelling.,1,431_UK_DocL_V1_ConsrvationOfFuelAndPower,accord_official,ACCORD Official,12,80,1,0,0,0,0,1,0,0,1,1,0,0,0
A consistent indoor CO2 value of less than 800ppm is likely to indicate that a space is well ventilated.,0,127_UK_DocF_V2_Ventilation,accord_official,ACCORD Official,19,104,0,1,0,0,0,0,0,0,1,1,0,0,0
A continuous mechanical extract ventilation system could consist of one of the following.,0,99_UK_DocF_V1_Ventilation,accord_official,ACCORD Official,13,89,0,0,1,0,0,0,0,0,1,1,0,0,0
A continuous mechanical extract ventilation system should be installed by following the guidance in paragraphs 1.60 to 1.66.,0,79_UK_DocF_V1_Ventilation,accord_official,ACCORD Official,20,124,1,0,0,1,0,0,1,0,1,1,0,0,2
A copy of the completed commissioning sheet in Appendix C should be given to the owner of the dwelling.,0,225_UK_DocF_V1_Ventilation,accord_official,ACCORD Official,19,103,1,0,0,1,0,0,1,0,1,1,0,0,0
A copy of the completed commissioning sheet should be given to the owner of the building.,1,99_UK_DocF_V2_Ventilation,accord_official,ACCORD Official,16,89,1,0,0,0,0,0,1,0,1,1,0,0,0
"A copy should be submitted to the building control body as evidence that the system has been correctly installed, inspected and commissioned.",1,265_UK_DocF_V1_Ventilation,accord_official,ACCORD Official,22,141,1,0,0,0,0,0,1,0,1,1,1,0,0
A design air permeability lower than 5m3/(hm2) at 50Pa.,0,237_UK_DocF_V1_Ventilation,accord_official,ACCORD Official,10,55,0,0,0,0,0,0,0,0,1,1,0,0,0
A district heat network that is being connected to a new building should not have a CO2 emission factor for delivered heat to the building which is greater than 0.350kgCO2/kWh.,1,336_UK_DocM_V2_AccessAndUseOfBuildings,accord_official,ACCORD Official,32,176,1,1,0,0,0,0,1,0,1,1,0,0,1
A dwelling that is only a basement should be treated as a single-storey dwelling above ground level.,1,74_UK_DocF_V1_Ventilation,accord_official,ACCORD Official,18,100,1,0,0,0,0,0,1,0,1,1,0,0,0
A dwelling with a basement that is not connected to the rest of the dwelling above ground level by a large permanent opening should be considered as follows.,0,70_UK_DocF_V1_Ventilation,accord_official,ACCORD Official,28,157,1,0,0,0,0,0,1,0,1,1,0,0,0
"A factory-made modular building that meets the following criteria:i. the floor area is less than 500m2; ii. the building has a planned service life of more than two years, where the intended time ofuse in a single location is less than two years; iii. no site assembly work is needed Others than linking standard modules using standard linkdetails.",0,348_UK_DocM_V2_AccessAndUseOfBuildings,accord_official,ACCORD Official,60,348,0,1,1,0,0,0,0,0,1,1,1,2,0
A fixed electrical supply for the network termination point and associated distribution equipment should be provided at the network termination point.,1,42_UK_DocR_V1_InfrastructureForElectircalCommunications,accord_official,ACCORD Official,21,150,1,0,0,0,0,0,1,0,1,1,0,0,0
A hot water system that has a hot water storage vessel shall incorporate precautions to: (a) prevent the temperature of the water stored in the vessel at any time exceeding 100C; and (b) ensure that any discharge from safety devices is safely conveyed to where it is visible but will not cause a danger to persons in or about the building.,1,89_UK_DocG_Sanitation,accord_official,ACCORD Official,61,339,1,0,1,0,1,0,0,0,1,1,0,1,0
"A hot water system, including any cistern or Others vessel that supplies water to or receives expansion water from a hot water system, shall be designed, constructed and installed so as to resist the effects of temperature and pressure that may occur either in normal use or in the event of such malfunctions as may reasonably be anticipated, and must be adequately supported.",1,88_UK_DocG_Sanitation,accord_official,ACCORD Official,63,376,3,0,1,0,1,1,0,1,1,1,4,0,0
"A key element, as referred to in paragraph 5.1d, should be capable of sustaining an accidental design loading of 34kN/m2 applied in the horizontal and vertical directions (in one directionat a time) to the member and any attached components (e.g. cladding etc.) having regard to the ultimate strength of such components and
their connections.",0,131_UK_DocA_Structure,accord_official,ACCORD Official,57,342,1,0,1,1,0,0,1,0,1,1,2,0,1
"A larger amount of purge ventilation may be required than that in Approved Document F, Volume 1: Dwellings in order to satisfy requirement O1 on providing an adequate means to remove excess heat from the indoor environment.",0,69_UK_DocO_Overheating,accord_official,ACCORD Official,37,223,1,0,0,0,0,0,0,1,1,1,1,0,1
"A level approach (from the boundary of the site and from car parking spaces designated for disabled people to the principal entrance, to a staff entrance or to an alternative accessible entrance) will satisfy Requirement M1 or M2 if: a. it has a surface width of at least 1.5m, with passing places, free of obstructions to a height of 2.1m; b. passing places at least 1.8m wide and at least 2m long are provided within sight of each Others (the width of the passing place may be included in the width of the level approach), but in any case spaced at a distance no greater than 50m ; c. the gradient along its length is either no steeper than 1:60 along its whole length, or less steep than 1:20 with level landings (see 1.26(k)) introduced for each 500mm rise of the access (where necessary, between landings), in all cases with a cross-fall gradient no steeper than 1:40; d. its surface is firm , durable and slip resistant , with undulations not exceeding 3mm under a 1m straight edge for formless materials.",0,44_UK_DocM_V2_AccessAndUseOfBuildings,accord_official,ACCORD Official,187,1011,1,3,1,1,0,0,0,1,1,1,9,3,10
A major renovation is when more than 25 of the surface area of the external building envelope is renovated.,0,440_UK_DocM_V2_AccessAndUseOfBuildings | 446_UK_DocL_V1_ConsrvationOfFuelAndPower,accord_official,ACCORD Official,19,107,0,0,0,0,0,0,0,0,1,1,0,0,1
"A material change of use, in relation to buildings Others than dwellings, is when a building satisfies any of the following: is used as a hotel or a boarding house, where previously it was notis used as an institution, where previously it was notis used as a public building, where previously it was not d.  is not described in classes 1 to 6 in Schedule 2, where previously it was e.  contains a room for residential purposes, where previously it did not f.  contains at least one room for residential purposes, having previously had a greater or lesser number of rooms for residential purposesis used as a shop where previously it was not.",0,442_UK_DocM_V2_AccessAndUseOfBuildings,accord_official,ACCORD Official,113,641,0,1,2,1,0,0,0,0,1,1,8,0,3
"A material change of use, in relation to dwellings, is when a building satisfies any of the following: is used as a dwelling, where previously it was not b.  contains a flat, where previously it did not c.  contains a greater or lesser number of dwellings than it did, having previously contained at least one dwelling.",0,448_UK_DocL_V1_ConsrvationOfFuelAndPower,accord_official,ACCORD Official,56,319,0,1,2,0,0,0,0,0,1,1,5,0,0
"A minimum 1500mm clear turning circle, clear of the liftway door when open at 90 degrees, could be provided in front of the liftway door at every floor level, as shown in Diagram 3.7.",0,85_UK_DocM_V1_AccessAndUseOfBuildings,accord_official,ACCORD Official,35,183,0,1,0,0,0,0,0,0,1,1,3,0,2
A minimum of one in five of the remaining parking spaces must have access to cable routes.,1,83_UK_DocS_InfrastructureForChargingOfElectricalVehicles,accord_official,ACCORD Official,17,90,1,1,0,0,0,1,0,0,1,1,0,0,0
A new building must be built to a minimum standard of total energy performance.,1,47_UK_DocM_V2_AccessAndUseOfBuildings,accord_official,ACCORD Official,14,79,1,1,0,0,0,1,0,0,1,1,0,0,0
A new district heat network should be taken as meaning any Others district heat network.,1,284_UK_DocL_V1_ConsrvationOfFuelAndPower | 69_UK_DocM_V2_AccessAndUseOfBuildings | 83_UK_DocL_V1_ConsrvationOfFuelAndPower,accord_official,ACCORD Official,15,88,1,0,0,0,0,0,1,0,1,1,0,0,0
A new dwelling must be built to a minimum standard of total energy performance.,1,46_UK_DocL_V1_ConsrvationOfFuelAndPower,accord_official,ACCORD Official,14,79,1,1,0,0,0,1,0,0,1,1,0,0,0
A newly constructed building must be shown to meet regulations 26 and 26C by producing calculations to show that the building meets both of the following.,0,43_UK_DocM_V2_AccessAndUseOfBuildings,accord_official,ACCORD Official,26,154,1,0,1,0,0,1,0,0,1,1,0,0,1
"A newly constructed dwelling must be shown to meet regulations 26, 26A and 26C by producing calculations to show that the dwelling meets all of the following.",0,42_UK_DocL_V1_ConsrvationOfFuelAndPower,accord_official,ACCORD Official,27,158,1,0,1,0,0,1,0,0,1,1,1,0,1
A notice of the measured air flow rates must be given to the building control body.,1,183_UK_DocF_V1_Ventilation,accord_official,ACCORD Official,16,83,1,0,0,0,0,1,0,0,1,1,0,0,0
A passenger lift is the most suitable means of vertical access and should be provided wherever possible.,1,103_UK_DocM_V2_AccessAndUseOfBuildings,accord_official,ACCORD Official,17,104,1,0,0,1,0,0,1,0,1,1,0,0,0
"A person wishing to take advantage of this exemption would need to demonstrate to a building control body that in the particular case the cost of compliance would be unreasonable, taking into account the work required and the available alternative means of high-speed broadband delivery.",0,5_UK_DocR_V2_InfrastructureForElectircalCommunications,accord_official,ACCORD Official,46,287,0,0,1,0,0,0,0,0,1,1,1,0,0
A place containing a sanitary  convenience and/or associated hand washing  facilities should be separated by a door from any  place used for the preparation of food (including  a kitchen) (see Diagrams 2 and 3).,0,181_UK_DocG_Sanitation,accord_official,ACCORD Official,35,211,1,0,0,1,0,0,1,0,1,1,0,0,2
A place containing a sanitary convenience and/or associated hand washing facilities should be separated by a door from any place used for the preparation of food (including  a kitchen).,1,187_UK_DocG_Sanitation,accord_official,ACCORD Official,30,185,1,0,0,0,0,0,1,0,1,1,0,0,0
"A power socket, suitable for powering the lifting device, is provided close to the liftway.",1,109_UK_DocM_V1_AccessAndUseOfBuildings,accord_official,ACCORD Official,15,91,0,0,0,1,0,0,0,0,1,1,2,0,0
A process flow sequence that has been provided to the building control body indicating the way in which the detail should be constructed.,0,155_UK_DocM_V2_AccessAndUseOfBuildings,accord_official,ACCORD Official,23,137,1,0,0,0,0,0,1,0,1,1,0,0,0
"A proportion of the sleeping accommodation in hotels, motels and student accommodation should be designed for independent use by wheelchair users.",1,129_UK_DocM_V2_AccessAndUseOfBuildings,accord_official,ACCORD Official,21,146,1,0,0,0,0,0,1,0,1,1,1,0,0
"A ramp surface should be selected in accordance with both of the following: a. Use a ramp surface that is slip resistant, especially when wet, and a colour that will contrastvisually with that of the landings; b. Ensure that the frictional characteristics of the ramp and landing surfaces are similar.",0,58_UK_DocK_ProtectionFromFalling,accord_official,ACCORD Official,50,301,1,0,1,0,0,0,1,0,1,1,2,1,0
"A ramped access will satisfy Requirement M1 or M2 if:a. either it is readily apparent or the approach to it is clearly sign-posted; b. the gradient of a ramp flight and its going between landings are in accordance with Table 1 and Diagram 3 ; c. no flight has a going greater than 10m , or a rise of more than 500mm ; d. there is an alternative means of access for wheelchair users , e.g.",0,51_UK_DocM_V2_AccessAndUseOfBuildings,accord_official,ACCORD Official,75,388,0,1,1,1,0,0,0,0,1,1,2,3,2
A recirculating cooker hood on its own does not provide a means of ventilation that complies with Part F of the Building Regulations.,0,37_UK_DocF_V1_Ventilation,accord_official,ACCORD Official,23,133,0,0,0,0,0,0,0,0,1,1,0,0,0
A replacement fixed building service should be at least as efficient as the value set out in Section 6 and should comply with either of the following.,0,197_UK_DocM_V2_AccessAndUseOfBuildings | 225_UK_DocL_V1_ConsrvationOfFuelAndPower,accord_official,ACCORD Official,27,150,1,1,1,1,0,0,1,0,1,1,0,0,1
A seasonal coefficient of performance (SCOP) rating for the median temperature range in  BS EN 14825 of at least D.,0,291_UK_DocM_V2_AccessAndUseOfBuildings,accord_official,ACCORD Official,20,115,0,1,0,0,0,0,0,0,1,1,0,0,1
A significant change in roof loading is when the loading upon the roof is increased by more than 15%.,0,118_UK_DocA_Structure,accord_official,ACCORD Official,19,101,0,0,0,0,0,0,0,0,1,1,0,0,1
A sink should be provided in any kitchen or place used for the preparation of food.,1,200_UK_DocG_Sanitation,accord_official,ACCORD Official,16,83,1,0,0,0,0,0,1,0,1,1,0,0,0
A solar collector area of less than 20m2.,0,319_UK_DocL_V1_ConsrvationOfFuelAndPower,accord_official,ACCORD Official,8,41,0,1,0,0,0,0,0,0,1,1,0,0,0
A solar heated water storage volume of less than 440 litres.,0,320_UK_DocL_V1_ConsrvationOfFuelAndPower,accord_official,ACCORD Official,11,60,0,1,0,0,0,0,0,0,1,1,0,0,1
"A space alongside the leading edge of a door should be provided to enable a wheelchair user to reach and grip the door handle, then open the door without releasing hold on the handle and without the footrest colliding with the return wall.",1,70_UK_DocM_V2_AccessAndUseOfBuildings,accord_official,ACCORD Official,43,239,1,0,0,0,0,0,1,0,1,1,1,0,0
A step-free approach route should be provided to all private entrances.,1,71_UK_DocM_V1_AccessAndUseOfBuildings,accord_official,ACCORD Official,12,71,1,0,0,0,0,0,1,0,1,1,0,0,0
"A stepped access will satisfy Requirement M1 or M2 if:a. a level landing is provided at the top and bottom of each flight; b. the unobstructed length of each landing is not less than 1200mm ; c. a corduroy hazard warning surface is provided at top and bottom landings of a series of flights to give advance warning of a change in level in accordance with Diagram 4 ; d. where there is side access onto an intermediate landing , a corduroy hazard warning surface 400mm deep is provided either on the intermediate landing 400mm from both upper and lower flights , if there is sufficient space to accommodate the surface outside the line of the side access , or within the side access 400mm from the intermediate landing if there is a continuous handrail opposite the side access ; e. no doors swing across landings; f. it has flights whose surface width between enclosing walls, strings or upstands is not less than 1.2m ; g. there are no single steps; h. the rise of a flight between landings contains no more than 12 risers for a going of less than 350mm and no more than 18 risers for a going of 350mm or greater (see Diagram 5 ); i. all nosings are made apparent by means of a permanently contrasting material 55mm wide on both the tread and the riser ; j. the projection of a step nosing over the tread below is avoided but, if necessary, not more than 25mm (see Diagram 6 ); k. the rise and going of each step is consistent throughout a flight ; l. the rise of each step is between 150mm and 170mm, except adjacent to existing buildings where, due to dimensional constraints, the case for a different rise is agreed with the building control body;m. the going of each step is between 280mm and 425mm;n. rises are not open ; o. there is a continuous handrail on each side of a flight and landings ; p. additional handrails divide the flight into channels not less than 1m wide and not more than 1.8m wide where the overall unobstructed width is more than 1.8m .",0,56_UK_DocM_V2_AccessAndUseOfBuildings,accord_official,ACCORD Official,355,1964,0,3,1,1,0,0,0,0,1,1,9,15,8
A submission to the building control body should be made to show that the community heating system or district heat network has the capacity to provide the percentage of heat that is assumed.,0,80_UK_DocL_V1_ConsrvationOfFuelAndPower,accord_official,ACCORD Official,33,191,1,0,0,0,0,0,1,0,1,1,0,0,0
A suitable chemical inhibitor should be added to the primary heating circuit to protect against scale and corrosion.,1,217_UK_DocM_V2_AccessAndUseOfBuildings | 380_UK_DocL_V1_ConsrvationOfFuelAndPower,accord_official,ACCORD Official,18,116,1,0,1,1,0,0,1,0,1,1,0,0,0
"A suitable position for at least one network termination point should be identified for the erection of a new building Others than a dwelling, for an existing building (including an existing individual dwelling) that is subject to major renovation works, and for each dwelling in an existing multidwelling building that is subject to major renovation works.",1,7_UK_DocR_V2_InfrastructureForElectircalCommunications,accord_official,ACCORD Official,56,357,1,1,0,1,0,0,1,0,1,1,2,0,0
A suitable sink must be provided in any area where food is prepared.,1,198_UK_DocG_Sanitation,accord_official,ACCORD Official,13,68,1,0,0,1,0,1,0,0,1,1,0,0,0
A system for purge ventilation should be provided in each habitable room.,1,46_UK_DocF_V1_Ventilation,accord_official,ACCORD Official,12,73,1,0,0,1,0,0,1,0,1,1,0,0,0
"A target primary energy rate, target emission rate, building primary energy rate and the building emission rate should be calculated for non-exempt buildings with low energy demand.",1,102_UK_DocM_V2_AccessAndUseOfBuildings,accord_official,ACCORD Official,28,181,1,0,0,0,0,0,1,0,1,1,2,0,0
"A threshold that is level or, if raised, has a total height of not more than 15mm, a minimum number of upstands and slopes and with any upstands higher than 5mm chamfered.",1,129_UK_DocM_V1_AccessAndUseOfBuildings,accord_official,ACCORD Official,32,171,0,1,0,0,0,0,0,0,1,1,3,0,0
"A unit that contains both living accommodation and space for commercial purposes (e.g. as aworkshop or office) should be treated as a residential building, as long as the commercial part canrevert to residential use.",1,3_UK_DocO_Overheating,accord_official,ACCORD Official,35,216,1,0,1,0,0,0,1,0,1,1,1,0,0
A unit that contains both living accommodation and space for commercial purposes (e.g. for a workshop or office) should be treated as a dwelling if the commercial part can be reverted to domestic use.,1,7_UK_DocF_V1_Ventilation | 7_UK_DocF_V2_Ventilation,accord_official,ACCORD Official,35,200,1,0,1,0,0,0,1,0,1,1,0,0,0
A volume equivalent to at least 80 of the daily hot water demand (as defined by the Standard Assessment Procedure).,0,328_UK_DocL_V1_ConsrvationOfFuelAndPower,accord_official,ACCORD Official,20,115,0,1,0,0,0,0,0,0,1,1,0,0,1
"A wide range of people, including accompanied wheelchair users, should be able to access and use the lift.",1,49_UK_DocM_V1_AccessAndUseOfBuildings,accord_official,ACCORD Official,18,106,1,0,0,0,0,0,1,0,1,1,2,0,0
A window within 2m vertically of a flat or sloping roof (with a pitch of less than 30 degrees) that is within 3.5m of ground level.,0,102_UK_DocO_Overheating,accord_official,ACCORD Official,27,131,0,1,0,0,0,0,0,0,1,1,0,0,2
"A11 Where more than one type of WC is  provided, the average effective flushing volume is  calculated using Table A2.7 below.",0,224_UK_DocG_Sanitation,accord_official,ACCORD Official,22,125,0,0,0,1,0,0,0,0,1,1,1,0,1
"A16 Where all WCs and/or washing machines  are being supplied with greywater, the  consumption values should be copied from  Column 4 of Table A1 and entered into Table A4.6  to calculate the greywater savings.",0,231_UK_DocG_Sanitation,accord_official,ACCORD Official,36,210,1,0,0,1,0,0,1,0,1,1,1,0,2
"A20 Where a communal greywater system is  to be provided supplying more than one home,  Tables A4.1 to A4.5 can be used in the same  way.",0,236_UK_DocG_Sanitation,accord_official,ACCORD Official,28,137,0,0,0,1,0,0,0,0,1,1,1,0,2
"A21 Where rainwater is to be used, the  following calculation method should be followed  by entering the relevant details into Table A5.1 or  Table A5.2 to calculate the rainwater collection  volume.",0,239_UK_DocG_Sanitation,accord_official,ACCORD Official,33,199,1,0,0,1,0,0,1,0,1,1,1,0,2
A3 In some cases rainwater harvesting and  greywater recycling may be used as a means of  reducing water consumption to achieve higher  water efficiency performance levels.,0,212_UK_DocG_Sanitation,accord_official,ACCORD Official,26,172,1,0,0,0,0,0,0,1,1,1,0,0,0
A5 Figures from manufacturers product  details should be entered into Table A1 to  calculate the consumption of each fitting in litres  per person per day.,0,214_UK_DocG_Sanitation,accord_official,ACCORD Official,25,155,1,0,0,2,0,0,1,0,1,1,0,0,0
"A9 Where the average flow rate/volume is  lower than the proportionate flow rate/volume,  the proportionate figure must be entered into  Table A1.",0,220_UK_DocG_Sanitation,accord_official,ACCORD Official,24,146,1,0,0,2,0,1,0,0,1,1,1,0,0
APPENDIX A WATER EFFICIENCY CALCULATOR FOR NEW DWELLINGS.,0,223_UK_DocG_Sanitation | 235_UK_DocG_Sanitation,accord_official,ACCORD Official,8,57,0,0,0,1,0,0,0,0,1,1,0,0,0
Acceptable level of performance.,0,11_UK_DocD_ToxicSubstances,accord_official,ACCORD Official,4,32,0,0,0,1,0,0,0,0,1,1,0,0,0
Acceptable strategies for reducing overheating risk.,0,57_UK_DocO_Overheating,accord_official,ACCORD Official,6,52,0,0,0,1,0,0,0,0,1,1,0,0,0
Access for maintenance.,0,24_UK_DocF_V2_Ventilation | 28_UK_DocF_V1_Ventilation,accord_official,ACCORD Official,3,23,0,0,0,0,0,0,0,0,1,1,0,0,0
Access requirements must be considered when locating electric vehicle charge points.,1,3_UK_DocS_InfrastructureForChargingOfElectricalVehicles,accord_official,ACCORD Official,11,84,1,0,0,0,0,1,0,0,1,1,0,0,0
Accessible entrances should be clearly sign-posted and easily recognisable.,1,62_UK_DocM_V2_AccessAndUseOfBuildings,accord_official,ACCORD Official,10,75,1,0,0,0,0,0,1,0,1,1,0,0,0
Accessible parking spaces must meet the Part M requirements.,1,4_UK_DocS_InfrastructureForChargingOfElectricalVehicles,accord_official,ACCORD Official,9,60,1,0,0,0,0,1,0,0,1,1,0,0,0
Accessible threshold.,0,128_UK_DocM_V1_AccessAndUseOfBuildings,accord_official,ACCORD Official,2,21,0,0,0,0,0,0,0,0,1,1,0,0,0
"Accessible, with respect to buildings or parts of buildings, means that people, regardless of disability, age or gender, are able to gain access.",0,27_UK_DocM_V2_AccessAndUseOfBuildings,accord_official,ACCORD Official,23,145,0,0,0,0,0,0,0,0,1,1,5,0,0
Account should be taken of outside noise when considering whether openable windows are appropriate for purge ventilation.,1,24_UK_DocF_V1_Ventilation,accord_official,ACCORD Official,17,121,1,0,0,0,0,0,1,0,1,1,0,0,0
Accreditation of a certification body by a national accreditation body belonging to the European cooperation for Accreditation (EA) provides a means of demonstrating that their certification scheme can be relied upon.,0,8_UK_Doc7_Materials_and_workmanship,accord_official,ACCORD Official,31,217,0,0,0,0,0,0,0,0,1,1,0,0,0
Act 1974 BESA TR 40 Guide to Good Practice for Local Exhaust Ventilation (2020).,0,63_UK_DocF_V2_Ventilation,accord_official,ACCORD Official,14,80,0,0,0,0,0,0,0,0,1,1,0,0,3
Action should be taken to improve ventilation if CO2 readings are consistently higher than 1500ppm.,0,128_UK_DocF_V2_Ventilation,accord_official,ACCORD Official,15,99,1,0,0,0,0,0,1,0,1,1,0,0,0
"Activation (e.g. motion sensors and push buttons), safety features and the time-lapse allowed for entry and exit through powered door systems should be carefully considered to suit the needs of people who cannot react quickly.",1,73_UK_DocM_V2_AccessAndUseOfBuildings,accord_official,ACCORD Official,37,226,2,0,1,0,0,0,1,0,1,1,1,0,0
Addition of a conservatory to an existing building.,0,157_UK_DocF_V1_Ventilation,accord_official,ACCORD Official,8,51,0,0,0,0,0,0,0,0,1,1,0,0,0
Addition of a wet room to an existing dwelling.,0,163_UK_DocF_V1_Ventilation,accord_official,ACCORD Official,9,47,0,0,0,0,0,0,0,0,1,1,0,0,0
"Additional images, such as a closeup detail, should be provided only when necessary (see below).",0,481_UK_DocL_V1_ConsrvationOfFuelAndPower,accord_official,ACCORD Official,15,96,1,0,1,1,0,0,1,0,1,1,2,0,0
Additional information for new dwellings.,0,403_UK_DocL_V1_ConsrvationOfFuelAndPower,accord_official,ACCORD Official,5,41,0,0,0,0,0,0,0,0,1,1,0,0,0
Additional information for work in existing buildings.,0,405_UK_DocL_V1_ConsrvationOfFuelAndPower,accord_official,ACCORD Official,7,54,0,0,0,0,0,0,0,0,1,1,0,0,0
Additional information for work in existing dwellings.,0,234_UK_DocF_V1_Ventilation,accord_official,ACCORD Official,7,54,0,0,0,0,0,0,0,0,1,1,0,0,0
"Additional measures usually to be installed when consequential improvements are required following changes to fixed building service provisionD5  When consequential improvements apply as a result of providing a fixed building service in the building for the first time or increasing the capacity of an existing fixed building service, additional energy efficiency improvements to those parts of the building served by the service should be made.",0,488_UK_DocM_V2_AccessAndUseOfBuildings,accord_official,ACCORD Official,65,445,2,0,1,0,0,0,1,0,1,1,1,0,0
"Additionally, a sign identifying the floor reached should be provided on each landing in a location that can be easily seen from the lifting device and is designed so that it contrasts visually with its surrounding.",1,105_UK_DocM_V2_AccessAndUseOfBuildings,accord_official,ACCORD Official,36,215,1,0,1,0,0,0,1,0,1,1,1,0,0
"Additionally, insulated plaster-board should be used in reveals to abut jambs and should be considered within reveal soffits.",1,166_UK_DocL_V1_ConsrvationOfFuelAndPower,accord_official,ACCORD Official,19,125,1,0,0,0,0,0,1,0,1,1,1,0,0
"Additionally, the location of external fans and heat pump compressors should be appropriately selected to minimise disturbance to neighbours, while remaining in compliance with planning requirements.",0,317_UK_DocL_V1_ConsrvationOfFuelAndPower,accord_official,ACCORD Official,26,199,1,0,0,0,0,0,1,0,1,1,2,0,0
Additions and alterations to existing electrical installations.,0,12_UK_DocP_ElectricalSafety,accord_official,ACCORD Official,7,63,0,0,0,0,0,0,0,0,1,1,0,0,0
Adequate hand washing facilities must be provided in: (a) rooms containing sanitary conveniences; or (b) rooms or spaces adjacent to rooms containing sanitary  conveniences.,1,170_UK_DocG_Sanitation,accord_official,ACCORD Official,24,173,1,0,0,0,0,1,0,0,1,1,0,1,0
Adequate space should be available for access to maintain ventilation equipment.,1,110_UK_DocF_V1_Ventilation,accord_official,ACCORD Official,11,80,1,0,0,0,0,0,1,0,1,1,0,0,0
"After rebating, frame components should retain at least 32mm of timber.",1,29_UK_DocQ_Security_Dwellings,accord_official,ACCORD Official,11,71,1,1,0,0,0,0,1,0,1,1,1,0,0
"After work is complete, more than 10 parking spaces within the site boundary will be available for the use of building users.",1,81_UK_DocS_InfrastructureForChargingOfElectricalVehicles,accord_official,ACCORD Official,22,125,0,0,0,0,0,0,0,0,1,1,1,0,1
Air flow measurements should be performed using an air flow device that complies with all of the following.,0,214_UK_DocF_V1_Ventilation,accord_official,ACCORD Official,18,107,1,0,1,0,0,0,1,0,1,1,0,0,0
Air flow rate testing and commissioning of ventilation systems.,0,179_UK_DocF_V1_Ventilation,accord_official,ACCORD Official,9,63,0,0,0,0,0,0,0,0,1,1,0,0,0
Air flow rate testing.,0,209_UK_DocF_V1_Ventilation,accord_official,ACCORD Official,4,22,0,0,0,0,0,0,0,0,1,1,0,0,0
Air flow rates for mechanical ventilation in new dwellings must be measured.,1,182_UK_DocF_V1_Ventilation,accord_official,ACCORD Official,12,76,1,0,0,0,0,1,0,0,1,1,0,0,0
Air handling systems should be capable of achieving a specific fan power (SFP) at 25 of design flow rate no greater than the SFP achieved at 100 design flow rate.,1,297_UK_DocM_V2_AccessAndUseOfBuildings,accord_official,ACCORD Official,30,162,1,1,0,0,0,0,1,0,1,1,0,0,2
Air handling units should be made and assembled so as to be reasonably airtight.,1,300_UK_DocM_V2_AccessAndUseOfBuildings,accord_official,ACCORD Official,14,80,1,0,0,0,0,0,1,0,1,1,0,0,0
Air leakage testing of ductwork.,0,384_UK_DocM_V2_AccessAndUseOfBuildings,accord_official,ACCORD Official,5,32,0,0,0,0,0,0,0,0,1,1,0,0,0
Air permeability should be in m3/(hm2) at 50Pa.,1,352_UK_DocM_V2_AccessAndUseOfBuildings,accord_official,ACCORD Official,9,47,1,0,0,0,0,0,1,0,1,1,0,0,0
Air pressure testing procedure.,0,360_UK_DocL_V1_ConsrvationOfFuelAndPower | 361_UK_DocM_V2_AccessAndUseOfBuildings,accord_official,ACCORD Official,4,31,0,0,0,0,0,0,0,0,1,1,0,0,0
"Air pressure tests should be performed following the guidance in the approved airtightness testing methodology, CIBSEs TM23.",1,361_UK_DocL_V1_ConsrvationOfFuelAndPower | 362_UK_DocM_V2_AccessAndUseOfBuildings,accord_official,ACCORD Official,17,124,1,0,0,0,0,0,1,0,1,1,1,0,0
Air-tightness in existing dwellings.,0,192_UK_DocL_V1_ConsrvationOfFuelAndPower,accord_official,ACCORD Official,5,36,0,0,0,0,0,0,0,0,1,1,0,0,0
Airtightness in existing buildings.,0,159_UK_DocM_V2_AccessAndUseOfBuildings,accord_official,ACCORD Official,4,35,0,0,0,0,0,0,0,0,1,1,0,0,0
All Others CO2 emission factors and primary energy factors should be taken from Table 29 (or Table 32 for district heat networks) of the National Calculation Methodology Modelling Guide.,0,200_UK_DocM_V2_AccessAndUseOfBuildings,accord_official,ACCORD Official,29,186,1,0,0,1,0,0,1,0,1,1,0,0,2
All Others Classes of buildings within Schedule 2  retain their exemption from compliance with  Part G.  Materials and workmanship.,0,57_UK_DocG_Sanitation,accord_official,ACCORD Official,19,131,0,0,0,1,0,0,0,0,1,1,0,0,1
All Others bedrooms should be accessible to a wheelchair user.,1,101_UK_DocM_V1_AccessAndUseOfBuildings,accord_official,ACCORD Official,10,62,1,0,0,0,0,0,1,0,1,1,0,0,0
"All access routes to principal, or alternative accessible, entrances should be surfaced so that people are able to travel along them easily, without excessive effort and without the risk of tripping or falling.",1,42_UK_DocM_V2_AccessAndUseOfBuildings,accord_official,ACCORD Official,33,210,1,0,0,0,0,0,1,0,1,1,3,0,0
"All cable routes should be laid as straight as possible and with suitable access points, so that cables can be pulled through in future.",1,111_UK_DocS_InfrastructureForChargingOfElectricalVehicles,accord_official,ACCORD Official,24,136,1,0,0,1,0,0,1,0,1,1,1,0,0
All cavity walls should have leaves at least 90mm thick and cavities at least 50mm wide.,1,35_UK_DocA_Structure,accord_official,ACCORD Official,16,88,1,1,0,0,0,0,1,0,1,1,0,0,0
All easily accessible doorsets (including garage doorsets and communal entrance doorsets) that provide access into a dwelling or into a building containing a dwelling should be secure doorsets in accordance with paragraphs 1.2 to 1.4.,0,7_UK_DocQ_Security_Dwellings,accord_official,ACCORD Official,37,234,1,0,0,1,0,0,1,0,1,1,0,0,2
"All floor areas, even when located at different levels, should be accessible.",1,128_UK_DocM_V2_AccessAndUseOfBuildings,accord_official,ACCORD Official,12,77,1,0,0,0,0,0,1,0,1,1,2,0,0
All installed equipment in underfloor heating systems should be commissioned in accordance with BS EN 12644.,0,396_UK_DocL_V1_ConsrvationOfFuelAndPower,accord_official,ACCORD Official,16,108,1,0,0,0,0,0,1,0,1,1,0,0,1
"All internal loadbearing walls should have a thickness not less than: except for a wall in the lowest storey of a three storey building, carrying load from both upper storeys, which should have a thickness as determined by the equation or 140mm which ever is the greatest.",0,40_UK_DocA_Structure,accord_official,ACCORD Official,47,272,1,2,0,0,0,0,1,0,1,1,2,0,0
"All materials used to cover roofs, excluding windows of glass in residential buildings with roof pitches of not less than 15, shall be capable of safely withstanding the concentrated imposed loads upon roofs specified in BS EN 199111:2002 with its UK National Annex.",0,116_UK_DocA_Structure,accord_official,ACCORD Official,44,266,1,2,0,1,1,0,0,0,1,1,2,0,3
All new or replacement ductwork should be insulated in accordance with BS 5422.,0,267_UK_DocL_V1_ConsrvationOfFuelAndPower,accord_official,ACCORD Official,13,79,1,0,0,0,0,0,1,0,1,1,0,0,1
All of the following should be provided.,0,108_UK_DocS_InfrastructureForChargingOfElectricalVehicles,accord_official,ACCORD Official,7,40,1,0,1,0,0,0,1,0,1,1,0,0,0
All people should be able to use presentation facilities.,1,134_UK_DocM_V2_AccessAndUseOfBuildings,accord_official,ACCORD Official,9,57,1,0,0,0,0,0,1,0,1,1,0,0,0
"All pipes that are connected to hot water storage vessels, for at least 1m from the point at which they connect to the vessel.",0,200_UK_DocL_V1_ConsrvationOfFuelAndPower,accord_official,ACCORD Official,24,126,0,1,1,0,0,0,0,0,1,1,1,0,0
"All public areas, including lavatory accommodation, public telephones and external terraces should be accessible.",1,138_UK_DocM_V2_AccessAndUseOfBuildings,accord_official,ACCORD Official,14,113,1,0,0,0,0,0,1,0,1,1,2,0,0
All space alongside the cable duct should be backfilled in a way that avoids damage to the duct.,1,112_UK_DocS_InfrastructureForChargingOfElectricalVehicles,accord_official,ACCORD Official,18,96,1,0,0,0,0,0,1,0,1,1,0,0,0
"All technically, functionally and economically feasible measures should be implemented, with the requirement for consequential improvements being met based on the value of the principal works in some circumstances.",0,478_UK_DocM_V2_AccessAndUseOfBuildings,accord_official,ACCORD Official,29,214,1,0,0,0,0,0,1,0,1,1,2,0,0
"All technically, functionally and economically feasible measures to improve the fabric of the building served by the service should be implemented.",1,455_UK_DocM_V2_AccessAndUseOfBuildings,accord_official,ACCORD Official,21,147,1,0,0,0,0,0,1,0,1,1,1,0,0
"All technically, functionally and economically feasible measures to improve the parts of the building served by the service to meet the requirements of Part L should be implemented.",0,489_UK_DocM_V2_AccessAndUseOfBuildings,accord_official,ACCORD Official,28,181,1,0,0,0,0,0,1,0,1,1,1,0,0
All the following factors should be included.,0,281_UK_DocM_V2_AccessAndUseOfBuildings,accord_official,ACCORD Official,7,45,1,0,1,0,0,0,1,0,1,1,0,0,0
All three parts of the compliance checklist should be completed.,1,108_UK_DocO_Overheating,accord_official,ACCORD Official,10,64,1,0,0,0,0,0,1,0,1,1,0,0,0
All three parts of the installation and commissioning checklist should be completed.,1,262_UK_DocF_V1_Ventilation,accord_official,ACCORD Official,12,84,1,0,0,0,0,0,1,0,1,1,0,0,0
All users including wheelchair users should be able to reach and use the controls that summon and direct the lifting device.,1,109_UK_DocM_V2_AccessAndUseOfBuildings,accord_official,ACCORD Official,21,124,1,0,0,0,0,0,1,0,1,1,0,0,0
All users including wheelchair users should be able to reach and use the controls that summon and direct the lifting platform.,1,113_UK_DocM_V2_AccessAndUseOfBuildings,accord_official,ACCORD Official,21,126,1,0,0,0,0,0,1,0,1,1,0,0,0
"All users of facilities should be able to locate suitable seating and move safely and easily to and from the seating area and ancillary accommodation, such as lavatories, dining rooms and bedroom suites.",1,132_UK_DocM_V2_AccessAndUseOfBuildings,accord_official,ACCORD Official,33,203,1,0,1,1,0,0,1,0,1,1,2,0,0
"All users should be able to locate a control, know which setting it is on and use it without inadvertently changing its setting.",1,148_UK_DocM_V2_AccessAndUseOfBuildings,accord_official,ACCORD Official,23,128,1,0,1,0,0,0,1,0,1,1,1,0,0
"All values throughout the water efficiency calculator should be rounded to two decimal places with the exception of the  total water consumption figures, which should be  rounded to one decimal place.",0,215_UK_DocG_Sanitation,accord_official,ACCORD Official,31,200,1,0,0,1,0,0,1,0,1,1,1,0,0
All ventilation systems which provide both supply and extract ventilation within the same unit should be fitted with all of the following.,0,337_UK_DocL_V1_ConsrvationOfFuelAndPower,accord_official,ACCORD Official,22,138,1,0,2,0,0,0,1,0,1,1,0,0,0
"All walls, ducts and boxings to every WC/cloakroom, bath and shower room are strong enough to support grab rails, seats and Others adaptations that could impose a load of 1.5kN/m2.",1,103_UK_DocM_V1_AccessAndUseOfBuildings,accord_official,ACCORD Official,33,180,0,0,0,0,0,0,0,0,1,1,3,0,1
"All walls, ducts and boxings to the WC/cloakroom, bathroom and shower room should be strong enough to support grab rails, seats and Others adaptations that could impose a load of up to 1.5kN/m2.",1,54_UK_DocM_V1_AccessAndUseOfBuildings,accord_official,ACCORD Official,36,194,1,0,0,0,0,0,1,0,1,1,3,0,1
"Allow for shallow, insulated sink bowl with swivel, mixer tap and flexible plumbing and provide a min.",0,95_UK_DocM_V1_AccessAndUseOfBuildings,accord_official,ACCORD Official,17,102,1,0,0,0,1,0,0,0,1,1,2,0,0
Alternating tread stairs in dwellings.,0,47_UK_DocK_ProtectionFromFalling,accord_official,ACCORD Official,5,38,0,0,0,0,0,0,0,0,1,1,0,0,0
Alternative approaches are possible but they should be discussed and agreed with a building control body before building work starts.,0,6_UK_DocO_Overheating,accord_official,ACCORD Official,20,133,1,0,1,0,0,0,1,0,1,1,0,0,0
"Alternatively, check that upon the notional removal of each supporting column and each beam supporting one or more columns, or any nominal length of loadbearing wall (one at a time in each storey of the building), the building remains stable and that the area of floor at any storey at risk of collapse does not exceed 15% of the floor area of that storey or 100m2, whichever is smaller, and does not extend further than the immediate adjacent storeys (see Diagram 24).",0,123_UK_DocA_Structure,accord_official,ACCORD Official,82,469,0,1,0,2,0,0,0,0,1,1,5,0,2
An acceptable level of safety can be achieved by different means depending on the type and location of the cladding.,0,100_UK_DocA_Structure,accord_official,ACCORD Official,20,116,0,0,0,1,0,0,0,0,1,1,0,0,0
An air pressure test should be carried out on every dwelling.,1,354_UK_DocL_V1_ConsrvationOfFuelAndPower,accord_official,ACCORD Official,11,61,1,0,0,0,0,0,1,0,1,1,0,0,0
"An ambulant disabled person should be able to move within, and between, storeys.",1,90_UK_DocM_V1_AccessAndUseOfBuildings,accord_official,ACCORD Official,13,80,1,0,0,0,0,0,1,0,1,1,2,0,0
An as-built air permeability lower than 3m3/(hm2) at 50Pa.,0,238_UK_DocF_V1_Ventilation,accord_official,ACCORD Official,11,58,0,0,0,0,0,0,0,0,1,1,0,0,0
"An entrance door should be included, which should be shut all the time.",1,56_UK_DocO_Overheating,accord_official,ACCORD Official,13,71,1,0,0,0,0,0,1,0,1,1,1,0,0
"An entrance hall and reception area will satisfy Requirement M1 or M2 if: a. any reception point is located away from the principal entrance (while still providing a view of it ) where there is a risk that external noise will be a problem; b. any reception point is easily identifiable from the entrance doors or lobby , and the approach to it is direct and free from obstructions ; c. the design of the approach to any reception point allows space for wheelchair users to gain access to the reception point ; d. the clear manoeuvring space in front of any reception desk or counter is 1200mm deep and 1800mm wide if there is a knee recess at least 500mm deep , or 1400mm deep and 2200mm wide if there is no knee recess ; e. any reception desk or counter is designed to accommodate both standing and seated visitors such that at least one section of the counter is at least 1500mm wide , with its surface no higher than 760mm , and a knee recess, not less than 700mm, above floor level ; f. any reception point is provided with a hearing enhancement system , e.g.",0,87_UK_DocM_V2_AccessAndUseOfBuildings,accord_official,ACCORD Official,190,1063,0,3,2,1,0,0,0,0,1,1,7,5,0
An existing district heat network that is being connected to a new dwelling should not have a CO2 emission factor for delivered heat to the dwelling which is greater than 0.350kgCO2/kWh.,1,287_UK_DocL_V1_ConsrvationOfFuelAndPower,accord_official,ACCORD Official,33,186,1,1,0,0,0,0,1,0,1,1,0,0,1
"An extension should be regarded as a new building, and guidance in Sections 1 to 9 should be followed, if the proposed extension has a total useful floor area that is both of the following.",0,416_UK_DocM_V2_AccessAndUseOfBuildings,accord_official,ACCORD Official,35,189,1,0,1,1,0,0,1,0,1,1,2,0,2
"An extension to a non-domestic building should be treated in the same manner as a new building, as regards its own compliance with Part M. Under Requirement M2 there must be suitable independent access to the extension where reasonably practicable.",0,2_UK_DocM_V2_AccessAndUseOfBuildings,accord_official,ACCORD Official,41,248,2,0,0,1,0,1,1,0,1,1,1,0,0
An upstand built on site should not exceed a U-value of 0.35W/(m2K).,1,115_UK_DocL_V1_ConsrvationOfFuelAndPower,accord_official,ACCORD Official,15,68,1,1,0,0,0,0,1,0,1,1,0,0,1
"Anti-freeze and biocide should be added to ground heat exchangers as appropriate, in line with manufacturers instructions.",0,390_UK_DocL_V1_ConsrvationOfFuelAndPower,accord_official,ACCORD Official,18,122,1,0,0,0,0,0,1,0,1,1,1,0,0
Any alternative proposal should be agreed with the relevant building control body and included in an access strategy (refer to Approved Document M).,0,21_UK_DocK_ProtectionFromFalling,accord_official,ACCORD Official,23,148,1,0,0,1,0,0,1,0,1,1,0,0,0
Any building work which is subject to the  requirements imposed by Schedule 1 to the  Building Regulations shall be carried out in  accordance with regulation 7.,0,58_UK_DocG_Sanitation,accord_official,ACCORD Official,26,161,1,0,0,1,1,0,0,0,1,1,0,0,2
Any building work which is subject to the requirements imposed by Schedule 1 to the Building Regulations shall be carried out in accordance with regulation 7.,0,2_UK_DocD_ToxicSubstances,accord_official,ACCORD Official,26,158,1,0,0,1,1,0,0,0,1,1,0,0,2
Any combined facility should be divided into distinct wet and dry areas.,1,176_UK_DocM_V2_AccessAndUseOfBuildings,accord_official,ACCORD Official,12,72,1,0,0,0,0,0,1,0,1,1,0,0,0
"Any damage, such as tears, should be repaired before boarding.",1,185_UK_DocL_V1_ConsrvationOfFuelAndPower,accord_official,ACCORD Official,10,62,1,0,1,0,0,0,1,0,1,1,2,0,0
Any discharge should be visible at the tundish.,1,133_UK_DocG_Sanitation,accord_official,ACCORD Official,8,47,1,0,0,0,0,0,1,0,1,1,0,0,0
"Any dwelling (house or flat) must have at least one bathroom with a fixed bath or shower, and a washbasin.",1,193_UK_DocG_Sanitation,accord_official,ACCORD Official,20,106,1,1,0,0,0,1,0,0,1,1,1,0,0
Any dwelling (house or flat) should have at least one sanitary convenience and associated hand washing facility.,1,178_UK_DocG_Sanitation,accord_official,ACCORD Official,17,112,1,1,0,0,0,0,1,0,1,1,0,0,0
Any flexible ducts should be installed so that the full internal diameter is maintained and flow resistance is minimised.,1,113_UK_DocF_V1_Ventilation,accord_official,ACCORD Official,19,121,1,0,0,0,0,0,1,0,1,1,0,0,0
"Any floors, walls and doors that have been installed to allow the potential liftway to be used as storage or for Others purposes could be easily removed without structural alteration.",1,83_UK_DocM_V1_AccessAndUseOfBuildings,accord_official,ACCORD Official,30,183,0,0,0,0,0,0,0,0,1,1,1,0,0
Any future connection locations should be clearly identified and labelled.,1,116_UK_DocS_InfrastructureForChargingOfElectricalVehicles,accord_official,ACCORD Official,10,74,1,0,0,0,0,0,1,0,1,1,0,0,0
Any general lighting system within the area served by the relevant fixed building service that has an average efficacy of less than 60 light source lumens per circuitwatt should be upgraded with new luminaires and/or controls following the guidance in Section 6.,0,500_UK_DocM_V2_AccessAndUseOfBuildings,accord_official,ACCORD Official,43,262,1,1,0,1,0,0,1,0,1,1,0,0,2
"Any justification and strategy should be in line with the approved airtightness testing methodology, CIBSEs TM23.",1,355_UK_DocM_V2_AccessAndUseOfBuildings,accord_official,ACCORD Official,16,113,1,0,0,0,0,0,1,0,1,1,1,0,0
Any looped cords must be fitted with child safety devices.,1,87_UK_DocO_Overheating,accord_official,ACCORD Official,10,58,1,0,0,0,0,1,0,0,1,1,0,0,0
"Any manual high rate controls should be provided locally to the spaces being served, e.g. bathrooms and kitchens.",1,66_UK_DocF_V1_Ventilation,accord_official,ACCORD Official,19,113,1,0,0,0,0,0,1,0,1,1,1,0,0
Any panel within the doorset should be at least 15mm thick.,1,30_UK_DocQ_Security_Dwellings,accord_official,ACCORD Official,11,59,1,1,0,0,0,0,1,0,1,1,0,0,0
Any radiator or towel rail should be clear of all access zones.,1,114_UK_DocM_V1_AccessAndUseOfBuildings | 56_UK_DocM_V1_AccessAndUseOfBuildings,accord_official,ACCORD Official,12,63,1,0,0,0,0,0,1,0,1,1,0,0,0
"Any room containing a sanitary convenience, a bidet,  or any facility for washing hands provided in accordance with  paragraph (2)(b), must be separated from any kitchen or any  area where food is prepared.",0,171_UK_DocG_Sanitation,accord_official,ACCORD Official,34,206,1,0,0,1,0,1,0,0,1,1,3,0,1
"Any system/unit used to supply dwellings with water from alternative sources should be subject to a risk assessment by the system designer and manufacturer, and appropriate testing carried out to demonstrate that any risks have been suitably addressed.",1,62_UK_DocG_Sanitation,accord_official,ACCORD Official,39,252,1,0,1,0,0,0,1,0,1,1,1,0,0
Any unavoidable gaps between boards should be infilled using compressible tape (e.g. for boards within roof rafters) or low expansion foam (e.g. for boards within wall cavities).,1,147_UK_DocL_V1_ConsrvationOfFuelAndPower,accord_official,ACCORD Official,29,178,1,0,0,0,0,0,1,0,1,1,0,0,0
"Any unvented hot water storage system having a power input of more than 45kW, but a capacity of 500 litres or less should be in the form of a proprietary hot water storage system unit or package.",1,110_UK_DocG_Sanitation,accord_official,ACCORD Official,37,195,1,0,1,0,0,0,1,0,1,1,1,0,1
Any unvented hot water storage system unit or package should be indelibly marked with the following information:  a. the manufacturers name and contact details;  b. a model reference;  c. the rated storage capacity of the storage water heater;  d. the operating pressure of the system and the operating pressure of the expansion valve;  e. relevant operating data on each of the safety devices fitted; and  f. the maximum primary circuit pressure and flow temperature of indirect hot water storage system units or packages.,1,108_UK_DocG_Sanitation,accord_official,ACCORD Official,83,523,1,1,2,0,0,0,1,0,1,1,0,5,0
Any unvented hot water storage system up to 500 litres and less than 45kW should be in the form of a proprietary hot water storage system unit or package.,1,104_UK_DocG_Sanitation,accord_official,ACCORD Official,29,154,1,1,1,0,0,0,1,0,1,1,0,0,1
"Any walls, doors and windows should be insulated and draught-proofed to at least the same extent as in the existing building.",1,426_UK_DocM_V2_AccessAndUseOfBuildings,accord_official,ACCORD Official,22,125,1,1,0,0,0,0,1,0,1,1,1,0,0
"Any walls, doors and windows should be insulated and draught-proofed to at least the same extent as in the existing dwelling.",1,433_UK_DocL_V1_ConsrvationOfFuelAndPower,accord_official,ACCORD Official,22,125,1,1,0,0,0,0,1,0,1,1,1,0,0
Appendix B: Reporting evidence of complianceBREL report.,0,471_UK_DocL_V1_ConsrvationOfFuelAndPower,accord_official,ACCORD Official,7,56,0,0,0,1,0,0,0,0,1,1,0,0,0
Appendix E: Hierarchy for establishing seasonal efficiencies of existing boilers.,0,501_UK_DocM_V2_AccessAndUseOfBuildings,accord_official,ACCORD Official,10,81,0,0,0,1,0,0,0,0,1,1,0,0,0
"Appliances capable of burning both biomass fuel and fossil fuel  the CO2 emission factor and primary energy factor for dua-lfuel appliances should be used, except where the building is in a smoke control area, when the anthracite figure should be used.",1,63_UK_DocM_V2_AccessAndUseOfBuildings,accord_official,ACCORD Official,42,252,1,0,0,1,0,0,1,0,1,1,2,0,0
Applicants need to consider these wider equality obligations when undertaking building work and whether provision in some circumstances should exceed that set out within this Approved Document.,0,26_UK_DocM_V2_AccessAndUseOfBuildings,accord_official,ACCORD Official,27,193,1,0,2,0,0,0,1,0,1,1,0,0,0
Application.,0,20_UK_DocA_Structure,accord_official,ACCORD Official,1,12,0,0,0,0,0,0,0,0,1,1,0,0,0
Approach routes.,0,11_UK_DocM_V1_AccessAndUseOfBuildings | 38_UK_DocM_V1_AccessAndUseOfBuildings | 68_UK_DocM_V1_AccessAndUseOfBuildings,accord_official,ACCORD Official,2,16,0,0,0,0,0,0,0,0,1,1,0,0,0
Appropriate checks should be made to determine whether any retained ventilation devices are working correctly.,0,169_UK_DocF_V1_Ventilation,accord_official,ACCORD Official,15,110,1,0,0,0,0,0,1,0,1,1,0,0,0
"Areas that are not enclosed, such as open floors, covered ways and balconies, should be excluded.",1,470_UK_DocL_V1_ConsrvationOfFuelAndPower | 471_UK_DocM_V2_AccessAndUseOfBuildings,accord_official,ACCORD Official,16,97,1,0,1,0,0,0,1,0,1,1,3,0,0
"Artificial lighting should be designed to give good colour rendering of all surfaces, without creating glare or pools of bright light and strong shadows.",1,152_UK_DocM_V2_AccessAndUseOfBuildings,accord_official,ACCORD Official,24,153,1,0,0,0,0,0,1,0,1,1,1,0,0
"As an alternative approach to paragraph 10.7, the areaweighted U-value of all thermal elements in the extension should be shown to not exceed the areaweighted U-value of an extension of the same size and shape that complies with paragraph 10.7.",0,425_UK_DocL_V1_ConsrvationOfFuelAndPower,accord_official,ACCORD Official,44,244,1,1,0,1,0,0,1,0,1,1,1,0,2
"As an alternative approach to paragraphs 10.7 or 10.9, the Standard Assessment Procedure may be used to show that the dwelling primary energy rate, the dwelling emission rate and the dwelling fabric energy efficiency rate for the dwelling and proposed extension do not exceed those for the dwelling plus a notional extension.",0,426_UK_DocL_V1_ConsrvationOfFuelAndPower,accord_official,ACCORD Official,54,325,1,1,1,1,0,0,0,1,1,1,2,0,2
"As an alternative to paragraph 11.7, in buildings that contain more than one dwelling, the Standard Assessment Procedure may be used to show that the dwelling primary energy usage and total CO2 emissions from all dwellings in the building, after completion of the building work, would be no greater than if each dwelling had been improved following the guidance in paragraph 11.7.",0,454_UK_DocL_V1_ConsrvationOfFuelAndPower,accord_official,ACCORD Official,64,380,1,1,0,1,0,0,0,1,1,1,4,0,2
"As an alternative to paragraph 3.17, to ventilate the additional habitable room, one of the following methods could be used.",0,153_UK_DocF_V1_Ventilation,accord_official,ACCORD Official,21,124,0,0,1,2,0,0,0,0,1,1,2,0,1
"As far as possible, access should be level from the boundary of the site, and from any car parking designated for disabled people, to the principal entrance and any entrance used exclusively for staff or, if either of these is not accessible, to any alternative accessible entrances.",1,38_UK_DocM_V2_AccessAndUseOfBuildings,accord_official,ACCORD Official,47,283,1,0,1,0,0,0,1,0,1,1,5,0,0
As many electric vehicle charge points as can be accommodated within the existing power supply should be installed.,1,43_UK_DocS_InfrastructureForChargingOfElectricalVehicles,accord_official,ACCORD Official,18,115,1,0,0,0,0,0,1,0,1,1,0,0,0
"As some solar hot water systems operate at elevated temperatures and pressures, and so all components should be rated to the appropriate temperatures and pressures.",0,126_UK_DocG_Sanitation,accord_official,ACCORD Official,25,164,1,0,0,0,0,0,1,0,1,1,1,0,0
Assumptions used in applying performance criteria for offices in Section 1.,0,120_UK_DocF_V2_Ventilation,accord_official,ACCORD Official,11,75,0,0,0,1,0,0,0,0,1,1,0,0,1
At a single location.,0,80_UK_DocM_V2_AccessAndUseOfBuildings,accord_official,ACCORD Official,4,21,0,0,0,0,0,0,0,0,1,1,0,0,0
"At both of these points the building primary energy rate and building emission rate must not exceed the target primary energy rate and the target emission rate, respectively.",0,53_UK_DocM_V2_AccessAndUseOfBuildings,accord_official,ACCORD Official,28,174,2,1,1,0,0,1,0,0,1,1,1,0,0
"At both of these points the dwelling primary energy rate, dwelling emission rate and dwelling fabric energy efficiency rate must not exceed the target primary energy rate, target emission rate and target fabric energy efficiency rate, respectively.",0,58_UK_DocL_V1_ConsrvationOfFuelAndPower,accord_official,ACCORD Official,37,248,2,1,1,0,0,1,0,0,1,1,3,0,0
"At gables and party walls, insulation should extend to the wall; if the space between the wall and joist is less than 100mm, perimeter insulation may be required.",1,170_UK_DocL_V1_ConsrvationOfFuelAndPower,accord_official,ACCORD Official,28,162,2,1,0,0,0,0,1,1,1,1,2,1,0
At least one in every five remaining parking spaces must be provided with cable routes.,1,68_UK_DocS_InfrastructureForChargingOfElectricalVehicles,accord_official,ACCORD Official,15,87,1,1,0,0,0,1,0,0,1,1,0,0,0
At least one network termination point should be provided in a suitable position at each new dwelling erected.,1,41_UK_DocR_V1_InfrastructureForElectircalCommunications,accord_official,ACCORD Official,18,110,1,1,0,1,0,0,1,0,1,1,0,0,0
At least one quote should be from a distribution network operator.,1,22_UK_DocS_InfrastructureForChargingOfElectricalVehicles,accord_official,ACCORD Official,11,66,1,1,0,0,0,0,1,0,1,1,0,0,0
At least two offers from the providers showing that the cost of the relevant connection exceeds the  cost cap (where 3b applies).,0,74_UK_DocR_V1_InfrastructureForElectircalCommunications,accord_official,ACCORD Official,22,129,0,1,0,0,0,0,0,0,1,1,0,0,0
"At night (11pm to 8am), openings should be modelled as fully open if both of the following apply.",0,52_UK_DocO_Overheating,accord_official,ACCORD Official,18,97,1,0,1,0,0,0,1,0,1,1,1,0,0
"At night, windows, patio doors and balcony doors should be modelled as closed.",1,55_UK_DocO_Overheating,accord_official,ACCORD Official,13,78,1,0,0,0,0,0,1,0,1,1,2,0,0
"At practical completion of the base building in a shell and core development, the asbuilt target primary energy rate, building primary energy rate, target emission rate and building emission rate calculations should be based only on the building and systems as constructed; the fitout areas should be assumed to be conditioned to temperatures appropriate to their designated use, but no associated energy demand included.",0,97_UK_DocM_V2_AccessAndUseOfBuildings,accord_official,ACCORD Official,64,421,1,0,0,0,0,0,1,0,1,1,4,1,0
"Attention should be paid in particular to the need to comply with Part  A (Structure), Part B (Fire safety), Part C (Site  preparation and resistance to contaminants and  moisture), Part J (Combustion appliances and  fuel storage systems), Part L (Conservation of  fuel and power) and Part P (Electrical safety),  as well as Part G.  INTRODUCTION.",0,4_UK_DocG_Sanitation,accord_official,ACCORD Official,55,347,1,0,0,0,0,0,1,0,1,1,5,0,0
"Audience and spectator facilities will satisfy Requirement M1 if:a. the route to wheelchair spaces is accessible by wheelchair users; b. stepped access routes to audience seating are provided with fixed handrails (see 1.34 to 1.37 for details of handrails); c. the minimum number of permanent and removable spaces provided for wheelchair users is in accordance with Table 3 ; d. some wheelchair spaces (whether permanent or created by removing seats) are provided in pairs , with standard seating on at least one side (see Diagram 13); e. where more than two wheelchair spaces are provided , they are located to give a range of views of the event at each side , as well as at the front and back of the seating area; f. the minimum clear space provided for access to wheelchair spaces is 900mm; g. the clear space allowance for an occupied wheelchair in a parked position is 900mm wide by 1400mm deep ; h. the floor of each wheelchair space is horizontal; i. some seats are located so that an assistance dog can accompany its owner and rest in front of , or under, the seat ; j. standard seats at the ends of rows and next to wheelchair spaces have detachable, or lift-up, arms; An example of wheelchair spaces in a lecture theatre a. wheelchair spaces at the back of a stepped terraced floor are provided in accordance with Diagram 14 or 15 , the arrangement in Diagram 15 being particularly suitable for entertainment buildings, such as theatres or cinemas, subject to the approval of the licensing authority; Possible location of wheelchair spaces in front of a rear aisle An example of wheelchair space provision in a cinema or theatre a. where a podium or stage is provided, wheelchair users have access to it by means of a ramp or lifting platform ; b. a hearing enhancement system in accordance with 4.36 is provided for people with impaired hearing.",0,136_UK_DocM_V2_AccessAndUseOfBuildings,accord_official,ACCORD Official,320,1856,0,2,3,2,0,0,0,0,1,1,11,12,8
Automatic control of input charge should be provided.,1,279_UK_DocL_V1_ConsrvationOfFuelAndPower,accord_official,ACCORD Official,8,53,1,0,0,0,0,0,1,0,1,1,0,0,0
"B.11  Any glazing which, if broken, would permit someone to insert their hand and release the locking device on the inside of the door should be a minimum of class P1A in accordance with BS EN 356:2000.",0,42_UK_DocQ_Security_Dwellings,accord_official,ACCORD Official,39,202,1,1,1,0,0,0,1,0,1,1,2,0,3
B1  The Buildings Regulations England Part L (BREL) report and photographic evidence should be provided to the building control body and to the building owner to show that building work complies with energy efficiency requirements.,0,472_UK_DocL_V1_ConsrvationOfFuelAndPower,accord_official,ACCORD Official,35,231,1,0,0,0,0,0,1,0,1,1,0,0,0
"B11  For new dwellings, for the purposes of this approved document, the moisture criteria in Table B2 is likely to be met if, during the colder months of the year, the moving average relative humidity in a room is always less than the value given in Table B3, evaluated over each moving average period.",0,254_UK_DocF_V1_Ventilation,accord_official,ACCORD Official,54,302,0,1,1,1,0,0,0,0,1,1,5,0,0
B2  The LENI should not exceed the lighting energy limit specified in Table B1 for a given illuminance and number of hours run.,0,472_UK_DocM_V2_AccessAndUseOfBuildings,accord_official,ACCORD Official,23,127,1,1,1,1,0,0,1,0,1,1,0,0,0
B2  The performance criterion for moisture is that there should be no visible mould on the inner surfaces of the external walls of a properly heated dwelling with typical moisture generation.,0,249_UK_DocF_V1_Ventilation,accord_official,ACCORD Official,31,191,1,0,0,0,0,0,1,0,1,1,0,0,0
"B3  Mould can grow whether the dwelling is occupied or unoccupied, so the performance criterion for humidity (given in Table B3) should be met at all times, regardless of whether there are occupants.",0,250_UK_DocF_V1_Ventilation,accord_official,ACCORD Official,33,199,1,0,0,1,0,0,1,0,1,1,2,0,0
"B3  Two versions of the BREL report should be produced, using the approved software.",0,473_UK_DocL_V1_ConsrvationOfFuelAndPower,accord_official,ACCORD Official,14,84,1,0,0,0,0,0,1,0,1,1,1,0,0
B4   The asbuilt BREL report should be signed by the person carrying out the SAP assessment to confirm that the asbuilt calculations are accurate and that the supporting documentary evidence and photographs have been reviewed (see paragraphs B6 and B7).,0,474_UK_DocL_V1_ConsrvationOfFuelAndPower,accord_official,ACCORD Official,40,253,1,0,0,2,0,0,1,0,1,1,0,0,0
"B4  For the purposes of this approved document, for all offices (both new and existing, where Part F applies), the moisture criteria are likely to be met if, during the colder months of the year, the moving average surface water activity of the internal surfaces of external walls is always less than the value in Table B2, evaluated over each moving average period.",0,122_UK_DocF_V2_Ventilation,accord_official,ACCORD Official,63,366,0,1,1,1,0,0,0,0,1,1,6,0,0
B5   The asbuilt BREL report should be signed by the developer to confirm that the dwelling has been constructed or completed according to the specifications in the report.,0,475_UK_DocL_V1_ConsrvationOfFuelAndPower,accord_official,ACCORD Official,28,172,1,0,0,0,0,0,1,0,1,1,0,0,0
B6   Photographs should be taken for each dwelling on a development as a record during the construction of a property.,0,477_UK_DocL_V1_ConsrvationOfFuelAndPower,accord_official,ACCORD Official,20,118,1,0,0,0,0,0,1,0,1,1,0,0,0
B7  Photographs should be taken of typical details as listed below and should be unique to each property.,0,479_UK_DocL_V1_ConsrvationOfFuelAndPower,accord_official,ACCORD Official,18,105,1,0,0,0,0,0,1,0,1,1,0,0,0
B8  Photographs should be digital and of sufficient quality and high enough resolution to allow a qualitative audit of the subject detail.,0,483_UK_DocL_V1_ConsrvationOfFuelAndPower,accord_official,ACCORD Official,22,138,1,0,1,0,0,0,1,0,1,1,0,0,0
BCB means Building Control Body: a local  authority or an Approved Inspector.,0,9_UK_DocG_Sanitation,accord_official,ACCORD Official,12,77,0,0,0,0,0,0,0,0,1,1,0,0,0
"BS EN 131418  for internal and external leakage and for mixing, the unit should meet at least Class U4 of the standard.",0,61_UK_DocF_V1_Ventilation,accord_official,ACCORD Official,22,119,1,1,1,0,0,0,1,0,1,1,1,0,1
"Background ventilation of at least 10,000mm2 equivalent area.",0,76_UK_DocF_V1_Ventilation,accord_official,ACCORD Official,9,61,0,1,0,0,0,0,0,0,1,1,1,0,1
Background ventilators and intermittent extract ventilation.,0,186_UK_DocF_V1_Ventilation,accord_official,ACCORD Official,6,60,0,0,0,0,0,0,0,0,1,1,0,0,0
"Background ventilators of at least 12,000mm2 equivalent area between the additional room and the outside.",0,152_UK_DocF_V1_Ventilation,accord_official,ACCORD Official,16,105,0,1,0,0,0,0,0,0,1,1,1,0,1
"Background ventilators of at least 12,000mm2 equivalent area between the two rooms.",0,151_UK_DocF_V1_Ventilation,accord_official,ACCORD Official,13,83,0,1,0,0,0,0,0,0,1,1,1,0,1
"Background ventilators should be at least 1700mm above floor level, to reduce cold draughts, but still be easy for the occupant to reach.",1,64_UK_DocF_V1_Ventilation,accord_official,ACCORD Official,23,137,1,1,0,0,0,0,1,0,1,1,2,0,0
Background ventilators should meet the performance standards for both of the following: a. air flow from outside to inside the dwelling; b. air flow from inside the dwelling to outside.,1,58_UK_DocF_V1_Ventilation,accord_official,ACCORD Official,30,185,1,0,1,0,0,0,1,0,1,1,0,1,0
Barrier siting.,0,81_UK_DocK_ProtectionFromFalling,accord_official,ACCORD Official,2,15,0,0,0,0,0,0,0,0,1,1,0,0,0
Bathrooms.,0,189_UK_DocG_Sanitation,accord_official,ACCORD Official,1,10,0,0,0,0,0,0,0,0,1,1,0,0,0
Be fully open when the internal temperature exceeds 26C.,0,51_UK_DocO_Overheating,accord_official,ACCORD Official,9,56,0,0,0,0,0,0,0,0,1,1,0,0,0
Beading should be mechanically fixed and glued in position.,1,32_UK_DocQ_Security_Dwellings,accord_official,ACCORD Official,9,59,1,0,0,0,0,0,1,0,1,1,0,0,0
Bedrooms.,0,99_UK_DocM_V1_AccessAndUseOfBuildings,accord_official,ACCORD Official,1,9,0,0,0,0,0,0,0,0,1,1,0,0,0
"Before a new heating appliance is installed, all central heating and primary hot water circuits should be thoroughly cleaned and flushed out.",1,216_UK_DocM_V2_AccessAndUseOfBuildings,accord_official,ACCORD Official,22,141,1,0,0,0,0,0,1,0,1,1,1,0,0
"Before building work starts on a new dwelling, the person undertaking the building work must analyse the technical, environmental and economic feasibility of using highefficiency alternative systems in the dwelling design.",0,94_UK_DocL_V1_ConsrvationOfFuelAndPower,accord_official,ACCORD Official,31,222,1,0,0,0,0,1,0,0,1,1,2,0,0
"Before building work starts on a new nondomestic building, the person undertaking the building work must analyse the technical, environmental and economic feasibility of using high-efficiency alternative systems in the building design.",0,113_UK_DocM_V2_AccessAndUseOfBuildings,accord_official,ACCORD Official,33,235,1,0,0,0,0,1,0,0,1,1,2,0,0
"Before elements are concealed by subsequent work, an onsite audit should be undertaken to confirm that the designed details have been constructed.",1,133_UK_DocL_V1_ConsrvationOfFuelAndPower | 155_UK_DocL_V1_ConsrvationOfFuelAndPower,accord_official,ACCORD Official,22,146,1,0,1,0,0,0,1,0,1,1,1,0,0
"Before the relevant building work starts, when any relevant notice is provided or application is made to a building control body, the developer must provide certain additional information.",0,56_UK_DocR_V1_InfrastructureForElectircalCommunications,accord_official,ACCORD Official,28,188,1,0,0,0,0,1,0,0,1,1,2,0,0
"Between the locking points for the mortice lock and surface-mounted rim lock, the distance should be 400-600mm.",1,36_UK_DocQ_Security_Dwellings,accord_official,ACCORD Official,19,111,1,0,0,0,0,0,1,0,1,1,1,0,1
Between the two rooms there should be a permanent opening with a minimum area of 1/20 of the combined floor area of the two rooms (see Diagram 1.3).,0,77_UK_DocF_V1_Ventilation,accord_official,ACCORD Official,30,148,1,1,0,1,0,0,1,0,1,1,0,0,3
Biomass boilers.,0,253_UK_DocM_V2_AccessAndUseOfBuildings,accord_official,ACCORD Official,2,16,0,0,0,0,0,0,0,0,1,1,0,0,0
Biomass heating supplemented by an alternative appliance (e.g. gas) -  the CO2 emission factor and primary energy factor should be based on a weighted average for the two fuels.,1,59_UK_DocM_V2_AccessAndUseOfBuildings,accord_official,ACCORD Official,29,177,1,0,0,0,0,0,1,0,1,1,0,0,0
Boards should be fitted to the structure to avoid any gaps between board edges and between the board facings.,1,145_UK_DocL_V1_ConsrvationOfFuelAndPower,accord_official,ACCORD Official,19,109,1,0,0,0,0,0,1,0,1,1,0,0,0
Boiler controls.,0,250_UK_DocM_V2_AccessAndUseOfBuildings,accord_official,ACCORD Official,2,16,0,0,0,0,0,0,0,0,1,1,0,0,0
Boiler systems with an output of more than 100kW should have both of the following.,0,251_UK_DocM_V2_AccessAndUseOfBuildings,accord_official,ACCORD Official,15,83,1,0,1,0,0,0,1,0,1,1,0,0,0
"Both before and after a newly constructed building is built, a notice must be given to the building control body of the calculations.",1,45_UK_DocM_V2_AccessAndUseOfBuildings,accord_official,ACCORD Official,23,133,1,0,0,0,0,1,0,0,1,1,1,0,0
"Both before and after a newly constructed dwelling is built, a notice must be given to the building control body of the calculations.",1,44_UK_DocL_V1_ConsrvationOfFuelAndPower,accord_official,ACCORD Official,23,133,1,0,0,0,0,1,0,0,1,1,1,0,0
"Both of the following apply:  The building/s is/are in an area isolated from a relevant public electronic communications network of the kind mentioned in regulation 44ZC(2) of the Building Regulations 2010, where the cost of a gigabit-capable, highspeed and USOstandard public electronic communications network connection exceeds the cost cap.",0,70_UK_DocR_V1_InfrastructureForElectircalCommunications,accord_official,ACCORD Official,53,343,0,0,1,0,0,0,0,0,1,1,2,0,2
Both of the following should be confirmed.,0,213_UK_DocF_V1_Ventilation,accord_official,ACCORD Official,7,42,1,0,1,0,0,0,1,0,1,1,0,0,0
"Both:the area of rooflights exceeds 20 of the area of the roof, and the design solar load exceeds 25W/m2.",1,496_UK_DocM_V2_AccessAndUseOfBuildings,accord_official,ACCORD Official,21,105,0,0,0,0,0,0,0,0,1,1,1,0,1
Building Category and location.,0,80_UK_DocK_ProtectionFromFalling,accord_official,ACCORD Official,4,31,0,0,0,0,0,0,0,0,1,1,0,0,0
Building automation and control system specification.,0,327_UK_DocM_V2_AccessAndUseOfBuildings,accord_official,ACCORD Official,6,53,0,0,0,0,0,0,0,0,1,1,0,0,0
Building automation and control systems.,0,318_UK_DocM_V2_AccessAndUseOfBuildings,accord_official,ACCORD Official,5,40,0,0,0,0,0,0,0,0,1,1,0,0,0
Building control notification.,0,54_UK_DocM_V2_AccessAndUseOfBuildings | 59_UK_DocL_V1_ConsrvationOfFuelAndPower,accord_official,ACCORD Official,3,30,0,0,0,0,0,0,0,0,1,1,0,0,0
"Building means any permanent or temporary  building, but not any Others kind of structure or  erection, and a reference to a building includes  a reference to part of a building.",0,10_UK_DocG_Sanitation,accord_official,ACCORD Official,30,178,0,0,0,0,0,0,0,0,1,1,2,0,0
"Building work must be carried out so as to ensure that the building is equipped with a high-speedready inbuilding physical infrastructure, up to a network termination point for high-speed electronic communications networks.",1,1_UK_DocR_V2_InfrastructureForElectircalCommunications,accord_official,ACCORD Official,34,223,1,0,0,0,0,1,0,0,1,1,1,0,0
Building work must meet the functional requirements of Schedule 1 to the Building Regulations.,0,5_UK_Doc7_Materials_and_workmanship,accord_official,ACCORD Official,14,94,1,0,0,1,0,1,0,0,1,1,0,0,1
"Building work shall be carried out (a) with adequate and proper materials which (i) are appropriate for the circumstances in which they are used, (ii) are adequately mixed or prepared, and (iii) are applied, used or fixed so as adequately to perform the functions for which they are designed; and (b  in a work-man-like manner.",0,2_UK_Doc7_Materials_and_workmanship,accord_official,ACCORD Official,57,327,1,0,1,0,1,0,0,0,1,1,3,1,0
Buildings located near to significant local pollution sources should be designed to minimise the intake of external air pollutants.,1,80_UK_DocO_Overheating,accord_official,ACCORD Official,19,131,1,0,0,0,0,0,1,0,1,1,0,0,0
"Buildings that are not dwellings, including extensions that are being treated as new buildings to comply with Part L, must be pressure tested except those types listed in paragraph 7.5.",0,345_UK_DocM_V2_AccessAndUseOfBuildings,accord_official,ACCORD Official,31,185,1,0,1,1,0,1,0,0,1,1,2,0,1
Buildings that contain more than one dwelling must comply with one of the following.,0,63_UK_DocL_V1_ConsrvationOfFuelAndPower,accord_official,ACCORD Official,14,84,1,0,1,0,0,1,0,0,1,1,0,0,0
Buildings that contain multiple dwellings.,0,49_UK_DocL_V1_ConsrvationOfFuelAndPower | 62_UK_DocL_V1_ConsrvationOfFuelAndPower,accord_official,ACCORD Official,5,42,0,0,0,0,0,0,0,0,1,1,0,0,0
Buildings undergoing major renovation which are not residential buildings or mixed-use buildings.,0,72_UK_DocS_InfrastructureForChargingOfElectricalVehicles,accord_official,ACCORD Official,13,97,0,0,0,0,0,0,0,0,1,1,0,0,0
Buildings with less than 500m2 total useful floor area.,0,346_UK_DocM_V2_AccessAndUseOfBuildings,accord_official,ACCORD Official,9,55,0,1,0,0,0,0,0,0,1,1,0,0,0
C1  The Building Regulations UK Part L (BRUKL) report should be provided to the building control body and to the building owner to show that building work complies with the energy efficiency requirements.,0,474_UK_DocM_V2_AccessAndUseOfBuildings,accord_official,ACCORD Official,33,204,1,0,0,0,0,0,1,0,1,1,0,0,0
"C2  Measured air flow rates for all fans should be recorded on Part 3: Commissioning details, as part of the commissioning procedures given in Section 4 of this approved document.",0,256_UK_DocF_V1_Ventilation,accord_official,ACCORD Official,30,179,1,0,1,1,0,0,1,0,1,1,1,0,2
"C2 This appendix should be used with the simplified method to categorise residential buildings, following paragraph 1.3.",0,110_UK_DocO_Overheating,accord_official,ACCORD Official,18,120,1,0,1,2,0,0,1,0,1,1,1,0,1
"C3  Two versions of the BRUKL report should be produced, using the approved software.",1,475_UK_DocM_V2_AccessAndUseOfBuildings,accord_official,ACCORD Official,14,85,1,0,0,0,0,0,1,0,1,1,1,0,0
C4  The as-built BRUKL report should be signed by the energy assessor to confirm that the as-built calculations are accurate.,1,476_UK_DocM_V2_AccessAndUseOfBuildings,accord_official,ACCORD Official,22,125,1,0,0,0,0,0,1,0,1,1,0,0,0
C5  The as-built BRUKL report must be signed by the client (usually the developer or house-builder) to confirm that the building has been constructed or completed according to the specifications in the report.,0,477_UK_DocM_V2_AccessAndUseOfBuildings,accord_official,ACCORD Official,35,209,1,0,0,0,0,1,0,0,1,1,0,0,0
CIBSE Guide B2 Ventilation and Ductwork (2016).,0,64_UK_DocF_V2_Ventilation,accord_official,ACCORD Official,7,47,0,0,0,0,0,0,0,0,1,1,0,0,1
CO2 emission factors and primary energy factors should be taken from the Standard Assessment Procedure Table 12.,0,228_UK_DocL_V1_ConsrvationOfFuelAndPower,accord_official,ACCORD Official,17,112,1,0,0,1,0,0,1,0,1,1,0,0,1
CO2 emission rates for new buildings.,0,28_UK_DocL_V1_ConsrvationOfFuelAndPower,accord_official,ACCORD Official,6,37,0,0,0,0,0,0,0,0,1,1,0,0,0
CO2 emissions and primary energy associated with the thermal energy streams of a trigeneration scheme should be attributed in proportion to the output energy streams.,1,67_UK_DocM_V2_AccessAndUseOfBuildings,accord_official,ACCORD Official,25,166,1,0,0,0,0,0,1,0,1,1,0,0,0
"Cable routes for at least one in every five parking spaces, as set out in paragraphs 3.1 to 3.4.",0,64_UK_DocS_InfrastructureForChargingOfElectricalVehicles,accord_official,ACCORD Official,21,96,0,1,0,1,0,0,0,0,1,1,1,0,2
"Cable routes for at least one in every five remaining parking spaces, as described in paragraphs 4.1 to 4.6.",0,78_UK_DocS_InfrastructureForChargingOfElectricalVehicles,accord_official,ACCORD Official,21,108,0,1,1,1,0,0,0,0,1,1,1,0,2
"Cable routes for electric vehicle charge points must be installed in any associated parking spaces which do not, in accordance with paragraph (2), have an electric vehicle charge point where(a)  a new residential building has more than 10 associated parking spaces; and(b)  there are more associated parking spaces than there are dwellings contained in the residential building.",0,9_UK_DocS_InfrastructureForChargingOfElectricalVehicles,accord_official,ACCORD Official,59,378,1,0,0,1,0,1,0,0,1,1,2,1,2
Cable routes must still be provided for a minimum of one in five parking spaces.,1,71_UK_DocS_InfrastructureForChargingOfElectricalVehicles | 90_UK_DocS_InfrastructureForChargingOfElectricalVehicles,accord_official,ACCORD Official,15,80,1,1,0,0,0,1,0,0,1,1,0,0,0
Cable routes should be provided for the additional parking spaces which would have required an electric vehicle charge point if the electrical power supply were sufficient.,1,44_UK_DocS_InfrastructureForChargingOfElectricalVehicles,accord_official,ACCORD Official,26,172,1,0,0,0,0,0,1,0,1,1,0,0,0
Cable routes should be provided from a metered electricity supply point to the future connection location.,1,107_UK_DocS_InfrastructureForChargingOfElectricalVehicles,accord_official,ACCORD Official,16,106,1,0,0,0,0,0,1,0,1,1,0,0,0
Calculating the seasonal energy efficiency ratio.,0,277_UK_DocM_V2_AccessAndUseOfBuildings,accord_official,ACCORD Official,6,49,0,0,0,0,0,0,0,0,1,1,0,0,0
Calculation tables.,0,213_UK_DocG_Sanitation,accord_official,ACCORD Official,2,19,0,0,0,1,0,0,0,0,1,1,0,0,0
Calibration should be carried out in accordance with CIBSEs TM23.,1,342_UK_DocM_V2_AccessAndUseOfBuildings | 351_UK_DocL_V1_ConsrvationOfFuelAndPower,accord_official,ACCORD Official,10,65,1,0,0,0,0,0,1,0,1,1,0,0,0
Capacities should be derived from the combined total of a buildings publicly accessible facilities.,1,162_UK_DocM_V2_AccessAndUseOfBuildings,accord_official,ACCORD Official,14,99,1,0,0,0,0,0,1,0,1,1,0,0,0
"Car parking and setting down will satisfy Requirement M1 or M2 if:a. at least one parking bay designated for disabled people is provided on firm and level ground as close as feasible to the principal entrance of the building; b. the dimensions of the designated parking bays are as shown in Diagram 2 (with a 1200mm accessibility zone between,and a 1200mm safety zone on the vehicular side of, the parking bays , and with a dropped kerb when there is a pedestrian route at the Others side of the parking bay); c. the surface of the accessibility zone is firm , durable and slip resistant , with undulations not exceeding 3mm under a 1m straight edge for formless materials.",0,48_UK_DocM_V2_AccessAndUseOfBuildings,accord_official,ACCORD Official,118,673,0,2,0,0,0,0,0,0,1,1,5,2,1
"Care should be taken not to close the terminals too far, because the fan unit will always maintain a constant volumetric flow rate.",0,207_UK_DocF_V1_Ventilation,accord_official,ACCORD Official,23,131,1,0,1,0,0,0,1,0,1,1,1,0,0
Categorising residential buildings (simplified method).,0,22_UK_DocO_Overheating,accord_official,ACCORD Official,5,55,0,0,0,0,0,0,0,0,1,1,0,0,0
Category 2  accessible and adaptable dwellings.,0,31_UK_DocM_V1_AccessAndUseOfBuildings,accord_official,ACCORD Official,6,47,0,0,0,1,0,0,0,0,1,1,0,0,1
Category 3  wheelchair user dwellings.,0,60_UK_DocM_V1_AccessAndUseOfBuildings,accord_official,ACCORD Official,5,38,0,0,0,0,0,0,0,0,1,1,0,0,1
Cavity insulation.,0,7_UK_DocD_ToxicSubstances,accord_official,ACCORD Official,2,18,0,0,0,0,0,0,0,0,1,1,0,0,0
Cavity walls: the inner block leaf mortar joint should be fully filled and pointed within the cavity.,1,184_UK_DocL_V1_ConsrvationOfFuelAndPower,accord_official,ACCORD Official,17,101,1,0,0,0,0,0,1,0,1,1,0,0,0
Certification by a building control body.,0,29_UK_DocP_ElectricalSafety,accord_official,ACCORD Official,6,41,0,0,0,0,0,0,0,0,1,1,0,0,0
"Changing places toilets, facilities designed for individuals with complex and multiple impairments who may require the assistance of up to two assistants, should be provided in addition to any wheelchair-accessible accommodation in separate-sex toilet washrooms, wheelchair-accessible unisex toileting facilities and baby changing facilities.",1,160_UK_DocM_V2_AccessAndUseOfBuildings,accord_official,ACCORD Official,46,342,2,0,0,0,0,0,1,1,1,1,3,0,0
Checking design air flow rates against measured air  flow rates.,0,255_UK_DocF_V1_Ventilation,accord_official,ACCORD Official,10,64,0,0,0,0,0,0,0,0,1,1,0,0,0
Checks should be made to determine that the background ventilator controls work and that they open and close correctly.,0,190_UK_DocF_V1_Ventilation,accord_official,ACCORD Official,19,119,1,0,1,0,0,0,1,0,1,1,0,0,0
Combined temperature and pressure relief  valve means a mechanically operated valve that  opens to discharge water when a fixed (factory  set) temperature or fixed (factory set) pressure  is exceeded.,0,11_UK_DocG_Sanitation,accord_official,ACCORD Official,29,200,0,0,0,0,0,0,0,0,1,1,0,0,0
Combustion appliances must operate safely whether or not fans are running.,1,11_UK_DocF_V1_Ventilation | 11_UK_DocF_V2_Ventilation,accord_official,ACCORD Official,11,74,1,0,0,0,0,1,0,0,1,1,0,0,0
Comfort cooling.,0,329_UK_DocL_V1_ConsrvationOfFuelAndPower,accord_official,ACCORD Official,2,16,0,0,0,0,0,0,0,0,1,1,0,0,0
Commissioning of ventilation systems.,0,92_UK_DocF_V2_Ventilation,accord_official,ACCORD Official,4,37,0,0,0,0,0,0,0,0,1,1,0,0,0
Common areas in buildings that contain multiple dwellings.,1,2_UK_DocL_V1_ConsrvationOfFuelAndPower | 3_UK_DocM_V2_AccessAndUseOfBuildings,accord_official,ACCORD Official,8,58,0,0,0,0,0,0,0,0,1,1,0,0,0
"Common spaces in offices, including rooms or spaces used solely or mainly for circulation, such as corridors and lift lobbies, should be provided with either of the following.",0,53_UK_DocF_V2_Ventilation,accord_official,ACCORD Official,28,175,1,0,2,0,0,0,1,0,1,1,3,0,0
Common stair: Serving more than one dwelling.,0,123_UK_DocK_ProtectionFromFalling,accord_official,ACCORD Official,7,45,0,0,0,0,0,0,0,0,1,1,0,0,0
Communal lifts and stairs.,0,47_UK_DocM_V1_AccessAndUseOfBuildings,accord_official,ACCORD Official,4,26,0,0,0,0,0,0,0,0,1,1,0,0,0
Communal lifts.,0,48_UK_DocM_V1_AccessAndUseOfBuildings,accord_official,ACCORD Official,2,15,0,0,0,0,0,0,0,0,1,1,0,0,0
"Communal or common (area, facilities or entrances) Shared area accessed by, or intended for the use of, more than one dwelling.",0,132_UK_DocM_V1_AccessAndUseOfBuildings,accord_official,ACCORD Official,21,127,0,0,0,0,0,0,0,0,1,1,3,0,0
Community heating system A system that supplies heat from a central source to more than one dwelling or premises within a single building.,0,457_UK_DocL_V1_ConsrvationOfFuelAndPower,accord_official,ACCORD Official,23,138,0,0,0,0,0,0,0,0,1,1,0,0,0
Community heating systems and district heat networks.,0,75_UK_DocL_V1_ConsrvationOfFuelAndPower,accord_official,ACCORD Official,7,53,0,0,0,0,0,0,0,0,1,1,0,0,0
Community heating systems.,0,391_UK_DocL_V1_ConsrvationOfFuelAndPower,accord_official,ACCORD Official,3,26,0,0,0,0,0,0,0,0,1,1,0,0,0
Complex details should be avoided wherever possible.,1,154_UK_DocL_V1_ConsrvationOfFuelAndPower,accord_official,ACCORD Official,7,52,1,0,0,0,0,0,1,0,1,1,0,0,0
"Compliance should be assessed against only one of requirements M4(1), M4(2) or M4(3) for any given dwelling.",1,1_UK_DocM_V1_AccessAndUseOfBuildings,accord_official,ACCORD Official,20,108,1,0,0,0,0,0,1,0,1,1,1,0,3
"Compressive strength of masonry units:Minimum compressive strength requirements for masonry units according to BS EN Standards are given in Diagram 9, where the masonry units indicated for Conditions A, B and C should have declared compressive strengths of notless than the values given in Table 6.",0,53_UK_DocA_Structure,accord_official,ACCORD Official,47,298,1,2,0,1,0,0,1,0,1,1,2,0,2
Conditions relating to the building of which the wall forms part.,0,27_UK_DocA_Structure,accord_official,ACCORD Official,11,65,0,0,0,0,0,0,0,0,1,1,0,0,0
Conditions relating to the ground.,0,91_UK_DocA_Structure,accord_official,ACCORD Official,5,34,0,0,0,0,0,0,0,0,1,1,0,0,0
Conditions relating to the wall.,0,46_UK_DocA_Structure,accord_official,ACCORD Official,5,32,0,0,0,0,0,0,0,0,1,1,0,0,0
Confirmation that the modules as provided meet or exceed the elemental energy standards of the generic module on which the calculation was based.,0,88_UK_DocM_V2_AccessAndUseOfBuildings,accord_official,ACCORD Official,23,145,0,0,0,0,0,0,0,0,1,1,0,0,0
Connecting to an existing district heat network or community heating system.,0,285_UK_DocL_V1_ConsrvationOfFuelAndPower,accord_official,ACCORD Official,11,76,0,0,0,0,0,0,0,0,1,1,0,0,0
"Consequential improvements should be carried out to ensure that the dwelling complies with Part L of the Building Regulations, to the extent that they are technically, functionally and economically feasible.",0,456_UK_DocL_V1_ConsrvationOfFuelAndPower,accord_official,ACCORD Official,30,207,1,0,1,0,0,0,1,0,1,1,2,0,0
"Consequential improvements should be carried out to ensure that the entire building complies with Part L of the Building Regulations to the extent that they are technically, functionally and economically feasible.",0,450_UK_DocM_V2_AccessAndUseOfBuildings,accord_official,ACCORD Official,31,213,1,0,1,0,0,0,1,0,1,1,1,0,0
Conservatories and porches.,0,423_UK_DocM_V2_AccessAndUseOfBuildings,accord_official,ACCORD Official,3,27,0,0,0,0,0,0,0,0,1,1,0,0,0
Conservatories with a floor area that does not exceed 30m2 are exempt from the Part F requirements.,0,159_UK_DocF_V1_Ventilation,accord_official,ACCORD Official,17,99,0,1,0,0,0,0,0,0,1,1,0,0,0
Consideration of technical risk.,0,2_UK_DocG_Sanitation,accord_official,ACCORD Official,4,32,0,0,0,0,0,0,0,0,1,1,0,0,0
"Consideration should be given to good sight lines and the design and location of lecture equipment (demonstration table, lectern, projection screen) to ensure that patterned walls, poor interior lighting or very bright natural back-lighting does not have a detrimental effect on the ability of people to receive information from a sign language interpreter or a lip speaker (see 4.32 to 4.34).",0,135_UK_DocM_V2_AccessAndUseOfBuildings,accord_official,ACCORD Official,64,393,1,0,0,2,0,0,1,0,1,1,3,0,2
Consideration should be given to installing a chemical sanitary waste disposal unit in wheelchair-accessible WC accommodation.,1,164_UK_DocM_V2_AccessAndUseOfBuildings,accord_official,ACCORD Official,17,126,1,0,1,0,0,0,1,0,1,1,0,0,0
"Consideration should be given to installing a fold-down table, e.g. for baby changing.",1,168_UK_DocM_V2_AccessAndUseOfBuildings,accord_official,ACCORD Official,15,86,1,0,0,1,0,0,1,0,1,1,1,0,0
Consideration should be given to providing a low level urinal for children in male washrooms.,1,174_UK_DocM_V2_AccessAndUseOfBuildings,accord_official,ACCORD Official,15,93,1,0,0,0,0,0,1,0,1,1,0,0,0
Consideration should be given to providing an area next to certain seats for an assistance dog to rest.,1,131_UK_DocM_V2_AccessAndUseOfBuildings,accord_official,ACCORD Official,18,103,1,0,0,0,0,0,1,0,1,1,0,0,0
Consideration should be given to the power requirements of essential (e.g. life safety) systems.,1,323_UK_DocM_V2_AccessAndUseOfBuildings,accord_official,ACCORD Official,15,96,1,0,0,0,0,0,1,0,1,1,0,0,0
"Consideration should be given to the provision of a second handrail on stairs in a wide range of building types, and particularly in schools, for use by children and people of short stature.",1,59_UK_DocM_V2_AccessAndUseOfBuildings,accord_official,ACCORD Official,33,190,1,0,0,0,0,0,1,0,1,1,2,0,0
Constructing an extension in buildings with a total useful floor area greater than 1000m2 triggers the requirement for consequential improvements.,0,414_UK_DocM_V2_AccessAndUseOfBuildings,accord_official,ACCORD Official,20,146,0,1,0,0,0,0,0,0,1,1,0,0,0
Construction joint details should be calculated using both of the following.,0,154_UK_DocM_V2_AccessAndUseOfBuildings,accord_official,ACCORD Official,11,76,1,0,1,0,0,0,1,0,1,1,0,0,0
Construction materials and workmanship.,0,49_UK_DocA_Structure,accord_official,ACCORD Official,4,39,0,0,0,0,0,0,0,0,1,1,0,0,0
Construction of ramps.,0,56_UK_DocK_ProtectionFromFalling,accord_official,ACCORD Official,3,22,0,0,0,0,0,0,0,0,1,1,0,0,0
Construction over openings and recesses should be adequately supported.,1,67_UK_DocA_Structure,accord_official,ACCORD Official,9,71,1,0,0,0,0,0,1,0,1,1,0,0,0
Consumer units should be mounted so that the switches are between 1350mm and 1450mm above floor level.,1,126_UK_DocM_V1_AccessAndUseOfBuildings,accord_official,ACCORD Official,17,102,1,0,0,0,0,0,1,0,1,1,0,0,0
Continuous mechanical extract ventilation systems.,0,59_UK_DocF_V1_Ventilation,accord_official,ACCORD Official,5,50,0,0,0,0,0,0,0,0,1,1,0,0,0
Continuous mechanical extract ventilation.,0,98_UK_DocF_V1_Ventilation,accord_official,ACCORD Official,4,42,0,0,0,0,0,0,0,0,1,1,0,0,0
Continuously running fans should be set up to operate without occupant intervention but may have manual or automatic controls for selecting the high rate of operation.,1,65_UK_DocF_V1_Ventilation,accord_official,ACCORD Official,26,167,2,0,0,0,0,0,1,1,1,1,0,0,0
"Contrast visually, when used to indicate the visual perception of one element of the building, or fitting within the building, against anOthers means that the difference in light reflectance value between the two surfaces is greater than 30 points.",0,28_UK_DocM_V2_AccessAndUseOfBuildings,accord_official,ACCORD Official,39,248,0,1,0,0,0,0,0,0,1,1,3,0,1
Control of heat losses from pipework is dealt with under Part L of the Building Regulations and the guidance in Approved Document L should be followed.,0,12_UK_DocO_Overheating,accord_official,ACCORD Official,26,151,1,0,0,0,0,0,1,0,1,1,0,0,0
Control of ventilation intakes.,0,123_UK_DocF_V1_Ventilation | 71_UK_DocF_V2_Ventilation,accord_official,ACCORD Official,4,31,0,0,0,0,0,0,0,0,1,1,0,0,0
Control of ventilation.,0,62_UK_DocF_V1_Ventilation,accord_official,ACCORD Official,3,23,0,0,0,0,0,0,0,0,1,1,0,0,0
Control should be maximised and heat gain to uninsulated pipes should only be permitted where the proportion of the cooling load relating to distribution pipework is less than 1 of the total load.,1,177_UK_DocM_V2_AccessAndUseOfBuildings,accord_official,ACCORD Official,33,196,1,1,0,0,0,0,1,0,1,1,0,0,1
Controls for offices.,0,57_UK_DocF_V2_Ventilation,accord_official,ACCORD Official,3,21,0,0,0,0,0,0,0,0,1,1,0,0,0
Controls should be installed which modify the input charge in response to both of the following.,0,313_UK_DocL_V1_ConsrvationOfFuelAndPower,accord_official,ACCORD Official,16,96,1,0,1,0,0,0,1,0,1,1,0,0,0
Controls should be provided for ventilators so that the ventilation in each room can be adjusted.,1,58_UK_DocF_V2_Ventilation,accord_official,ACCORD Official,16,97,1,0,0,0,0,0,1,0,1,1,0,0,0
Controls.,0,217_UK_DocF_V1_Ventilation | 244_UK_DocL_V1_ConsrvationOfFuelAndPower,accord_official,ACCORD Official,1,9,0,0,0,0,0,0,0,0,1,1,0,0,0
Cooling pipework should be insulated along its whole length.,1,176_UK_DocM_V2_AccessAndUseOfBuildings,accord_official,ACCORD Official,9,60,1,0,0,0,0,0,1,0,1,1,0,0,0
"Correspondence from at least two of the providers that declined to provide any connection to a relevant connection, clearly stating the reason why (where 3c applies).",0,75_UK_DocR_V1_InfrastructureForElectircalCommunications,accord_official,ACCORD Official,26,166,0,1,0,0,0,0,0,0,1,1,1,0,0
"Corridors and passageways should be wide enough to allow people with buggies, people carrying cases or people on crutches to pass Otherss on the access route.",1,96_UK_DocM_V2_AccessAndUseOfBuildings,accord_official,ACCORD Official,26,158,1,0,0,0,0,0,1,0,1,1,1,0,0
"Corridors and passageways will satisfy Requirement M1 or M2 if:a. elements such as columns, radiators and fire hoses do not project into the corridor , or where this is unavoidable , a means of directing people around them, such as a visually contrasting guard rail, is provided ; b. they have an unobstructed width (excluding any projections into the space) along their length of at least 1200mm ; c. where they have an unobstructed width of less than 1800mm , they have passing places at least 1800mm long and with an unobstructed width of at least 1800mm at reasonable intervals , e.g.",0,100_UK_DocM_V2_AccessAndUseOfBuildings,accord_official,ACCORD Official,98,588,0,2,3,0,0,0,0,0,1,1,7,2,0
Covered car parks in buildings undergoing material change of use or major renovation.,0,56_UK_DocS_InfrastructureForChargingOfElectricalVehicles,accord_official,ACCORD Official,13,85,0,0,0,0,0,0,0,0,1,1,0,0,0
Critical situations for design should be selected that reflect the conditions that can reasonably be foreseen as possible during the life of the building.,0,126_UK_DocA_Structure,accord_official,ACCORD Official,24,154,1,0,0,0,0,0,1,0,1,1,0,0,0
"Cupboard onto landing1.22  Landings should be level, with the following exception.",0,43_UK_DocK_ProtectionFromFalling,accord_official,ACCORD Official,12,82,1,0,1,0,0,0,1,0,1,1,1,0,1
D1.,0,8_UK_DocD_ToxicSubstances,accord_official,ACCORD Official,1,3,0,0,0,0,0,0,0,0,1,1,0,0,0
"Dead load, imposed load and wind load should be in accordance with the current Codes of practice referred to in Section 1 of this document.",0,6_UK_DocA_Structure,accord_official,ACCORD Official,25,139,1,0,1,1,0,0,1,0,1,1,1,0,1
Demonstrating compliance.,0,261_UK_DocF_V1_Ventilation,accord_official,ACCORD Official,2,25,0,0,0,0,0,0,0,0,1,1,0,0,0
Design and installation P1.,0,2_UK_DocP_ElectricalSafety,accord_official,ACCORD Official,4,27,0,0,0,0,0,0,0,0,1,1,0,0,0
Design and installation of directly  or indirectly heated hot water  storage systems.,0,95_UK_DocG_Sanitation,accord_official,ACCORD Official,12,85,0,0,0,0,0,0,0,0,1,1,0,0,0
Design of guarding.,0,76_UK_DocK_ProtectionFromFalling,accord_official,ACCORD Official,3,19,0,0,0,0,0,0,0,0,1,1,0,0,0
Design of secure doorsets.,0,9_UK_DocQ_Security_Dwellings,accord_official,ACCORD Official,4,26,0,0,0,0,0,0,0,0,1,1,0,0,0
Design of secure windows.,0,19_UK_DocQ_Security_Dwellings,accord_official,ACCORD Official,4,25,0,0,0,0,0,0,0,0,1,1,0,0,0
Design provisions.,0,93_UK_DocA_Structure,accord_official,ACCORD Official,2,18,0,0,0,0,0,0,0,0,1,1,0,0,0
"Designers should also be aware that glazed screens in front of the reception point, or light sources or reflective wall surfaces, such as glazed screens, located behind the reception point, could compromise the ability of a person with a hearing impairment to lip read or follow sign language.",1,85_UK_DocM_V2_AccessAndUseOfBuildings,accord_official,ACCORD Official,48,293,1,0,1,0,0,0,1,0,1,1,4,0,0
Designs should clearly indicate means to limit disruption to the insulation.,1,150_UK_DocL_V1_ConsrvationOfFuelAndPower,accord_official,ACCORD Official,11,76,1,0,1,0,0,0,1,0,1,1,0,0,0
"Developers may state in the connectivity plan, with supporting evidence, that at least two suitable network operators have declined to respond to the developer within the 30 working day period.",0,61_UK_DocR_V1_InfrastructureForElectircalCommunications,accord_official,ACCORD Official,30,193,1,1,0,1,0,0,0,1,1,1,2,0,1
Developers should work with network operators to provide a gigabit-capable public electronic communications network connection for each new dwelling erected unless the cost exceeds the cost cap of 2000 per dwelling or the network operator declines to provide a connection.,1,38_UK_DocR_V1_InfrastructureForElectircalCommunications,accord_official,ACCORD Official,41,272,1,0,0,0,0,0,1,0,1,1,0,0,1
Diagram 5  Schematic example of gigabit-ready physical infrastructure for an individual dwelling.,0,23_UK_DocR_V1_InfrastructureForElectircalCommunications,accord_official,ACCORD Official,13,97,0,0,0,0,0,0,0,0,1,1,0,0,1
"Diagram 6 Schematic example of gigabit-ready physical infrastructure for a block of flats (a building that contains more than one dwelling, in this case containing multiple dwellings).",0,28_UK_DocR_V1_InfrastructureForElectircalCommunications,accord_official,ACCORD Official,28,184,0,0,1,0,0,0,0,0,1,1,1,0,1
Differences in level of ground or Others solid construction between one side of the wall and the Others should be less than 4 times the thickness of the wall as shown in Diagram 11.,0,56_UK_DocA_Structure,accord_official,ACCORD Official,34,181,1,1,0,0,0,0,1,0,1,1,0,0,2
Dimensions.,0,27_UK_DocQ_Security_Dwellings,accord_official,ACCORD Official,1,11,0,0,0,0,0,0,0,0,1,1,0,0,0
Direct heating means a method of heating in  which the heat source is integral with the hot water  vessel.,0,12_UK_DocG_Sanitation,accord_official,ACCORD Official,19,106,0,0,0,0,0,0,0,0,1,1,0,0,0
Direct hot water and heating pipework.,0,169_UK_DocM_V2_AccessAndUseOfBuildings,accord_official,ACCORD Official,6,38,0,0,0,0,0,0,0,0,1,1,0,0,0
Discharge pipe D2.,0,136_UK_DocG_Sanitation,accord_official,ACCORD Official,3,18,0,0,0,0,0,0,0,0,1,1,0,0,0
Display lighting should be controlled on dedicated circuits that can be switched separately from those for lighting provided for general illuminance.,1,317_UK_DocM_V2_AccessAndUseOfBuildings,accord_official,ACCORD Official,21,149,1,0,1,0,0,0,1,0,1,1,0,0,0
Distribution pipework which does not provide useful heat to a room should be insulated to the standards detailed in paragraph 4.26.,0,307_UK_DocL_V1_ConsrvationOfFuelAndPower,accord_official,ACCORD Official,22,131,1,0,0,1,0,0,1,0,1,1,0,0,1
District heat networks and community heating systems should be designed to accommodate heat meter(s) for each dwelling.,1,295_UK_DocL_V1_ConsrvationOfFuelAndPower,accord_official,ACCORD Official,18,119,1,0,0,0,0,0,1,0,1,1,0,0,0
Domestic central heating systems should be prepared and commissioned to BS 7593.,0,382_UK_DocL_V1_ConsrvationOfFuelAndPower,accord_official,ACCORD Official,12,80,1,0,0,0,0,0,1,0,1,1,0,0,1
"Domestic hot water means water that has been  heated for cooking, food preparation, personal  washing or cleaning purposes.",0,13_UK_DocG_Sanitation,accord_official,ACCORD Official,18,123,0,0,0,0,0,0,0,0,1,1,2,0,0
"Domestic hot water systems should be sized for the anticipated domestic hot water demand of the building, based on BS EN 128313.",0,265_UK_DocM_V2_AccessAndUseOfBuildings,accord_official,ACCORD Official,22,128,1,0,0,0,0,0,1,0,1,1,1,0,1
"Domestic hot water systems should be sized for the anticipated domestic hot water demand of the dwelling, based on BS EN 128313 or the Chartered Institute of Plumbing and Heating Engineerings Plumbing Engineering Services Design Guide.",0,241_UK_DocL_V1_ConsrvationOfFuelAndPower,accord_official,ACCORD Official,36,235,1,0,0,0,0,0,1,0,1,1,1,0,1
"Door entry controls, where provided, are mounted 9001000mm above finished ground level, and at least 300mm away from any projecting corner.",1,46_UK_DocM_V1_AccessAndUseOfBuildings,accord_official,ACCORD Official,21,139,0,1,0,0,0,0,0,0,1,1,3,0,0
"Door furniture on manually operated non-powered doors should be easy to operate by people with limited manual dexterity, and be readily apparent against the background of the door.",1,71_UK_DocM_V2_AccessAndUseOfBuildings,accord_official,ACCORD Official,29,180,1,0,0,0,0,0,1,0,1,1,1,0,0
Door limitation and caller identification.,0,39_UK_DocQ_Security_Dwellings,accord_official,ACCORD Official,5,42,0,0,0,0,0,0,0,0,1,1,0,0,0
"Door rails, stiles and muntins should be at least 44mm thick.",1,28_UK_DocQ_Security_Dwellings,accord_official,ACCORD Official,11,61,1,1,0,0,0,0,1,0,1,1,1,0,0
Doors and gates should be constructed in accordance with all of the following.,0,119_UK_DocK_ProtectionFromFalling,accord_official,ACCORD Official,13,78,1,0,1,0,0,0,1,0,1,1,0,0,0
Doors must be capable of opening outwards -  in wheelchair adaptable bathrooms the door may open inwards providing that the door can be easily rehung to open outwards (e.g. door stops are planted and easily moved).,1,116_UK_DocM_V1_AccessAndUseOfBuildings,accord_official,ACCORD Official,36,214,2,0,0,1,0,1,0,1,1,1,0,0,0
Doors must be capable of opening outwards in wheelchair adaptable bathrooms the door may open inwards providing that the door can be easily rehung to open outwards (e.g. door stops are planted and easily moved).,1,122_UK_DocM_V1_AccessAndUseOfBuildings,accord_official,ACCORD Official,36,211,2,0,0,1,0,1,0,1,1,1,0,0,0
Doors should be undercut to achieve one of the following.,0,165_UK_DocF_V1_Ventilation | 44_UK_DocF_V1_Ventilation,accord_official,ACCORD Official,10,57,1,0,1,0,0,0,1,0,1,1,0,0,0
"Doors to accessible entrances will satisfy Requirement M1 or M2 if: a. where required to be self-closing, a power-operated door opening and closing system is used when through calculation and experience it appears that it will not be possible Otherswise for a person to open the door using a force not more than 30N at the leading edge from 0 (the door in the closed position) to 30 open , and not more than 22.5Nat the leading edge from 30 to 60 of the opening cycle ; b. the effective clear width through a single leaf door , or one leaf of a double leaf door , is in accordance with Table 2 , and the rules for measurement are in accordance with Diagram 9 ; c. they are installed in accordance with Approved Document K, section 10.",0,169_UK_DocM_V2_AccessAndUseOfBuildings,accord_official,ACCORD Official,135,734,0,0,2,2,0,0,0,0,1,1,6,2,8
"Doors to the principal, or alternative accessible, entrance should be accessible to all, particularly wheelchair users and people with limited physical dexterity.",1,64_UK_DocM_V2_AccessAndUseOfBuildings,accord_official,ACCORD Official,22,162,1,0,0,0,0,0,1,0,1,1,3,0,0
"Drawings demonstrate how the kitchen could be easily adapted to meet the provisions of  paragraph 3.34 and Table 3.4 at a future date without compromising the space in any Others part of the dwelling and without the need to move structural walls, stacks or concealed drainage.",0,93_UK_DocM_V1_AccessAndUseOfBuildings,accord_official,ACCORD Official,48,276,0,0,0,2,0,0,0,0,1,1,1,0,2
"Drawings illustrate how the bathroom could be easily adapted in future to meet the provisions for a wheelchair accessible bathroom set out in paragraph 3.43 (but need only show either a bath or level access shower, not both).",0,120_UK_DocM_V1_AccessAndUseOfBuildings,accord_official,ACCORD Official,39,225,0,0,0,1,0,0,0,0,1,1,1,0,1
Drawings should be provided for junctions.,1,153_UK_DocL_V1_ConsrvationOfFuelAndPower,accord_official,ACCORD Official,6,42,1,0,0,0,0,0,1,0,1,1,0,0,0
Drawings should be reviewed by the designer and installer and should include specifications for key materials.,1,177_UK_DocL_V1_ConsrvationOfFuelAndPower,accord_official,ACCORD Official,16,110,1,0,0,0,0,0,1,0,1,1,0,0,0
"Drawings: all relevant drawings should be provided to clearly identify the position, continuity and extent of the air barrier.",1,176_UK_DocL_V1_ConsrvationOfFuelAndPower,accord_official,ACCORD Official,19,126,1,0,0,0,0,0,1,0,1,1,1,0,0
Duct connections should be both mechanically secured and adequately sealed to prevent leaks.,1,116_UK_DocF_V1_Ventilation | 33_UK_DocF_V2_Ventilation,accord_official,ACCORD Official,13,92,1,0,0,0,0,0,1,0,1,1,0,0,0
Ducted systems.,0,193_UK_DocF_V1_Ventilation,accord_official,ACCORD Official,2,15,0,0,0,0,0,0,0,0,1,1,0,0,0
Ductwork for copper and fibreoptic cables.,0,6_UK_DocR_V2_InfrastructureForElectircalCommunications,accord_official,ACCORD Official,6,42,0,0,0,0,0,0,0,0,1,1,0,0,0
Ductwork installations should be designed and installed to minimise the overall pressure losses within the system by taking all of the following steps.,0,114_UK_DocF_V1_Ventilation | 32_UK_DocF_V2_Ventilation,accord_official,ACCORD Official,23,151,1,0,1,0,0,0,1,0,1,1,0,0,0
Ductwork that carries warm or cold air should be insulated throughout its whole length to achieve heat transfer no greater than that given in Table 4.6.,0,180_UK_DocM_V2_AccessAndUseOfBuildings,accord_official,ACCORD Official,27,152,1,1,0,1,0,0,1,0,1,1,0,0,1
"During this process, the heat pump (along with its accompanying pipework) should be isolated from the ground heat exchanger such that damage to the internal heat exchanger inside the heat pump is avoided.",1,386_UK_DocL_V1_ConsrvationOfFuelAndPower,accord_official,ACCORD Official,33,204,1,0,2,0,0,0,1,0,1,1,1,0,0
Dwellings resulting from a material change of use.,0,25_UK_DocS_InfrastructureForChargingOfElectricalVehicles,accord_official,ACCORD Official,8,50,0,0,0,0,0,0,0,0,1,1,0,0,0
Dynamic thermal modelling method.,0,45_UK_DocO_Overheating,accord_official,ACCORD Official,4,33,0,0,0,0,0,0,0,0,1,1,0,0,0
"E1  When a heating system is being replaced in an existing building, paragraph 5.4 should be followed.",0,502_UK_DocM_V2_AccessAndUseOfBuildings,accord_official,ACCORD Official,18,102,1,0,0,1,0,0,1,0,1,1,1,0,1
Each air terminal should have a free area of at least 90 of the free area of its associated duct.,1,115_UK_DocF_V1_Ventilation,accord_official,ACCORD Official,20,97,1,1,0,0,0,0,1,0,1,1,0,0,1
Each dwelling must in addition be provided with a connection to a gigabit-capable public electronic communications network.,1,31_UK_DocR_V1_InfrastructureForElectircalCommunications,accord_official,ACCORD Official,18,123,1,0,0,0,0,1,0,0,1,1,0,0,0
Each letter should be 25mm high.,1,117_UK_DocS_InfrastructureForChargingOfElectricalVehicles,accord_official,ACCORD Official,6,32,1,0,0,0,0,0,1,0,1,1,0,0,0
"Each of the two sections of the centrally hinged window should be assessed as a single side, bottom or top hung window.",1,112_UK_DocO_Overheating,accord_official,ACCORD Official,22,119,1,0,0,1,0,0,1,0,1,1,1,0,0
"Each office should have the means to provide purge ventilation, to reduce pollutants before the office space is occupied or after activities such as painting.",1,56_UK_DocF_V2_Ventilation,accord_official,ACCORD Official,25,158,1,0,1,0,0,0,1,0,1,1,1,0,0
"Each residential unit, shared communal room and common space should be categorised separately.",1,25_UK_DocO_Overheating,accord_official,ACCORD Official,13,94,1,0,0,0,0,0,1,0,1,1,1,0,0
"Earth-closet means a closet having a movable receptacle for the reception of faecal matter and its deodorisation by the use of earth, ashes or chemicals, or by Others methods.",0,14_UK_DocG_Sanitation,accord_official,ACCORD Official,30,175,0,0,0,0,0,0,0,0,1,1,2,0,0
"Easily accessible: Either: a window or doorway, any part of which is within 2m vertically of an accessible level surface such as the ground or basement level, or an access balcony, or a window within 2m vertically of a flat or sloping roof (with a pitch of less than 30) that is within 3.5m of ground level.",1,23_UK_DocQ_Security_Dwellings,accord_official,ACCORD Official,58,307,0,1,1,0,0,0,0,0,1,1,3,0,2
"Electric cables for underfloor heating should be installed within screeds as follows: For direct electric systems, within screeds not exceeding 60mm; For night energy storage systems, within screeds of at least 65mm.",1,309_UK_DocL_V1_ConsrvationOfFuelAndPower,accord_official,ACCORD Official,32,216,1,2,0,0,0,0,1,0,1,1,2,1,0
Electrical installation: Fixed electric cables or fixed electrical equipment located on the consumers side of the electricity supply meter.,0,36_UK_DocP_ElectricalSafety,accord_official,ACCORD Official,19,139,0,0,0,0,0,0,0,0,1,1,0,0,0
Electrical work associated with hot water systems should be carried out in accordance with BS7671:2008 Requirements for electrical installations (IEE Wiring Regulations 17th Edition).,1,93_UK_DocG_Sanitation,accord_official,ACCORD Official,25,183,1,0,0,0,0,0,1,0,1,1,0,0,1
Emergency repairs.,0,3_UK_DocF_V1_Ventilation | 3_UK_DocF_V2_Ventilation,accord_official,ACCORD Official,2,18,0,0,0,0,0,0,0,0,1,1,0,0,0
"Emission factors and primary energy factors should be determined by a qualified person, based on the details of the system and taking account of the annual average performance of the whole system, including distribution circuits and all the heat generating plant, combined heat and power, waste heat recovery, heat dumping, and evidence of future changes to the heat source, for example, replacing or adding new heat generating equipment.",0,291_UK_DocL_V1_ConsrvationOfFuelAndPower,accord_official,ACCORD Official,68,438,1,0,0,0,0,0,1,0,1,1,8,0,0
"Energy submetering systems should be installed in new buildings, or when fixed building services are provided or extended in an existing building, and should meet all of the following requirements.",0,226_UK_DocM_V2_AccessAndUseOfBuildings,accord_official,ACCORD Official,30,197,1,0,1,0,0,0,1,0,1,1,2,0,0
Energy submeters.,0,225_UK_DocM_V2_AccessAndUseOfBuildings,accord_official,ACCORD Official,2,17,0,0,0,0,0,0,0,0,1,1,0,0,0
"Ensuring that equipment is appropriately and securely fixed, such as using resilient mountings where noise carried by the structure of the building could be a problem.",1,22_UK_DocF_V1_Ventilation | 22_UK_DocF_V2_Ventilation,accord_official,ACCORD Official,26,167,0,0,1,0,0,0,0,0,1,1,1,0,0
Entrance doors should be capable of being held closed when not in use.,1,65_UK_DocM_V2_AccessAndUseOfBuildings,accord_official,ACCORD Official,13,70,1,0,0,0,0,0,1,0,1,1,0,0,0
"Entrance lobbies will satisfy Requirement M1 or M2 if: a. their length with single swing doors is in accordance with Diagram 10 ; b. their length with double swing doors is at least (DP1 + DP2 + 1570mm) ; c. their width (excluding any projections into the space) is at least 1200mm (or (DL1 or DL2) + 300mm) whichever is the greater when single leaf doors are used, and at least 1800mm when double leaf doors are used ; d. glazing within the lobby does not create distracting reflections ; e. floor surface materials within the lobby do not impede the movement of wheelchairs , e.g.",0,82_UK_DocM_V2_AccessAndUseOfBuildings,accord_official,ACCORD Official,99,582,0,1,0,0,0,0,0,0,1,1,2,4,1
"Equipment should be designed, specified and installed with the aim of maximising its efficiency as installed.",1,233_UK_DocM_V2_AccessAndUseOfBuildings,accord_official,ACCORD Official,16,109,1,0,0,0,0,0,1,0,1,1,1,0,0
Erection of new buildings which are not residential buildings or mixed-use buildings.,0,60_UK_DocS_InfrastructureForChargingOfElectricalVehicles,accord_official,ACCORD Official,13,85,0,0,0,0,0,0,0,0,1,1,0,0,0
"Even if the designer and builder choose to reduce volatile organic compound (VOC)  levels in dwellings by controlling them at source, the ventilation requirements must still be met.",0,251_UK_DocF_V1_Ventilation,accord_official,ACCORD Official,28,181,1,0,0,0,0,1,0,0,1,1,1,0,0
"Even if the designer and builder choose to reduce volatile organic compound (VOC) levels in buildings by controlling them at source, the ventilation requirements must still be met.",0,117_UK_DocF_V2_Ventilation,accord_official,ACCORD Official,28,180,1,0,0,0,0,1,0,0,1,1,1,0,0
Every flight has a minimum clear width of 900mm.,1,20_UK_DocM_V1_AccessAndUseOfBuildings,accord_official,ACCORD Official,9,48,0,1,0,0,0,0,0,0,1,1,0,0,0
Every single bedroom has a minimum floor area of 8.5m2 and is at least 2.4m wide.,1,102_UK_DocM_V1_AccessAndUseOfBuildings,accord_official,ACCORD Official,18,81,0,2,0,0,0,0,0,0,1,1,0,0,2
Evidence from at least two suitable network operators that demonstrates one of the following.,0,59_UK_DocR_V1_InfrastructureForElectircalCommunications,accord_official,ACCORD Official,14,93,0,1,1,1,0,0,0,0,1,1,0,0,0
Evidence should be given to the building control body to demonstrate that the electrical power supply is not sufficient.,0,41_UK_DocS_InfrastructureForChargingOfElectricalVehicles,accord_official,ACCORD Official,19,120,1,0,0,0,0,0,1,0,1,1,0,0,0
Evidence that the chosen network operators are suitable should be provided.,1,47_UK_DocR_V1_InfrastructureForElectircalCommunications,accord_official,ACCORD Official,11,75,1,0,0,1,0,0,1,0,1,1,0,0,0
Exceptions may be acceptable for reasons of privacy or security.,0,69_UK_DocM_V2_AccessAndUseOfBuildings,accord_official,ACCORD Official,10,64,1,0,0,1,0,0,0,1,1,1,0,0,0
"Exempt buildings and work means the erection of any building or extension of a kind described in regulation 9 of and Schedule 2 to the Building Regulations 2010; or the carrying out of any work to or in connection with such a building or extension, if after the carrying out of that work it is still a building or extension of a kind described  in that Schedule.",0,15_UK_DocG_Sanitation,accord_official,ACCORD Official,67,362,0,0,2,1,0,0,0,0,1,1,1,1,3
Exemptions for covered areas.,0,14_UK_DocL_V1_ConsrvationOfFuelAndPower | 20_UK_DocM_V2_AccessAndUseOfBuildings,accord_official,ACCORD Official,4,29,0,0,0,0,0,0,0,0,1,1,0,0,0
Exhaust outlets should be located so that both of the following are achieved.,0,77_UK_DocF_V2_Ventilation,accord_official,ACCORD Official,13,77,1,0,1,0,0,0,1,0,1,1,0,0,0
"Existing insulation (if any) at ceiling level, less than 50mm, in poor condition, and/or likely to be significantly disturbed or removed as part of the planned work.",0,486_UK_DocL_V1_ConsrvationOfFuelAndPower,accord_official,ACCORD Official,28,165,0,1,0,0,0,0,0,0,1,1,3,0,0
Existing insulation thickness between 50mm and 100mm.,0,487_UK_DocL_V1_ConsrvationOfFuelAndPower,accord_official,ACCORD Official,7,53,0,0,0,0,0,0,0,0,1,1,0,0,0
Existing traditional cavity construction; and c. the person carrying out the work holds (or operates under) a current Certificate of Registration of Assessed Capability for the work he is doing; and d.  the material is in accordance with the relevant recommendations of BS 5617:1985 Specifications for urea formaldehyde (UF) foam systems suitable for thermal insulation of cavity walls with masonry or concrete inner and outer leaves; and e.  the installation is in accordance with BS 5618:1985 Code of practice for thermal insulation of cavity walls (with masonry or concrete inner and outer leaves) by filling with urea formaldehyde (UF) foam systems.,0,17_UK_DocD_ToxicSubstances,accord_official,ACCORD Official,103,653,0,0,0,1,0,0,0,0,1,1,0,3,4
"Existing windows, roof windows or rooflights (but excluding display windows) or doors (but excluding highusage entrance doors) within the area served should be replaced in line with the guidance in Section 10 if they have U-values higher than:for windows, roof windows and doors  3.30W/(m2K)for rooflights  3.80W/(m2K), calculated by following paragraph 4.4.",0,492_UK_DocM_V2_AccessAndUseOfBuildings,accord_official,ACCORD Official,59,358,1,0,1,2,0,0,1,0,1,1,3,0,4
"Expansion of the water when it is heated is accommodated either internally or externally and the system is fitted with safety devices to prevent water temperatures exceeding 100C, and Others applicable operating devices to control primary flow, prevent backflow, control working pressure and accommodate expansion.",0,40_UK_DocG_Sanitation,accord_official,ACCORD Official,45,314,0,0,1,0,0,0,0,0,1,1,3,0,0
Expansion vessel means a vessel to temporarily  accommodate the expansion of water from the  unvented hot water storage vessel as it is heated.,0,16_UK_DocG_Sanitation,accord_official,ACCORD Official,23,143,0,0,1,0,0,0,0,0,1,1,0,0,0
Expert advice should be sought.,0,78_UK_DocF_V1_Ventilation,accord_official,ACCORD Official,5,31,1,0,0,0,0,0,1,0,1,1,0,0,0
Exposed refrigeration pipework should be both of the following.,0,334_UK_DocL_V1_ConsrvationOfFuelAndPower,accord_official,ACCORD Official,9,63,1,0,1,0,0,0,1,0,1,1,0,0,0
Extension of buildings Others than dwellings.,0,413_UK_DocM_V2_AccessAndUseOfBuildings,accord_official,ACCORD Official,6,45,0,0,0,0,0,0,0,0,1,1,0,0,0
External doors.,0,52_UK_DocF_V1_Ventilation,accord_official,ACCORD Official,2,15,0,0,0,0,0,0,0,0,1,1,0,0,0
External shutters with means of ventilation.,0,34_UK_DocO_Overheating,accord_official,ACCORD Official,6,44,0,0,0,0,0,0,0,0,1,1,0,0,0
Extract ventilation for offices.,0,41_UK_DocF_V2_Ventilation,accord_official,ACCORD Official,4,32,0,0,0,0,0,0,0,0,1,1,0,0,0
Extract ventilation may be by natural means or by mechanical means (e.g. by an extract fan or acentral system).,1,105_UK_DocF_V2_Ventilation,accord_official,ACCORD Official,20,111,1,0,0,0,0,0,0,1,1,1,0,0,0
Extract ventilation may be by natural means or by mechanical means (e.g.by an extract fan or a central system).,0,236_UK_DocF_V1_Ventilation,accord_official,ACCORD Official,21,111,1,0,0,0,0,0,0,1,1,1,0,0,0
Extract ventilation should be provided in offices in all the following areas.,0,42_UK_DocF_V2_Ventilation,accord_official,ACCORD Official,12,77,1,0,1,0,0,0,1,0,1,1,0,0,0
"Extract ventilation terminals and fans, not including cooker extract hoods, should be installed to comply with both of the following conditions.",0,34_UK_DocF_V1_Ventilation,accord_official,ACCORD Official,21,144,1,0,1,0,0,0,1,0,1,1,2,0,0
Extract ventilation to the outside should be provided in all of the following spaces.,0,33_UK_DocF_V1_Ventilation,accord_official,ACCORD Official,14,85,1,0,1,0,0,0,1,0,1,1,0,0,0
Extract ventilation.,0,32_UK_DocF_V1_Ventilation,accord_official,ACCORD Official,2,20,0,0,0,0,0,0,0,0,1,1,0,0,0
Extract ventilators in sanitary accommodation should be capable of continuous operation if required.,1,48_UK_DocF_V2_Ventilation | 66_UK_DocF_V2_Ventilation,accord_official,ACCORD Official,13,100,1,0,0,0,0,0,1,0,1,1,0,0,0
F1(1)Purge ventilation.,0,45_UK_DocF_V1_Ventilation,accord_official,ACCORD Official,4,23,0,0,0,0,0,0,0,0,1,1,0,0,1
FOUNDATIONS OF PLAIN CONCRETE A1/2.,0,98_UK_DocA_Structure,accord_official,ACCORD Official,6,35,0,0,0,0,0,0,0,0,1,1,0,0,1
Facilitating future connection to any local district heat networks should be considered (e.g. providing capped off connections in pipework to allow later connection to a local district heat network).,1,232_UK_DocL_V1_ConsrvationOfFuelAndPower,accord_official,ACCORD Official,30,199,1,0,0,0,0,0,1,0,1,1,0,0,0
Facilitating future connection to any local district heat networks should be considered (e.g. providing capped off connections in pipework to allow laterconnection to a district heat network).,0,203_UK_DocM_V2_AccessAndUseOfBuildings,accord_official,ACCORD Official,28,192,1,0,0,0,0,0,1,0,1,1,0,0,0
Fans used for general air distribution that are rated at more than 1100W should be fitted with variable speed drives.,1,298_UK_DocM_V2_AccessAndUseOfBuildings,accord_official,ACCORD Official,20,117,1,0,0,0,0,0,1,0,1,1,0,0,0
Five ventilators if the dwelling has more than one bedroom.,0,90_UK_DocF_V1_Ventilation,accord_official,ACCORD Official,10,59,0,0,0,0,0,0,0,0,1,1,0,0,0
Fixed building services are used to heat space in the building to temperatures that are substantially lower than those normally provided for human comfort (e.g. to protect a warehouse from frost).,0,100_UK_DocM_V2_AccessAndUseOfBuildings,accord_official,ACCORD Official,32,196,0,0,1,0,0,0,0,0,1,1,0,0,0
Fixed building services must be commissioned to ensure that they use no more fuel and power than is reasonable in the circumstances.,1,371_UK_DocL_V1_ConsrvationOfFuelAndPower,accord_official,ACCORD Official,22,132,1,0,1,0,0,1,0,0,1,1,0,0,0
"Fixed building services should be commissioned with the aim of optimising their inuse performance, with reference to Section 5 and Section 6 of this approved document, which provide further guidance on minimum efficiencies, controls and Others relevant standards.",0,373_UK_DocM_V2_AccessAndUseOfBuildings,accord_official,ACCORD Official,38,263,1,1,1,1,0,0,1,0,1,1,3,0,2
"Fixed building services, including  controls, should be commissioned by testing and adjusting as necessary to ensure that they use no more fuel and power than is reasonable in the circumstances.",0,161_UK_DocG_Sanitation,accord_official,ACCORD Official,30,194,1,0,1,0,0,0,1,0,1,1,2,0,0
Fixings shall be corrosion resistant and of a material type appropriate for the local environment.,1,102_UK_DocA_Structure,accord_official,ACCORD Official,15,98,1,0,0,0,1,0,0,0,1,1,0,0,0
Fixings.,0,109_UK_DocA_Structure,accord_official,ACCORD Official,1,8,0,0,0,0,0,0,0,0,1,1,0,0,0
Fixings: care should be taken to ensure that fixings do not damage the airtightness barrier.,1,187_UK_DocL_V1_ConsrvationOfFuelAndPower,accord_official,ACCORD Official,15,92,1,0,0,0,0,0,1,0,1,1,0,0,0
"Floors and foundations: insulation should be installed tight to the structure, without air gaps between insulation panels and at edges.",1,148_UK_DocL_V1_ConsrvationOfFuelAndPower,accord_official,ACCORD Official,20,135,1,0,0,0,0,0,1,0,1,1,1,0,0
Flow rates in individual heat emitters should be balanced using either of the following.,0,394_UK_DocL_V1_ConsrvationOfFuelAndPower,accord_official,ACCORD Official,14,88,1,0,1,0,0,0,1,0,1,1,0,0,0
"Following the complete purging of micro air bubbles, a pressure test (in accordance with  BS EN 805, section 11.3.3.4) should be conducted on all closedloop ground source heat pump  installations to prove the integrity of the systems.",0,388_UK_DocL_V1_ConsrvationOfFuelAndPower,accord_official,ACCORD Official,40,234,1,0,0,1,0,0,1,0,1,1,2,0,3
Food preparation areas.,0,197_UK_DocG_Sanitation,accord_official,ACCORD Official,3,23,0,0,0,0,0,0,0,0,1,1,0,0,0
"For Standard Assessment Procedure modelling, SEDBUK values should be used.",0,260_UK_DocL_V1_ConsrvationOfFuelAndPower | 261_UK_DocL_V1_ConsrvationOfFuelAndPower | 274_UK_DocL_V1_ConsrvationOfFuelAndPower,accord_official,ACCORD Official,10,74,1,0,0,0,0,0,1,0,1,1,1,0,0
"For a building that contains more than one dwelling for example a block of flats or a terrace of houses an average target primary energy rate, target emission rate and target fabric energy efficiency rate may be calculated as an alternative to individual target rates for each dwelling.",1,50_UK_DocL_V1_ConsrvationOfFuelAndPower,accord_official,ACCORD Official,48,286,1,0,0,0,0,0,0,1,1,1,1,0,0
"For a building that contains more than one dwelling, such as a block of flats, a common access point and gigabit-ready physical infrastructure inside the building are required.",1,22_UK_DocR_V1_InfrastructureForElectircalCommunications,accord_official,ACCORD Official,29,176,1,0,1,0,0,0,0,0,1,1,2,0,0
"For a building that contains more than one dwelling, the gigabit-ready physical infrastructure inside the building should have sufficient capacity and dimensions to host at least one gigabit-capable public electronic communications network connection for each dwelling.",1,24_UK_DocR_V1_InfrastructureForElectircalCommunications,accord_official,ACCORD Official,38,269,1,1,0,0,0,0,1,0,1,1,1,0,0
"For a heat exchanger between a solar primary and secondary system, a minimum of 0.1m2 or equivalent of heat exchanger area should be provided for every 1m2 of the net absorber area of the solar collector.",1,323_UK_DocL_V1_ConsrvationOfFuelAndPower,accord_official,ACCORD Official,37,204,1,1,0,0,0,0,1,0,1,1,1,0,1
"For a new building and for work to an existing building, operating and maintenance instructions should be given to the owner of the building in a building log book.",0,393_UK_DocM_V2_AccessAndUseOfBuildings,accord_official,ACCORD Official,29,164,1,0,0,0,0,0,1,0,1,1,1,0,0
"For a new dwelling and for work to an existing dwelling, operating and maintenance instructions should be given to the owners of the dwelling for any fixed building services and onsite electricity generation installed as part of the work.",0,401_UK_DocL_V1_ConsrvationOfFuelAndPower,accord_official,ACCORD Official,39,238,1,0,0,0,0,0,1,0,1,1,1,0,0
"For a ramp that forms a means of escape, refer also to Approved Document B: Volume 2  Buildings Others than dwellinghouses, B1, Section 5.",0,72_UK_DocK_ProtectionFromFalling,accord_official,ACCORD Official,24,138,0,0,0,1,0,0,0,0,1,1,3,0,2
"For a residential building where all of the following apply, electric vehicle charge points should be provided for the associated parking spaces.",0,47_UK_DocS_InfrastructureForChargingOfElectricalVehicles,accord_official,ACCORD Official,22,145,1,0,1,0,0,0,1,0,1,1,1,0,0
"For a timber frame where the intermediate floor structure breaches the external wall insulation, further insulation  of the same thickness as the insulation used in the external wall should be included within the depth of the intermediate floor structure.",1,163_UK_DocL_V1_ConsrvationOfFuelAndPower,accord_official,ACCORD Official,39,255,1,0,0,0,0,0,1,0,1,1,1,0,0
"For absorption chillers used in conjunction with onsite CHP or a district heat network or community heating system, the CO2 emissions and primary energy should be calculated in the same way as when using CHP for heating.",1,284_UK_DocM_V2_AccessAndUseOfBuildings,accord_official,ACCORD Official,37,220,1,0,0,0,0,0,1,0,1,1,1,0,0
For all buildings.,0,35_UK_DocK_ProtectionFromFalling | 39_UK_DocK_ProtectionFromFalling | 77_UK_DocK_ProtectionFromFalling | 85_UK_DocK_ProtectionFromFalling,accord_official,ACCORD Official,3,18,0,0,0,0,0,0,0,0,1,1,0,0,0
"For an electric warm air system that is either a new system or is a replacement component, both of the following should be provided.",0,282_UK_DocL_V1_ConsrvationOfFuelAndPower,accord_official,ACCORD Official,24,132,1,0,1,0,0,0,1,0,1,1,1,0,0
"For an electrically operated appliance, an integral remote or thermostatic control should be provided.",1,277_UK_DocL_V1_ConsrvationOfFuelAndPower,accord_official,ACCORD Official,14,102,1,0,0,0,0,0,1,0,1,1,1,0,0
For any subsequent fitout works the guidance for existing buildings should be followed.,0,12_UK_DocM_V2_AccessAndUseOfBuildings,accord_official,ACCORD Official,13,87,1,0,0,0,0,0,1,0,1,1,0,0,0
"For associated parking spaces in a covered car park, the requirement to install electric vehicle charge points does not apply for those associated parking spaces and paragraphs 2.16 and 2.17 should be followed.",0,55_UK_DocS_InfrastructureForChargingOfElectricalVehicles,accord_official,ACCORD Official,35,210,1,0,1,1,0,0,1,0,1,1,1,0,2
"For background ventilators, all of the following measures should be undertaken and the results recorded using the checklist in Appendix C.a.",0,187_UK_DocF_V1_Ventilation,accord_official,ACCORD Official,22,140,1,0,1,1,0,0,1,0,1,1,1,0,0
"For blocks of flats with shared communal rooms, Approved Document F, Volume 2: Buildings Others than dwellings should be consulted.",0,1_UK_DocF_V1_Ventilation,accord_official,ACCORD Official,20,131,1,0,0,0,0,0,1,0,1,1,2,0,1
"For blocks of flats with shared communal rooms, this approved document should be consulted for those rooms.",0,1_UK_DocF_V2_Ventilation,accord_official,ACCORD Official,17,107,1,0,2,0,0,0,1,0,1,1,1,0,0
"For building systems that do not satisfy paragraph 6.66 or 6.67, consideration should be given to providing centralised controls to allow the facilities manager to switch off appliances when they are not needed.",0,321_UK_DocM_V2_AccessAndUseOfBuildings,accord_official,ACCORD Official,35,211,1,0,1,1,0,0,1,0,1,1,1,0,2
"For buildings Others than dwellings and for common access areas in buildings that contain flats, Provide all means of escape routes with a minimum clear headroom of 2m, except in doorways.",1,28_UK_DocK_ProtectionFromFalling,accord_official,ACCORD Official,31,188,0,1,0,0,0,0,0,0,1,1,2,0,0
For buildings Others than dwellings.,0,30_UK_DocK_ProtectionFromFalling | 57_UK_DocK_ProtectionFromFalling | 70_UK_DocK_ProtectionFromFalling,accord_official,ACCORD Official,5,36,0,0,0,0,0,0,0,0,1,1,0,0,0
"For car parks below ground level, enclosed car parks and multistorey car parks, the ventilation rate should be designed, and equipment installed, to limit carbon monoxide to both of the following: a. natural ventilation by appropriately located ventilation opening(s) with a total opening area of at least 1/50 of the floor area of the common space; b. mechanical ventilation installed to provide a supply of fresh air of 0.5 litres per second per m2 of floor area.",1,62_UK_DocF_V2_Ventilation,accord_official,ACCORD Official,80,465,1,1,2,0,0,0,1,0,1,1,4,1,3
For chillers with four points of part load EER: the SEER is calculated using equation 6.7 with each EER weighted equally.,0,279_UK_DocM_V2_AccessAndUseOfBuildings,accord_official,ACCORD Official,22,121,0,0,0,0,0,0,0,0,1,1,0,0,1
"For click taps and Others taps with a water break, the manufacturers stated full flow rate should be used to perform  calculations (measured as described  above).",0,204_UK_DocG_Sanitation,accord_official,ACCORD Official,26,162,1,0,1,0,0,0,1,0,1,1,1,0,0
"For common leaf lintels, the base plate should not be continuous and the lintel core should be insulated.",1,164_UK_DocL_V1_ConsrvationOfFuelAndPower,accord_official,ACCORD Official,18,105,1,0,0,0,0,0,1,0,1,1,1,0,0
"For constructing a building from modular sub-assemblies, or for relocating a modular or portable building, the guidance for new buildings should be followed, taking note of the special considerations for these building types outlined in Section 2.",0,13_UK_DocM_V2_AccessAndUseOfBuildings,accord_official,ACCORD Official,38,247,1,0,1,2,0,0,1,0,1,1,3,0,1
"For continuous mechanical ventilation systems, such as continuous mechanical extract ventilation or mechanical ventilation with heat recovery, the system should be balanced to achieve design air flow rates at each room terminal.",1,,accord_official,ACCORD Official,32,228,1,0,1,0,0,0,1,0,1,1,2,0,0
"For district cooling schemes, the CO2 and primary energy content of the cooling energy supplied should be calculated.",1,286_UK_DocM_V2_AccessAndUseOfBuildings,accord_official,ACCORD Official,18,117,1,0,0,0,0,0,1,0,1,1,1,0,0
"For district heat networks and community heating systems, both of the following should be done.",0,392_UK_DocL_V1_ConsrvationOfFuelAndPower,accord_official,ACCORD Official,15,95,1,0,1,0,0,0,1,0,1,1,1,0,0
"For ducted systems that are served by fans with a design flow rate greater than 1m3/s, ductwork leakage tests should be carried out.",1,385_UK_DocM_V2_AccessAndUseOfBuildings,accord_official,ACCORD Official,24,132,1,1,0,0,0,0,1,0,1,1,1,0,0
"For dwellings, for external tapered steps and stairs that are part of the building the going of each step should be a minimum of 280mm.",1,18_UK_DocK_ProtectionFromFalling,accord_official,ACCORD Official,25,135,1,1,0,0,0,0,1,0,1,1,1,0,0
"For each control zone and for each terminal unit, independent control of both of the following should be possible.",0,333_UK_DocL_V1_ConsrvationOfFuelAndPower,accord_official,ACCORD Official,19,114,1,0,1,0,0,0,1,0,1,1,1,0,0
"For each control zone and for each terminal unit, it should be possible to control both of the following (independent of Others control zones).",0,274_UK_DocM_V2_AccessAndUseOfBuildings,accord_official,ACCORD Official,24,143,1,0,2,0,0,0,1,0,1,1,1,0,0
For each control zone it should be possible to control all of the following (independent of Others control zones).,0,304_UK_DocM_V2_AccessAndUseOfBuildings,accord_official,ACCORD Official,19,114,1,0,2,0,0,0,1,0,1,1,0,0,0
For each control zone it should be possible to control both of the following independently of Others control zones.,0,211_UK_DocM_V2_AccessAndUseOfBuildings,accord_official,ACCORD Official,19,115,1,0,2,0,0,0,1,0,1,1,0,0,0
"For each new fixed building service in a new or existing building, the efficiency of the service should be no lower than the value set out in Section 6.",0,191_UK_DocM_V2_AccessAndUseOfBuildings,accord_official,ACCORD Official,29,152,1,0,0,1,0,0,1,0,1,1,1,0,1
"For each new fixed building service in a new or existing dwelling, the efficiency of the service should be no lower than the value set out in Section 6.",0,218_UK_DocL_V1_ConsrvationOfFuelAndPower,accord_official,ACCORD Official,29,152,1,0,0,1,0,0,1,0,1,1,1,0,1
"For each space in the building that is occupied or mechanically cooled, the solar gains through the glazing  aggregated from April to September inclusive  should be no greater than would occur through the relevant reference glazing systems in Table 4.3 with a defined total solar energy transmittance (gvalue) calculated according to BS EN 410.",0,166_UK_DocM_V2_AccessAndUseOfBuildings,accord_official,ACCORD Official,55,344,1,1,0,1,0,0,1,0,1,1,1,0,2
"For electric panel heaters that are either part of a new system or replacement components, time and temperature control should be provided to allow separate control for either of the following.",0,281_UK_DocL_V1_ConsrvationOfFuelAndPower,accord_official,ACCORD Official,31,193,1,0,1,0,0,0,1,0,1,1,1,0,0
"For electric storage heaters, both of the following should be met.",0,278_UK_DocL_V1_ConsrvationOfFuelAndPower,accord_official,ACCORD Official,11,66,1,0,1,0,0,0,1,0,1,1,1,0,0
"For electric systems, not less than 0.5(m2K)/W.",0,305_UK_DocL_V1_ConsrvationOfFuelAndPower,accord_official,ACCORD Official,10,47,0,2,0,0,0,0,0,0,1,1,1,0,1
"For emergency repairs, if it is not possible to notify the building control body in advance, the building control body should be notified as soon as possible.",1,4_UK_DocF_V1_Ventilation | 4_UK_DocF_V2_Ventilation,accord_official,ACCORD Official,27,158,1,0,1,0,0,0,1,0,1,1,2,0,0
"For example, ducting under land should be fully covered, and any infrastructure protruding from the building or ground should be encased where possible.",1,26_UK_DocR_V1_InfrastructureForElectircalCommunications,accord_official,ACCORD Official,23,152,1,0,0,0,0,0,1,0,1,1,2,0,0
"For example, glare and reflections from shiny surfaces, and large repeating patterns, should be avoided in spaces where visual acuity is critical as they will hamper communication for people with impaired vision, and those who lip read or use sign language.",1,150_UK_DocM_V2_AccessAndUseOfBuildings,accord_official,ACCORD Official,41,257,1,0,2,0,0,0,1,0,1,1,4,0,0
"For example, if there is a point that is as close to the distribution point as the developer can extend the gigabit-ready physical infrastructure to, but this would not be reasonably practicable for the developer due to the condition of the land in question, the infrastructure should be extended to an alternative point that is reasonably practicable.",1,12_UK_DocR_V1_InfrastructureForElectircalCommunications,accord_official,ACCORD Official,58,352,1,0,1,0,0,0,1,0,1,1,3,0,0
"For example, replacing a gas boiler with direct electric heaters as part of a deep retrofit project, where the resulting heat loss of the dwelling is less than 25kWh/m2 per year.",0,230_UK_DocL_V1_ConsrvationOfFuelAndPower,accord_official,ACCORD Official,32,178,0,1,1,0,0,0,0,0,1,1,2,0,0
"For example, the shutters should be used in the day and the windows opened only when it is cooler outside.",1,96_UK_DocO_Overheating,accord_official,ACCORD Official,20,106,1,0,1,0,0,0,1,0,1,1,1,0,0
"For example, when a door is open, people with impaired sight should be able to identify the door opening within the wall, as well as the leading edge of the door.",1,92_UK_DocM_V2_AccessAndUseOfBuildings,accord_official,ACCORD Official,31,162,1,0,0,0,0,0,1,0,1,1,3,0,0
"For existing buildings the dimensional requirements in Table 1.1 should be followed, unless due to dimensional constraints it is not possible.",0,20_UK_DocK_ProtectionFromFalling,accord_official,ACCORD Official,22,142,1,0,1,1,0,0,1,0,1,1,1,0,1
"For existing buildings, when any building work is carried out for which Section 5 and/or Section 6 of this approved document sets a standard, the energy performance of the fixed building services and onsite electricity generation affected by the work should be assessed and documented.",0,396_UK_DocM_V2_AccessAndUseOfBuildings,accord_official,ACCORD Official,46,285,1,0,1,1,0,0,1,0,1,1,2,0,2
"For existing dwellings, if work on an existing system alters the energy performance or CO2 emissions performance of the system, then the complete altered system should be assessed and the guidance for new or replacement systems in paragraph 9.7 should be followed.",0,411_UK_DocL_V1_ConsrvationOfFuelAndPower,accord_official,ACCORD Official,43,264,1,0,0,1,0,0,1,0,1,1,2,0,1
"For existing dwellings, when any building work is carried out for which Section 5 and/or Section 6 of this approved document sets a standard, the energy performance of the fixed building services and/or onsite electricity generation affected by the work should be assessed and documented.",0,406_UK_DocL_V1_ConsrvationOfFuelAndPower,accord_official,ACCORD Official,47,288,1,0,1,1,0,0,1,0,1,1,2,0,2
"For existing dwellings, when carrying out work on an existing system, such as installing or replacing
components (e.g. replacing a boiler but retaining the pipework and heat emitters), the energy performance of the new components should be assessed.",1,409_UK_DocL_V1_ConsrvationOfFuelAndPower,accord_official,ACCORD Official,39,249,1,0,1,0,0,0,1,0,1,1,3,0,0
"For existing dwellings, when installing a complete new or replacement system (e.g. replacing a heating system including the heating appliance, pipework and heat emitters), the energy performance of the whole system should be assessed.",1,407_UK_DocL_V1_ConsrvationOfFuelAndPower,accord_official,ACCORD Official,35,234,1,0,0,0,0,0,1,0,1,1,3,0,0
"For external walls, compartment walls and separating walls in cavity construction, the combined thickness of the two leaves plus 10mm should not be less than the thickness determined by paragraph 2C6 and Table 3 for a solid wall of the same height and length.",0,38_UK_DocA_Structure,accord_official,ACCORD Official,44,259,1,1,0,2,0,0,1,0,1,1,2,0,1
"For fixed terminals with automatic flow adjustment at the fan unit, the fan speed should be set to achieve the desired continuous flow rate.",1,208_UK_DocF_V1_Ventilation,accord_official,ACCORD Official,24,140,1,0,0,0,0,0,1,0,1,1,1,0,0
"For fixed terminals with flow adjustment by duct damper or a similar device at the fan unit, the guidance in subparagraphs (a) or (b) above should be followed, depending on the type of fan speed control.",0,204_UK_DocF_V1_Ventilation,accord_official,ACCORD Official,36,203,1,0,0,1,0,0,1,0,1,1,2,0,0
"For flights between landings the maximum number of risers should be : (i) utility stairs - 16 risers; (ii) general access stairs - 12 risers, but exceptionally no more than 16 in small premises where the plan area is restricted; (iii) stairs for access for maintenance, see paragraph 1.42.",0,37_UK_DocK_ProtectionFromFalling,accord_official,ACCORD Official,47,289,1,2,0,2,0,0,1,0,1,1,2,2,4
For floor areas greater than 10m2 minimum 250mm2 equivalent area per m2 of floor area.,0,84_UK_DocF_V2_Ventilation,accord_official,ACCORD Official,15,86,0,2,0,0,0,0,0,0,1,1,0,0,0
"For flued appliances, thermal efficiency should be measured to either of the following test standards, as applicable: a.  BS EN 1020 42  Approved Document L Volume 2, 2021 edition Table 6.3  Minimum heat generator seasonal efficiency for gas and oilfired warm air heatersb.",0,256_UK_DocM_V2_AccessAndUseOfBuildings,accord_official,ACCORD Official,44,273,1,1,1,1,0,0,1,0,1,1,3,0,5
"For further details of the asbuilt BRUKL report, see Appendix C.Heating in the building primary energy rate and the building emission rate calculations.",0,57_UK_DocM_V2_AccessAndUseOfBuildings,accord_official,ACCORD Official,24,152,0,0,0,2,0,0,0,0,1,1,1,0,0
"For further details of the design stage BRUKL report, see Appendix C.2.5  The building control body must be notified, once the work is complete, of all of the following.",0,56_UK_DocM_V2_AccessAndUseOfBuildings,accord_official,ACCORD Official,31,169,1,0,1,2,0,1,0,0,1,1,3,0,1
"For further information, reference should be made to Colour, contrast and perception Design guidance for internal built environments Reading University.",0,30_UK_DocM_V2_AccessAndUseOfBuildings,accord_official,ACCORD Official,20,152,1,0,0,0,0,0,1,0,1,1,2,0,0
"For heat pump installations in which there are Others heat sources available to the same building, each of these heat sources should be appropriately incorporated into a singular control system.",1,294_UK_DocM_V2_AccessAndUseOfBuildings | 315_UK_DocL_V1_ConsrvationOfFuelAndPower,accord_official,ACCORD Official,30,194,1,0,1,0,0,0,1,0,1,1,1,0,0
"For heating and cooling systems in a new non-domestic building, or when a heat generator such as a boiler is replaced in an existing non-domestic building, each room should be provided with thermostatic room controls.",1,220_UK_DocM_V2_AccessAndUseOfBuildings,accord_official,ACCORD Official,37,217,1,0,1,0,0,0,1,0,1,1,2,0,0
"For heating and cooling systems, paragraphs 5.9 to 5.17 should be followed, in addition to system specific advice in Section 6.",0,195_UK_DocM_V2_AccessAndUseOfBuildings,accord_official,ACCORD Official,23,127,1,0,0,2,0,0,1,0,1,1,2,0,3
"For heating and hot water systems in new dwellings, paragraphs 5.8 to 5.19 should be followed, in addition to the system specific guidance in Section 6.",0,223_UK_DocL_V1_ConsrvationOfFuelAndPower,accord_official,ACCORD Official,28,152,1,0,0,2,0,0,1,0,1,1,2,0,3
"For heating systems in new dwellings, or when a heat generator such as a boiler is replaced in an existing dwelling, each room should be provided with thermostatic room controls.",1,250_UK_DocL_V1_ConsrvationOfFuelAndPower,accord_official,ACCORD Official,30,178,1,0,1,0,0,0,1,0,1,1,2,0,0
"For heating systems that are being replaced, paragraphs 5.9 to 5.12 should be followed in addition to system specific guidance in Section 6.",0,202_UK_DocM_V2_AccessAndUseOfBuildings,accord_official,ACCORD Official,25,140,1,0,0,2,0,0,1,0,1,1,1,0,3
"For installing energy efficiency measures including window replacement, paragraphs 3.6 to 3.13 and 3.14 to 3.16.",0,132_UK_DocF_V1_Ventilation,accord_official,ACCORD Official,20,112,0,0,0,1,0,0,0,0,1,1,1,0,4
"For large or complex buildings, the guidance in Approved Document L, Volume 2: Buildings Others than dwellings should be followed.",0,340_UK_DocL_V1_ConsrvationOfFuelAndPower,accord_official,ACCORD Official,20,130,1,0,0,0,0,0,1,0,1,1,2,0,1
"For large or complex projects, a commissioning manager should be appointed.",1,374_UK_DocM_V2_AccessAndUseOfBuildings,accord_official,ACCORD Official,11,75,1,0,0,0,0,0,1,0,1,1,1,0,0
"For low-pressure ductwork, if at least 10 of the ductwork is tested at random and achieves the lowpressure standard as defined by DW/143, a calculated improvement in both the building primary energy rate and building emission rate may be claimed.",0,386_UK_DocM_V2_AccessAndUseOfBuildings,accord_official,ACCORD Official,42,246,1,1,0,0,0,0,0,1,1,1,2,0,2
"For major renovations to buildings Others than dwellings with more than 10 parking spaces, both of the following are provided.",0,77_UK_DocS_InfrastructureForChargingOfElectricalVehicles,accord_official,ACCORD Official,20,126,0,0,1,0,0,0,0,0,1,1,1,0,1
"For maximum heat losses from vessels with a storage volume less than 200 litres, see BS EN 15450.",0,183_UK_DocM_V2_AccessAndUseOfBuildings,accord_official,ACCORD Official,18,97,0,2,0,1,0,0,0,0,1,1,1,0,2
"For mechanical ventilation systems, fan units should be appropriately sized so that fans operating in normal background ventilation mode are not overly noisy, taking into consideration the use and likely background level of noise from Others sources.",1,23_UK_DocF_V2_Ventilation,accord_official,ACCORD Official,37,250,1,0,0,0,0,0,1,0,1,1,2,0,0
"For mechanical ventilation systems, fan units should be appropriately sized so that fans operating in normal background ventilation mode are not overly noisy.",1,23_UK_DocF_V1_Ventilation,accord_official,ACCORD Official,23,158,1,0,0,0,0,0,1,0,1,1,1,0,0
"For mixed-use buildings which have parking spaces within a covered car park, any requirements to install electric vehicle charge points or cable routes must first be applied to those parking spaces outside the covered car park.",1,95_UK_DocS_InfrastructureForChargingOfElectricalVehicles,accord_official,ACCORD Official,37,227,1,0,1,0,0,1,0,0,1,1,1,0,0
"For mobility-impaired people, a going of at least 300mm is preferred.",1,124_UK_DocM_V2_AccessAndUseOfBuildings,accord_official,ACCORD Official,12,69,0,1,0,0,0,0,0,0,1,1,1,0,0
"For modular and portable buildings intended for use at more than one location, for example under hire agreements, follow paragraphs 2.16 to 2.19.",0,79_UK_DocM_V2_AccessAndUseOfBuildings,accord_official,ACCORD Official,25,145,0,0,0,2,0,0,0,0,1,1,2,0,2
"For modular or portable buildings of the type described in paragraph 2.16, a target primary energy rate and building primary energy rate calculation and target emission rate and building emission rate calculation should be carried out when the portable building or its modular components are first constructed.",0,86_UK_DocM_V2_AccessAndUseOfBuildings,accord_official,ACCORD Official,48,310,1,0,0,2,0,0,1,0,1,1,1,0,1
"For multiple boilers in new buildings, the four-step method described below should be used to calculate the overall boiler seasonal efficiency.",0,243_UK_DocM_V2_AccessAndUseOfBuildings,accord_official,ACCORD Official,22,143,1,0,0,0,0,0,1,0,1,1,1,0,0
"For new and existing buildings Others than dwellings, information should be provided in a new or existing building log book.",1,98_UK_DocF_V2_Ventilation,accord_official,ACCORD Official,20,124,1,0,0,0,0,0,1,0,1,1,1,0,0
For new and existing dwellings the approved procedure for hot water systems is set out in the Domestic Heating Compliance Guide; for buildings Others than  dwellings in CIBSE Commissioning Code M. 3.75 Commissioning must be carried out in such a way as not to prejudice compliance with any applicable health and safety requirements.,0,164_UK_DocG_Sanitation,accord_official,ACCORD Official,54,332,1,0,1,0,0,1,0,0,1,1,0,1,1
"For new buildings Others than residential or mixed-use buildings with more than 10 parking spaces, both of the following are provided.",0,63_UK_DocS_InfrastructureForChargingOfElectricalVehicles,accord_official,ACCORD Official,22,134,0,0,1,0,0,0,0,0,1,1,1,0,1
"For new dwellings, a signed copy of the Building Regulations England Part L compliance report (BREL report) and photographic evidence of the build quality should be provided to the home-owner.",0,404_UK_DocL_V1_ConsrvationOfFuelAndPower,accord_official,ACCORD Official,31,192,1,0,0,0,0,0,1,0,1,1,1,0,0
"For new dwellings, the commissioning plan should be given to the building control body with the design stage dwelling primary energy rate, dwelling emission rate and dwelling fabric energy efficiency rate calculations.",1,374_UK_DocL_V1_ConsrvationOfFuelAndPower,accord_official,ACCORD Official,32,218,1,0,0,0,0,0,1,0,1,1,2,0,0
"For new dwellings, the services and controls for the network termination point and fixed electrical supply, including socket outlets and switches, should be in a position which is easy to reach in accordance with the services and controls guidance supporting Part M in Schedule 1 to the Building Regulations (Access to and use of buildings).",0,43_UK_DocR_V1_InfrastructureForElectircalCommunications,accord_official,ACCORD Official,55,341,1,0,0,1,0,0,1,0,1,1,3,0,1
"For notifiable electrical installation work, one of the following three procedures must be used to certify that the work complies with the requirements set out in the Building Regulations.",0,22_UK_DocP_ElectricalSafety,accord_official,ACCORD Official,29,188,1,0,1,0,0,1,0,0,1,1,1,0,0
"For parking spaces in a covered car park, the requirement to install electric vehicle charge points does not apply for those parking spaces and paragraphs 2.16 and 2.17 should be followed.",0,45_UK_DocS_InfrastructureForChargingOfElectricalVehicles,accord_official,ACCORD Official,33,188,1,0,1,1,0,0,1,0,1,1,1,0,2
"For purge ventilation in a new conservatory, paragraphs 1.26 to 1.31 should be followed.",0,162_UK_DocF_V1_Ventilation,accord_official,ACCORD Official,16,88,1,0,0,1,0,0,1,0,1,1,1,0,2
"For purge ventilation in a new habitable room in a dwelling, paragraphs 1.26 to 1.31 should be followed.",0,156_UK_DocF_V1_Ventilation,accord_official,ACCORD Official,20,104,1,0,0,2,0,0,1,0,1,1,1,0,2
For ramps that are less than 1000mm wide: provide a handrail on one or both sides.,0,73_UK_DocK_ProtectionFromFalling,accord_official,ACCORD Official,16,82,0,1,0,0,0,0,0,0,1,1,0,0,0
"For recessed meter boxes on the cold side of the construction, insulation should be installed behind the enclosure.",1,151_UK_DocL_V1_ConsrvationOfFuelAndPower,accord_official,ACCORD Official,18,115,1,0,0,0,0,0,1,0,1,1,1,0,0
"For roof-lights, U-values should be calculated based on a horizontal position.",1,111_UK_DocL_V1_ConsrvationOfFuelAndPower,accord_official,ACCORD Official,13,78,1,0,0,0,0,0,1,0,1,1,1,0,0
"For rooflights, U-values should be calculated based on a horizontal position.",1,130_UK_DocM_V2_AccessAndUseOfBuildings,accord_official,ACCORD Official,12,77,1,0,0,0,0,0,1,0,1,1,1,0,0
"For roofs insulated at ceiling level, the long-term protection of the insulation layer should be considered: boarded areas should be provided above the insulation to give access for maintenance.",1,144_UK_DocL_V1_ConsrvationOfFuelAndPower,accord_official,ACCORD Official,30,194,1,0,0,0,0,0,1,0,1,1,1,0,0
"For rooms designed to contain printers and photocopiers in substantial use (more than 30 minutes per hour), both of the following should apply.",0,45_UK_DocF_V2_Ventilation,accord_official,ACCORD Official,23,143,1,0,1,0,0,0,1,0,1,1,1,0,1
"For sizes of cylinder not listed, the heat loss from the cylinder should not exceed (16.66  8.33  V0.4)/(1000  24), where V is the volume in litres.",1,208_UK_DocL_V1_ConsrvationOfFuelAndPower,accord_official,ACCORD Official,30,148,1,1,0,0,0,0,1,0,1,1,2,0,5
"For sliding doors and gates, provide both of the following: (i) a stop or Others effective means to prevent them coming off the end of the track; (ii) a retaining rail to prevent doors and gates falling if the suspension system fails or the rollers leave the track.",1,120_UK_DocK_ProtectionFromFalling,accord_official,ACCORD Official,48,265,0,0,1,0,0,0,0,0,1,1,1,1,0
"For space heating systems, temperature control should be installed for the heating appliance.",1,248_UK_DocL_V1_ConsrvationOfFuelAndPower,accord_official,ACCORD Official,13,93,1,0,0,0,0,0,1,0,1,1,1,0,0
"For stairs that form part of means of escape, refer also to Approved Document B: Fire safety,  Volume 2  Buildings Others than dwellinghouses.",0,31_UK_DocK_ProtectionFromFalling,accord_official,ACCORD Official,23,142,0,0,0,0,0,0,0,0,1,1,2,0,1
"For systems that have the ability to use free cooling or heat recovery, the SEER should be derived for the specific application, including free cooling or heat recovery elements.",1,282_UK_DocM_V2_AccessAndUseOfBuildings,accord_official,ACCORD Official,29,178,1,0,0,0,0,0,1,0,1,1,2,0,0
"For systems with a total power capacity less than 5kWe, follow the guidance in Approved Document L, Volume 1: Dwellings.",0,262_UK_DocM_V2_AccessAndUseOfBuildings,accord_official,ACCORD Official,20,120,0,1,0,0,0,0,0,0,1,1,2,0,1
"For taps, where there are separate hot and cold water taps, the flow rate of each tap should be entered separately as two tap types to calculate the average flow rate.",1,219_UK_DocG_Sanitation,accord_official,ACCORD Official,31,167,1,0,0,0,0,0,1,0,1,1,2,0,0
"For the common areas of buildings that contain more than one dwelling, the following guidance applies.",0,3_UK_DocL_V1_ConsrvationOfFuelAndPower,accord_official,ACCORD Official,16,102,0,0,1,0,0,0,0,0,1,1,1,0,0
"For the first fitout works in buildings, such as shell-and-core office buildings, guidance for new buildings covering first fitout should be followed.",0,11_UK_DocM_V2_AccessAndUseOfBuildings,accord_official,ACCORD Official,24,150,1,0,1,0,0,0,1,0,1,1,2,0,0
"For the purposes of this approved document, for all dwellings (both new and existing, where Part F applies), the moisture criteria are likely to be met if, during the colder months of the year, the moving average surface water activity of the internal surfaces of external walls is always less than the value in Table B2, evaluated over each moving average period.",0,253_UK_DocF_V1_Ventilation,accord_official,ACCORD Official,62,364,0,1,1,1,0,0,0,0,1,1,6,0,0
"For the purposes of this approved document, hard water is water that has a total water hardness of greater than 200ppm of CaCO3.",0,459_UK_DocM_V2_AccessAndUseOfBuildings | 460_UK_DocL_V1_ConsrvationOfFuelAndPower,accord_official,ACCORD Official,23,128,0,1,1,0,0,0,0,0,1,1,1,0,0
"For the purposes of this approved document, natural ventilation refers to a ventilation strategy using background ventilators and intermittent extract ventilation.",0,240_UK_DocF_V1_Ventilation,accord_official,ACCORD Official,21,163,0,0,1,0,0,0,0,0,1,1,1,0,0
"For the purposes of this document, economically feasible means that the measure would achieve a simple payback after one of the following.",0,457_UK_DocM_V2_AccessAndUseOfBuildings | 458_UK_DocL_V1_ConsrvationOfFuelAndPower,accord_official,ACCORD Official,22,138,0,0,2,0,0,0,0,0,1,1,1,0,0
"For the simplified method, the strategy to reduce overheating risk should be selected according to the location of the new residential building and whether it has crossventilation, following paragraphs 1.3 to 1.5.",0,23_UK_DocO_Overheating,accord_official,ACCORD Official,34,213,1,0,1,1,0,0,1,0,1,1,2,0,2
"For these purposes, under construction means any of the following.",0,458_UK_DocM_V2_AccessAndUseOfBuildings | 459_UK_DocL_V1_ConsrvationOfFuelAndPower,accord_official,ACCORD Official,10,66,0,0,2,0,0,0,0,0,1,1,1,0,0
"For trench fill foundations the overlap should be twice the height of the step or 1m, whichever is greater; e. steps in foundations should not be of greater height than the thickness of the foundation(see Diagram 21); f. foundations for piers, buttresses and chimneys should project as indicated in Diagram 22 and the projection X should never be less than the value of P where there is no local thickening of the wall.",0,97_UK_DocA_Structure,accord_official,ACCORD Official,74,419,1,1,0,1,0,0,1,0,1,1,2,2,2
"For variable refrigerant flow (VRF) systems, any calculations must include indoor and outdoor conditions, the power input from controls, and indoor units.",1,283_UK_DocM_V2_AccessAndUseOfBuildings,accord_official,ACCORD Official,22,154,1,0,0,0,0,1,0,0,1,1,3,0,0
"For wet heating systems in new dwellings with a floor area of 150m2 or greater, a minimum of two independently controlled heating circuits should be provided.",1,246_UK_DocL_V1_ConsrvationOfFuelAndPower,accord_official,ACCORD Official,26,158,1,1,0,0,0,0,1,0,1,1,1,0,0
"For wet systems, not less than 0.75(m2K)/W.",0,306_UK_DocL_V1_ConsrvationOfFuelAndPower,accord_official,ACCORD Official,10,43,0,2,0,0,0,0,0,0,1,1,1,0,1
"For windows and roof windows, U-values should be calculated based on a vertical position.",1,110_UK_DocL_V1_ConsrvationOfFuelAndPower | 129_UK_DocM_V2_AccessAndUseOfBuildings,accord_official,ACCORD Official,15,89,1,0,0,0,0,0,1,0,1,1,1,0,0
"For work on new or existing solar water heating systems, controls should be fitted to or upgraded in solar domestic hot water systems to do all of the following.",0,324_UK_DocL_V1_ConsrvationOfFuelAndPower,accord_official,ACCORD Official,29,161,1,0,1,0,0,0,1,0,1,1,1,0,0
"Foundations: wherever possible, blocks below the damp-proof course should be the same as those specified in the design for the above-ground main wall element (in masonry construction).",1,159_UK_DocL_V1_ConsrvationOfFuelAndPower,accord_official,ACCORD Official,29,184,1,0,2,0,0,0,1,0,1,1,1,0,0
Frames should be mechanically fixed to the structure of the building in accordance with the manufacturers installation instructions.,1,13_UK_DocQ_Security_Dwellings | 22_UK_DocQ_Security_Dwellings,accord_official,ACCORD Official,18,132,1,0,0,0,0,0,1,0,1,1,0,0,0
"Fully insulated and continuous cavity closers should be used, installed tight to the insulation and cavity apertures.",1,140_UK_DocL_V1_ConsrvationOfFuelAndPower,accord_official,ACCORD Official,17,117,1,0,0,0,0,0,1,0,1,1,1,0,0
Further ductwork sections should be tested as set out in DW/143.,0,388_UK_DocM_V2_AccessAndUseOfBuildings,accord_official,ACCORD Official,12,64,1,0,0,1,0,0,1,0,1,1,0,0,1
Further ventilation provision should be provided by one of the following means.,0,143_UK_DocF_V1_Ventilation,accord_official,ACCORD Official,12,79,1,0,1,0,0,0,1,0,1,1,0,0,0
Further ventilation should be provided by one of the following means.,0,144_UK_DocF_V1_Ventilation,accord_official,ACCORD Official,11,69,1,0,1,0,0,0,1,0,1,1,0,0,0
Future connection locations.,0,115_UK_DocS_InfrastructureForChargingOfElectricalVehicles,accord_official,ACCORD Official,3,28,0,0,0,0,0,0,0,0,1,1,0,0,0
GENERAL GUIDANCE.,0,26_UK_DocG_Sanitation,accord_official,ACCORD Official,2,17,0,0,0,0,0,0,0,0,1,1,0,0,0
"Gangways should not be less than 1100mm wide unless used by not more than 50 persons, in which case gangways should be a minimum of 900mm.",1,8_UK_DocK_ProtectionFromFalling,accord_official,ACCORD Official,26,138,1,2,0,0,0,0,1,0,1,1,1,0,1
Gasfired boilers and multi-stage oilfired boilers with an output of more than 500kW should have fully modulating burner controls.,1,252_UK_DocM_V2_AccessAndUseOfBuildings,accord_official,ACCORD Official,20,129,1,0,0,0,0,0,1,0,1,1,0,0,0
General provisions.,0,53_UK_DocM_V1_AccessAndUseOfBuildings | 69_UK_DocM_V1_AccessAndUseOfBuildings,accord_official,ACCORD Official,2,19,0,0,0,0,0,0,0,0,1,1,0,0,0
General.,0,121_UK_DocF_V2_Ventilation | 21_UK_DocP_ElectricalSafety | 39_UK_DocM_V1_AccessAndUseOfBuildings,accord_official,ACCORD Official,1,8,0,0,0,0,0,0,0,0,1,1,0,0,0
"Generally, a thermal element once upgraded should not have a U-value greater than 0.7W/(m2K).",1,125_UK_DocL_V1_ConsrvationOfFuelAndPower | 143_UK_DocM_V2_AccessAndUseOfBuildings,accord_official,ACCORD Official,17,93,1,1,0,0,0,0,1,0,1,1,1,0,1
"Generally, gradients within the approach should be as gentle as possible.",1,40_UK_DocM_V2_AccessAndUseOfBuildings,accord_official,ACCORD Official,11,73,1,0,0,0,0,0,1,0,1,1,1,0,0
"Geo-location should be enabled to confirm the location, date and time of each image.",1,484_UK_DocL_V1_ConsrvationOfFuelAndPower,accord_official,ACCORD Official,15,84,1,0,0,0,0,0,1,0,1,1,1,0,0
Gigabit-capable electronic communications network: An electronic communications network that is capable of delivering broadband access services at download speeds of at least 1000 Mbps.,0,65_UK_DocR_V1_InfrastructureForElectircalCommunications,accord_official,ACCORD Official,25,185,0,1,0,0,0,0,0,0,1,1,0,0,1
"Glazing, with which people are likely to come into contact whilst moving in or about the building shall: (a) if broken on impact, break in a way which is unlikely to cause injury; or (b) resist impact without breaking; or (c) be shielded or protected from impact.",1,92_UK_DocK_ProtectionFromFalling,accord_official,ACCORD Official,47,263,1,0,0,0,1,0,0,0,1,1,2,2,0
Glazing.,0,41_UK_DocQ_Security_Dwellings,accord_official,ACCORD Official,1,8,0,0,0,0,0,0,0,0,1,1,0,0,0
Good acoustic design should be employed to achieve an acoustic environment that is neither too reverberant nor too absorbent so that announcements and conversations can be heard clearly.,1,99_UK_DocM_V2_AccessAndUseOfBuildings,accord_official,ACCORD Official,28,186,1,0,0,0,0,0,1,0,1,1,0,0,0
"Gradients should be as shallow as practicable, as steep gradients create difficulties for some wheelchair users who lack the strength to propel themselves up a slope or have difficulty in slowing down or stopping when descending.",1,50_UK_DocM_V2_AccessAndUseOfBuildings,accord_official,ACCORD Official,36,229,2,0,0,0,1,0,1,0,1,1,1,0,0
Greywater calculations.,0,229_UK_DocG_Sanitation,accord_official,ACCORD Official,2,23,0,0,0,0,0,0,0,0,1,1,0,0,0
Greywater demand calculation.,0,230_UK_DocG_Sanitation,accord_official,ACCORD Official,3,29,0,0,0,0,0,0,0,0,1,1,0,0,0
Grommets or flexible collars should be used around incoming services and sealed to the air barrier with air-sealing tape or sealant.,1,179_UK_DocL_V1_ConsrvationOfFuelAndPower,accord_official,ACCORD Official,22,132,1,0,0,0,0,0,1,0,1,1,0,0,0
Ground arrays including header pipes and manifolds should be flushed as one system to remove all debris and purged to remove all air.,1,384_UK_DocL_V1_ConsrvationOfFuelAndPower,accord_official,ACCORD Official,23,133,1,0,0,0,0,0,1,0,1,1,0,0,0
"Ground floor, basement and Others easily accessible windows (including easily accessible rooflights) should be secure windows in accordance with paragraphs 2.2 and 2.3.",0,18_UK_DocQ_Security_Dwellings,accord_official,ACCORD Official,25,168,1,0,0,1,0,0,1,0,1,1,1,0,2
Ground floors and external walls: the wall-to-floor junctions should be detailed to achieve continuity of insulation.,1,160_UK_DocL_V1_ConsrvationOfFuelAndPower,accord_official,ACCORD Official,18,117,1,0,0,0,0,0,1,0,1,1,0,0,0
Ground floors and those in contact with the outside of the dwelling should be insulated to limit heat losses to not more than 10W/m2.,1,302_UK_DocL_V1_ConsrvationOfFuelAndPower,accord_official,ACCORD Official,25,133,1,0,2,0,0,0,1,0,1,1,0,0,0
Guarding for loading bays.,0,84_UK_DocK_ProtectionFromFalling,accord_official,ACCORD Official,4,26,0,0,0,0,0,0,0,0,1,1,0,0,0
Guarding should be sized to prevent the passage of a 100mm sphere.,1,85_UK_DocO_Overheating,accord_official,ACCORD Official,12,66,1,0,0,0,0,0,1,0,1,1,0,0,0
Guidance in Approved Document C should be followed.,0,19_UK_DocL_V1_ConsrvationOfFuelAndPower | 25_UK_DocM_V2_AccessAndUseOfBuildings,accord_official,ACCORD Official,8,51,1,0,0,0,0,0,1,0,1,1,0,0,0
Guidance in Section 1 should be followed.,0,133_UK_DocF_V1_Ventilation | 80_UK_DocF_V2_Ventilation,accord_official,ACCORD Official,7,41,1,0,0,1,0,0,1,0,1,1,0,0,1
Guidance in Section 12 should be followed.,0,430_UK_DocL_V1_ConsrvationOfFuelAndPower,accord_official,ACCORD Official,7,42,1,0,0,1,0,0,1,0,1,1,0,0,1
Guidance on when a new element must meet the standards in Table 4.2 is given in Section 10.,0,116_UK_DocL_V1_ConsrvationOfFuelAndPower,accord_official,ACCORD Official,19,91,1,0,0,2,0,1,0,0,1,1,0,0,2
Guidance on when a new or replacement element in an existing building must meet the requirements in this table is given in Section 10.,0,132_UK_DocM_V2_AccessAndUseOfBuildings,accord_official,ACCORD Official,24,134,1,0,1,2,0,1,0,0,1,1,0,0,1
"Handrails should be set at heights that are convenient for all users of the building and should extend safely beyond the top and bottom of a flight of steps, or a ramp, to give both stability and warning of the presence of a change in level.",1,58_UK_DocM_V2_AccessAndUseOfBuildings,accord_official,ACCORD Official,46,241,1,0,0,0,0,0,1,0,1,1,2,0,0
Handrails should be spaced away from the wall and rigidly supported in a way that avoids impeding finger grip.,1,57_UK_DocM_V2_AccessAndUseOfBuildings,accord_official,ACCORD Official,19,110,1,0,0,0,0,0,1,0,1,1,0,0,0
Harvested rainwater means rainwater harvested  from roofs or Others suitable surfaces and  collected and stored.,0,17_UK_DocG_Sanitation,accord_official,ACCORD Official,15,112,0,0,0,1,0,0,0,0,1,1,0,0,0
Hazards on access routes.,0,121_UK_DocK_ProtectionFromFalling,accord_official,ACCORD Official,4,25,0,0,0,0,0,0,0,0,1,1,0,0,0
Heat interface units.,0,209_UK_DocL_V1_ConsrvationOfFuelAndPower,accord_official,ACCORD Official,3,21,0,0,0,0,0,0,0,0,1,1,0,0,0
Heat loss should be minimised by following the guidance in paragraphs 6.29 to 6.32.,0,300_UK_DocL_V1_ConsrvationOfFuelAndPower,accord_official,ACCORD Official,16,83,1,0,0,1,0,0,1,0,1,1,0,0,2
"Heat losses from insulated pipework should not exceed those given in BS 5422 for hot water services at 60C, regardless of the actual design temperature.",0,202_UK_DocL_V1_ConsrvationOfFuelAndPower,accord_official,ACCORD Official,25,152,1,1,1,0,0,0,1,0,1,1,1,0,1
Heat pumps should be located and installed subject to the manufacturers guidance.,1,316_UK_DocL_V1_ConsrvationOfFuelAndPower,accord_official,ACCORD Official,12,81,1,0,0,0,0,0,1,0,1,1,0,0,0
Heat pumps should be selected to meet the full space heating requirement at the design condition chosen for heat loss calculations.,1,243_UK_DocL_V1_ConsrvationOfFuelAndPower,accord_official,ACCORD Official,21,131,1,0,0,0,0,0,1,0,1,1,0,0,0
Heat recovery.,0,308_UK_DocM_V2_AccessAndUseOfBuildings,accord_official,ACCORD Official,2,14,0,0,0,0,0,0,0,0,1,1,0,0,0
Heated water storage for space or domestic hot water.,0,206_UK_DocL_V1_ConsrvationOfFuelAndPower,accord_official,ACCORD Official,9,53,0,0,0,0,0,0,0,0,1,1,0,0,0
"Heated wholesome water means water that,  when cold, was wholesome in accordance with  the definition below and has been subjected to  a heat source to increase its temperature.",0,18_UK_DocG_Sanitation,accord_official,ACCORD Official,28,177,0,0,0,0,0,0,0,0,1,1,2,0,0
Heating and cooling system circulators and water pumps.,0,288_UK_DocM_V2_AccessAndUseOfBuildings,accord_official,ACCORD Official,8,55,0,0,0,0,0,0,0,0,1,1,0,0,0
Heating systems for screed floors that are greater than 65mm thick should automatically reduce the room temperature at night or when the room is unoccupied.,1,299_UK_DocL_V1_ConsrvationOfFuelAndPower,accord_official,ACCORD Official,25,156,1,1,0,0,0,0,1,0,1,1,0,0,0
"High excitation purity light sources Colour-tuneable light sources that can be set to at least the colours listed in Table A1 and which have for each of these colours, measured at the dominant wavelength, the minimum excitation purity shown.",0,460_UK_DocM_V2_AccessAndUseOfBuildings,accord_official,ACCORD Official,40,241,0,2,1,1,0,0,0,0,1,1,2,0,0
High-speed electronic communications network: An electronic communications network which is capable of delivering broadband access services at speeds of at least 30 Mbps.,0,13_UK_DocR_V2_InfrastructureForElectircalCommunications | 66_UK_DocR_V1_InfrastructureForElectircalCommunications,accord_official,ACCORD Official,24,170,0,1,0,0,0,0,0,0,1,1,0,0,1
Hinged or pivot windows with an opening angle of less than 15 degrees are not suitable for purge ventilation.,1,53_UK_DocF_V1_Ventilation,accord_official,ACCORD Official,19,109,0,1,0,1,0,0,0,0,1,1,0,0,1
Historic and traditional buildings.,0,16_UK_DocM_V2_AccessAndUseOfBuildings,accord_official,ACCORD Official,4,35,0,0,0,0,0,0,0,0,1,1,0,0,0
Historic and traditional dwellings.,0,10_UK_DocL_V1_ConsrvationOfFuelAndPower,accord_official,ACCORD Official,4,35,0,0,0,0,0,0,0,0,1,1,0,0,0
Home User Guide for new dwellings.,0,231_UK_DocF_V1_Ventilation,accord_official,ACCORD Official,6,34,0,0,0,0,0,0,0,0,1,1,0,0,0
Home User Guide.,0,98_UK_DocO_Overheating,accord_official,ACCORD Official,3,16,0,0,0,0,0,0,0,0,1,1,0,0,0
Hot water and heating pipework.,0,198_UK_DocL_V1_ConsrvationOfFuelAndPower,accord_official,ACCORD Official,5,31,0,0,0,0,0,0,0,0,1,1,0,0,0
Hot water pipework should be insulated in all areas inside and outside the building unless it can be demonstrated that the heat is always useful.,1,170_UK_DocM_V2_AccessAndUseOfBuildings,accord_official,ACCORD Official,25,145,1,0,1,0,0,0,1,0,1,1,0,0,0
Hot water storage system means a vessel  for storing:  a. heated wholesome hot water or softened  wholesome hot water for subsequent use  b. water that is used to heat Others water  together with any ancillary safety devices  described in paragraphs 3.10 and 3.11 of this   and all Others applicable  operating devices.,0,19_UK_DocG_Sanitation,accord_official,ACCORD Official,53,319,0,0,1,1,0,0,0,0,1,1,0,0,2
"Hot water storage system package means  a hot water storage system having the  safety devices described in 3.10 and 3.17 of  this  factory-fitted by the  manufacturer, together with a kit containing Others  applicable devices supplied by the manufacturer  to be fitted by the installer.",0,20_UK_DocG_Sanitation,accord_official,ACCORD Official,47,286,0,0,2,0,0,0,0,0,1,1,1,0,2
Hot water storage system unit means a hot  water storage system having the safety devices  described in 3.10 and 3.17 of this Approved  Document and all Others applicable operating  devices factory-fitted by the manufacturer.,0,21_UK_DocG_Sanitation,accord_official,ACCORD Official,37,225,0,0,2,0,0,0,0,0,1,1,0,0,2
"Hot water storage systems should be designed and installed in accordance with BS  6700:2006  A1:2009 Specification for design,  installation, testing and maintenance of services supplying water for domestic use within buildings and their curtilages or BS EN 12897:2006 Water supply.",1,97_UK_DocG_Sanitation,accord_official,ACCORD Official,43,282,1,0,0,0,0,0,1,0,1,1,2,0,5
House longhorn beetle.,0,17_UK_DocA_Structure,accord_official,ACCORD Official,3,22,0,0,0,0,0,0,0,0,1,1,0,0,0
"How the measurements can help you take action CO2 measurements should be used as a broad guide to ventilation within a space, rather than treated as safe thresholds.",1,126_UK_DocF_V2_Ventilation,accord_official,ACCORD Official,28,165,1,0,0,0,0,0,1,0,1,1,1,0,0
How to use this.,0,5_UK_DocG_Sanitation,accord_official,ACCORD Official,4,16,0,0,0,0,0,0,0,0,1,1,0,0,0
"However,  where the BCB is an Approved Inspector and  the dwelling is occupied before completion,  the notice must be given no later than the day  that the initial notice ceases to be in force in  consequence of regulation 18 of the Building  (Approved Inspectors etc) Regulations when this  is earlier than five days after the completion of  the work.",0,85_UK_DocG_Sanitation,accord_official,ACCORD Official,59,352,1,0,1,0,0,1,0,0,1,1,2,0,1
"However, Others space heating systems also in use in the same building should be controlled using thermostatic room controls as described above.",0,224_UK_DocM_V2_AccessAndUseOfBuildings,accord_official,ACCORD Official,22,144,1,0,1,0,0,0,1,0,1,1,1,0,0
"However, Others space heating systems also in use in the same dwelling should be controlled using thermostatic room controls as described above.",0,255_UK_DocL_V1_ConsrvationOfFuelAndPower,accord_official,ACCORD Official,22,144,1,0,1,0,0,0,1,0,1,1,1,0,0
"However, anOthers means of continuous pressure control may need to be considered to accommodate the needs of users with varying degrees of manual dexterity.",0,114_UK_DocM_V2_AccessAndUseOfBuildings,accord_official,ACCORD Official,24,156,1,0,0,0,0,0,0,1,1,1,1,0,0
"However, anOthers means of continuous pressure control may need to be considered to accommodate users with varying degrees of manual dexterity.",0,121_UK_DocM_V2_AccessAndUseOfBuildings,accord_official,ACCORD Official,21,143,1,0,0,0,0,0,0,1,1,1,1,0,0
"However, building work may be subject to more than one requirement of the Building Regulations.",1,1_UK_DocG_Sanitation,accord_official,ACCORD Official,15,95,1,0,0,0,0,0,0,1,1,1,1,0,0
"However, conservatories, porches, domestic greenhouses, garages and sheds that share their electricity with a dwelling are not exempt from Part P (by virtue of regulation 9(3)) and must comply with its requirements.",0,18_UK_DocP_ElectricalSafety,accord_official,ACCORD Official,33,215,1,0,0,0,0,1,0,0,1,1,4,0,2
"However, designers should be aware of the potential risk of having a stair directly in line with an access route.",0,123_UK_DocM_V2_AccessAndUseOfBuildings,accord_official,ACCORD Official,20,113,1,0,0,0,0,0,1,0,1,1,1,0,0
"However, even in these circumstances, it may not be possible for the entrance door to meet the opening force criterion of 30N at the leading edge from 0 (the door in the closed position) to 30 open, and not more than 22.5N at the leading edge from 30 to 60 of the opening cycle (see 2.9).",0,79_UK_DocM_V2_AccessAndUseOfBuildings,accord_official,ACCORD Official,58,288,1,0,2,1,0,0,0,1,1,1,3,0,6
"However, for sizing of storage  capacity and all Others design and installation  details, BS 8515 should be followed.",0,241_UK_DocG_Sanitation,accord_official,ACCORD Official,18,117,1,0,0,0,0,0,1,0,1,1,2,0,1
"However, in accordance with regulation 8 and Schedule 1, the standards of materials and workmanship need be no more than are necessary to: a.  for Parts AD, FK, N and P (except for paragraphs G2, H2 and J7) of Schedule 1: secure reasonable standards of health or safety for people in or about the building b.  for Part E of Schedule 1: secure reasonable resistance to the passage of sound for the welfare and convenience of people in or about the buildingc.  for Part L of Schedule 1: conserve fuel and powerd.  for Part M of Schedule 1: provide access to buildings and their facilities for people.",0,3_UK_Doc7_Materials_and_workmanship,accord_official,ACCORD Official,107,598,0,1,0,2,0,0,0,0,1,1,5,0,6
"However, it should be noted that alternative forms of connectivity may be used.",1,9_UK_DocR_V2_InfrastructureForElectircalCommunications,accord_official,ACCORD Official,13,79,2,0,1,0,0,0,1,1,1,1,1,0,0
"However, the need fordiagonal rafter bracing equivalent to thatrecommended in BS EN 199511:2004 with itsUK National Annex and additional guidance givenin BSI Published Document PD 66931:2012 andBS 81033:2009 for trussed rafter roofs shouldbe considered, especially for singlehipped andnonhipped roofs of greater than 40 pitch todetached houses.",0,16_UK_DocA_Structure,accord_official,ACCORD Official,49,344,1,1,0,1,0,0,1,0,1,1,2,0,7
"However, the use of the room, and the space needed for people to move around and for fixtures, fittings and furniture should be assessed If acoustic attenuation issues are particularly important (e.g. where insulation is returned at party walls) a less demanding U-value may be more appropriate ? the target U-value may have to be increased to 0.35 or above, depending on the circumstances",0,489_UK_DocL_V1_ConsrvationOfFuelAndPower,accord_official,ACCORD Official,67,389,2,0,0,0,0,0,1,1,1,0,4,0,1
"However, values should be no higher than 2.7W/(m2K).",0,139_UK_DocM_V2_AccessAndUseOfBuildings,accord_official,ACCORD Official,10,52,1,0,0,0,0,0,1,0,1,1,1,0,1
Ideally this clear zone should be in the range 400-600mm from finished floor level.,0,106_UK_DocM_V1_AccessAndUseOfBuildings,accord_official,ACCORD Official,15,83,1,0,1,0,0,0,1,0,1,1,0,0,1
"If Others performance (e.g. wind load, safety, security or acoustic attenuation) requires thicker glass to be used, an equivalent window unit with standard thickness glazing should be shown to meet the required standard.",1,137_UK_DocM_V2_AccessAndUseOfBuildings,accord_official,ACCORD Official,34,220,1,0,1,0,0,0,1,0,1,1,3,0,0
"If Part M applies, reasonable provision should be made:a. so that people, regardless of disability, age or gender, can reach the principal entrance to the building and Others entrances described in this Approved Document from the site boundary,from car parking within the site, and from Others buildings on the same site (such as a university campus, a school or a hospital);b. so that elements of the building do not constitute a hazard to users, especially people with impaired sight, but rather assist in wayfinding;c. so that people, regardless of disability, age or gender, can have access into, and within, any storey of the building and to the buildings facilities, subject to the usual gender-related conventions regarding sanitary accommodation;d. for suitable accommodation for people in wheelchairs, or people with Others disabilities, in audience or spectator seating;e. for aids to communication for people with an impairment of hearing or sight in auditoria, meeting rooms, reception areas, ticket offices and at information points; andf. for sanitary accommodation for the users of the building.",0,15_UK_DocM_V2_AccessAndUseOfBuildings,accord_official,ACCORD Official,177,1110,1,0,2,1,0,0,1,0,1,1,20,5,0
"If a bathroom has no window or external facade through which a ventilator can be installed, the minimum equivalent area specified should be added to the ventilator sizes specified in Others rooms.",0,97_UK_DocF_V1_Ventilation,accord_official,ACCORD Official,32,196,1,1,0,0,0,0,1,0,1,1,1,0,0
"If a building is offered to the market as a shell for fitout work by the incoming occupier, the developer should calculate a design-stage target primary energy rate, building primary energy rate, target emission rate and building emission rate.",0,93_UK_DocM_V2_AccessAndUseOfBuildings,accord_official,ACCORD Official,40,244,1,0,0,0,0,0,1,0,1,1,3,0,0
"If a building notice or full plans have been given to a local authority building control body, the notice should be given within five days of the commissioning work being completed.",0,378_UK_DocL_V1_ConsrvationOfFuelAndPower | 382_UK_DocM_V2_AccessAndUseOfBuildings,accord_official,ACCORD Official,31,181,1,0,0,0,0,0,1,0,1,1,1,0,0
"If a building or part of a building with low energy demand was designed as a shell and core building, and first fitout work is carried out which results in it no longer being classed as low energy demand (in line with paragraph 2.24), then normal procedures for demonstrating compliance should be followed.",0,107_UK_DocM_V2_AccessAndUseOfBuildings,accord_official,ACCORD Official,54,306,1,0,1,1,0,0,1,0,1,1,2,0,1
"If a chimney or flue is provided but no appliance is installed, the following appliances should be assumed when calculating the dwelling primary energy rate and dwelling emission rate.",0,74_UK_DocL_V1_ConsrvationOfFuelAndPower,accord_official,ACCORD Official,29,184,1,0,1,0,0,0,1,0,1,1,1,0,0
"If a continuously burning oil-fired vaporising appliance is provided for secondary heating or hot water, one of the following should be met, depending on the type of appliance.",0,276_UK_DocL_V1_ConsrvationOfFuelAndPower,accord_official,ACCORD Official,29,176,1,0,1,0,0,0,1,0,1,1,2,0,0
"If a gas fire is provided as a secondary heat source as part of a combined fire and back boiler unit in an existing system, the standards in BS 79772 should be met.",0,270_UK_DocL_V1_ConsrvationOfFuelAndPower,accord_official,ACCORD Official,33,164,1,0,1,0,0,0,1,0,1,1,1,0,1
"If a gas-fired combination boiler is installed in an existing dwelling, at least one of the following energy efficiency measures, appropriate to the system, should be installed.",1,262_UK_DocL_V1_ConsrvationOfFuelAndPower,accord_official,ACCORD Official,28,177,1,1,1,0,0,0,1,0,1,1,3,0,0
"If a gas-fired warm air system is installed in an existing dwelling, all of the following should be met.",0,264_UK_DocL_V1_ConsrvationOfFuelAndPower,accord_official,ACCORD Official,20,104,1,0,1,0,0,0,1,0,1,1,1,0,0
"If a gasfired fixed decorative fuel-effect fire is installed in an existing dwelling, both of the following should be met.",0,271_UK_DocL_V1_ConsrvationOfFuelAndPower,accord_official,ACCORD Official,21,122,1,0,1,0,0,0,1,0,1,1,1,0,0
"If a habitable room has no external walls, paragraphs 1.42 to 1.44 should be followed.",0,104_UK_DocF_V1_Ventilation | 84_UK_DocF_V1_Ventilation,accord_official,ACCORD Official,17,86,1,0,0,2,0,0,1,0,1,1,1,0,2
"If a new building has a space heating or airconditioning system with an effective rated output greater than 180kW, a building automation and control system should be installed.",1,319_UK_DocM_V2_AccessAndUseOfBuildings,accord_official,ACCORD Official,28,176,1,1,0,0,0,0,1,0,1,1,1,0,0
"If a product is substituted, the revised specification should be reflected in the SAP calculation and report in the Building Regulations England Part L compliance report (BREL report).",0,158_UK_DocL_V1_ConsrvationOfFuelAndPower,accord_official,ACCORD Official,28,184,1,0,0,0,0,0,1,0,1,1,1,0,0
"If a proposed service is not covered in Section 6, the service should be shown to be no less efficient than a comparable service that is covered.",0,192_UK_DocM_V2_AccessAndUseOfBuildings | 219_UK_DocL_V1_ConsrvationOfFuelAndPower,accord_official,ACCORD Official,27,145,1,0,0,1,0,0,1,0,1,1,1,0,1
"If a requirement of this part is considered too onerous in aparticular case it may be appropriate to consider a minor departure on the basis of judgement and experience, or to show adequacy by calculation in respect of the aspect of the wall which is subject to thedeparture rather than for the entire wall; e. the guidance given is based upon the compressive strengths of bricks and blocksbeing not less than indicated in Tables 6 and 7.",0,26_UK_DocA_Structure,accord_official,ACCORD Official,77,438,1,2,2,1,0,0,0,1,1,1,1,1,2
"If a revolving door is used, an entrance door complying with 2.17 or 2.21 should be provided immediately adjacent to it and signed to show that it is accessible.",0,75_UK_DocM_V2_AccessAndUseOfBuildings,accord_official,ACCORD Official,31,161,1,0,1,0,0,0,1,0,1,1,1,0,2
"If a stair consists of straight and tapered treads, ensure that the going of the tapered treads is not less than the going of the straight treads.",0,44_UK_DocK_ProtectionFromFalling,accord_official,ACCORD Official,27,146,0,2,0,0,0,0,0,0,1,1,1,0,0
"If a thermal element is renovated and one of the following applies, then the whole of the thermal element should be improved to achieve at least the U-value given in Table 4.3, column (b).",0,445_UK_DocL_V1_ConsrvationOfFuelAndPower,accord_official,ACCORD Official,36,188,1,1,1,1,0,0,1,0,1,1,2,0,1
"If a thermal element is renovated and one of the following applies, then the whole of the thermal element should be improved to achieve at least the Uvalue in Table 4.2 column (b).",0,439_UK_DocM_V2_AccessAndUseOfBuildings,accord_official,ACCORD Official,34,180,1,1,1,1,0,0,1,0,1,1,1,0,1
"If a water pump is used on a closed loop circuit and the motor is rated at more than 750W, then it should be fitted with or controlled by an appropriate variable speed controller on any variable volume system.",1,290_UK_DocM_V2_AccessAndUseOfBuildings,accord_official,ACCORD Official,39,209,1,0,1,0,0,0,1,0,1,1,1,0,0
"If a window is enlarged or a new one is created, either of the following should be met.",0,420_UK_DocL_V1_ConsrvationOfFuelAndPower,accord_official,ACCORD Official,18,87,1,0,1,0,0,0,1,0,1,1,1,0,0
"If achieving the U-value in Table 4.2, column (b) either: is not technically or functionally feasible or b. would not achieve a simple payback of 15 years or less then the element should be upgraded to the lowest U-value that both:is technically and functionally feasible and b. can achieve a simple payback not exceeding 15 years.",0,142_UK_DocM_V2_AccessAndUseOfBuildings,accord_official,ACCORD Official,60,331,1,1,0,1,0,0,1,0,1,1,1,0,3
"If achieving the U-value in Table 4.3, column (b) either: a. is not technically or functionally feasible or b.  would not achieve a simple payback of 15 years or lessthen the element should be upgraded to the lowest U-value that both: a. is technically and functionally feasible and b. can achieve a simple payback not exceeding 15 years.",0,124_UK_DocL_V1_ConsrvationOfFuelAndPower,accord_official,ACCORD Official,61,338,1,1,0,1,0,0,1,0,1,1,1,0,3
"If all the terminals have to be set to a significantly closed position to achieve the required air flow rate, then the fan speed should be reduced and the terminals rebalanced.",1,200_UK_DocF_V1_Ventilation,accord_official,ACCORD Official,31,176,1,0,0,0,0,0,1,0,1,1,1,0,0
"If alternative ways of mitigating overheating are adopted, the overall level of overheating risk reduction should not be lower than the approved document provides.",0,8_UK_DocO_Overheating,accord_official,ACCORD Official,24,163,1,0,0,0,0,0,1,0,1,1,1,0,0
"If an exemption is to be relied on for requirement RA1 or requirement RA2, Part B of the connectivity plan should also be completed and supporting evidence should be included with the connectivity plan when it is submitted.",0,57_UK_DocR_V1_InfrastructureForElectircalCommunications,accord_official,ACCORD Official,38,223,1,0,1,0,0,0,1,0,1,1,1,0,0
"If an exhaust air terminal is located on a facade that is exposed to the prevailing wind, measures should be taken to minimise likely wind effects.",1,100_UK_DocF_V1_Ventilation,accord_official,ACCORD Official,26,147,1,0,0,0,0,0,1,0,1,1,1,0,0
"If an existing building has a space heating or airconditioning system with an effective rated output greater than 180kW, a building automation and control system being replaced or installed should follow paragraphs 6.72 and 6.73.",0,320_UK_DocM_V2_AccessAndUseOfBuildings,accord_official,ACCORD Official,37,229,1,1,0,1,0,0,1,0,1,1,1,0,2
"If an exposed facade is close to an area of sustained and loud noise (e.g. a main road), then a noise-attenuating background ventilator should be fitted.",1,86_UK_DocF_V1_Ventilation,accord_official,ACCORD Official,28,153,1,0,0,0,0,0,1,0,1,1,1,0,0
"If an incoming occupier does first fitout work on all or part of a building in a shell and core development by providing or extending fixed services for any of the following: a. heating; b. hot water; c. air-conditioning; d. mechanical ventilation, then a target primary energy rate, building primary energy rate, target emission rate and building emission rate submission should be made to the building control body after completion to demonstrate compliance for the part of the building covered by the fitout work.",0,98_UK_DocM_V2_AccessAndUseOfBuildings,accord_official,ACCORD Official,85,516,1,0,1,0,0,0,1,0,1,1,3,3,0
"If an installer is not a registered competent person and has not appointed a registered thirdparty certifier, then before work begins the installer must notify a building control body.",0,30_UK_DocP_ElectricalSafety,accord_official,ACCORD Official,29,184,2,0,0,0,0,1,0,0,1,1,1,0,0
"If any measured value is lower than the design value, an adjustment should be made to correct the system.",0,259_UK_DocF_V1_Ventilation,accord_official,ACCORD Official,19,105,1,0,0,0,0,0,1,0,1,1,1,0,0
"If boiler seasonal efficiency values are obtained as net values, the factors in SAP 10 Table E4 should be used to convert them to gross values.",0,266_UK_DocM_V2_AccessAndUseOfBuildings,accord_official,ACCORD Official,26,143,1,0,0,1,0,0,1,0,1,1,1,0,1
"If both (a) and (b) have been achieved, the conservatory or porch should be treated as if it were an extension being added onto an existing building.",0,6_UK_DocM_V2_AccessAndUseOfBuildings,accord_official,ACCORD Official,27,149,1,0,1,0,0,0,1,0,1,1,1,0,0
"If both (a) and (b) have been achieved, the conservatory or porch should be treated as if it were an extension being added onto an existing dwelling.",0,5_UK_DocL_V1_ConsrvationOfFuelAndPower,accord_official,ACCORD Official,27,149,1,0,1,0,0,0,1,0,1,1,1,0,0
"If both of the following apply to existing windows, roof windows, rooflights and doors (controlled fittings), they should be replaced to meet the limiting standards in Table 4.1.",0,443_UK_DocM_V2_AccessAndUseOfBuildings,accord_official,ACCORD Official,29,178,1,0,2,1,0,0,1,0,1,1,3,0,1
"If both of the following apply to existing windows, roof windows, rooflights and doors (controlled fittings), they should be replaced to meet the limiting standards in Table 4.2. i.",0,449_UK_DocL_V1_ConsrvationOfFuelAndPower,accord_official,ACCORD Official,30,181,1,0,2,1,0,0,1,0,1,1,3,0,1
If carrying out work on an existing system fundamentally alters the energy performance or CO2 emissions performance of the system then the complete altered system should be assessed and the guidance for new or replacement systems in paragraph 9.9 should be followed.,0,400_UK_DocM_V2_AccessAndUseOfBuildings,accord_official,ACCORD Official,43,266,1,0,0,1,0,0,1,0,1,1,0,0,1
"If controls cannot be positioned as shown in Diagram 8.1 within safe reach of a permanent stable surface, provide a safe manual or electrical means of remote operation.",0,108_UK_DocK_ProtectionFromFalling,accord_official,ACCORD Official,29,168,1,0,0,1,0,0,0,0,1,1,1,0,1
"If doors are required, the use of self-closing devices should be minimised (particularly in parts of buildings used by the general public) since, as described in 2.14, they disadvantage many people who have limited upper body strength, are pushing prams or are carrying heavy objects.",0,89_UK_DocM_V2_AccessAndUseOfBuildings,accord_official,ACCORD Official,47,284,2,0,2,0,0,0,1,0,1,1,4,0,1
"If efficiencies at below 30 are required and unavailable, the boiler efficiency may be taken as equal to that at 30 load.",1,246_UK_DocM_V2_AccessAndUseOfBuildings,accord_official,ACCORD Official,22,121,2,1,0,0,0,0,0,1,1,1,1,0,2
"If either or both of (a) or (b) has not been achieved, the conservatory or porch should be treated as a room in the new building.",0,9_UK_DocM_V2_AccessAndUseOfBuildings,accord_official,ACCORD Official,26,129,1,0,0,0,0,0,1,0,1,1,1,0,0
"If either or both of (a) or (b) has not been achieved, the conservatory or porch should be treated as a room in the new dwelling.",0,7_UK_DocL_V1_ConsrvationOfFuelAndPower,accord_official,ACCORD Official,26,129,1,0,0,0,0,0,1,0,1,1,1,0,0
If either: a. the average connection cost for an electric vehicle charge point connection is greater than 3600; b. some of the associated parking spaces associated with the new residential building are within a covered car park the total number of associated parking spaces which have access to either an electric vehicle charge point or cable routes must be a minimum of either of the following.,0,17_UK_DocS_InfrastructureForChargingOfElectricalVehicles,accord_official,ACCORD Official,66,396,1,2,1,0,0,1,0,0,1,1,0,1,1
"If existing on-site low and zero carbon energy-generating systems provide less than 10 of on-site energy demand: increasing the capacity of on-site systems, provided the increase will achieve a simple payback of 7 years or less.",0,487_UK_DocM_V2_AccessAndUseOfBuildings,accord_official,ACCORD Official,40,228,0,1,0,0,0,0,0,0,1,1,1,0,2
"If fans and background ventilators are fitted in the same room, they should be at least 500mm apart.",1,88_UK_DocF_V1_Ventilation,accord_official,ACCORD Official,18,100,1,1,1,0,0,0,1,0,1,1,1,0,0
"If fitout work does not include providing or extending any of the fixed services for any of the following: a. heating; b. hot water; c. air-conditioning; d. mechanical ventilation, then any lighting systems that are installed should be at least as efficient as those assumed in the shell developers initial submission.",0,99_UK_DocM_V2_AccessAndUseOfBuildings,accord_official,ACCORD Official,52,318,1,1,2,0,0,0,1,0,1,1,1,3,0
If glazing in a critical location is protected by a permanent screen then the glazing itself does not need to comply with requirement K4.,0,97_UK_DocK_ProtectionFromFalling,accord_official,ACCORD Official,24,137,0,0,0,0,0,0,0,0,1,1,0,0,0
"If guarding is not practical for the particular circumstances, alternative safeguards should be provided and agreed with the building control body.",0,87_UK_DocK_ProtectionFromFalling,accord_official,ACCORD Official,21,147,1,0,0,0,0,0,1,0,1,1,1,0,0
"If insulating material is inserted into a cavity in a cavity wall, reasonable precautions shall be taken to prevent the subsequent permeation of any toxic fumes from that material into any part of the building occupied by people.",1,3_UK_DocD_ToxicSubstances | 9_UK_DocD_ToxicSubstances,accord_official,ACCORD Official,38,229,1,0,0,0,1,0,0,0,1,1,1,0,0
"If intermittent use of the bath is anticipated, provision should be made for high temperature flushing to allow pasteurisation of the pipes and outlet fittings.",1,158_UK_DocG_Sanitation,accord_official,ACCORD Official,25,160,1,0,0,0,0,0,1,0,1,1,1,0,0
"If it is display lighting, any of the following:i. have an average light source efficacy of 80 light source lumens per circuit-watt.",0,313_UK_DocM_V2_AccessAndUseOfBuildings,accord_official,ACCORD Official,24,132,0,0,2,0,0,0,0,0,1,1,1,0,1
"If it is not possible to completely fulfil the requirements of paragraph S1(2) of Schedule 1 as a result of the operation of the 3600 cap, cable routes for electric vehicle charge points must be installed in the associated parking spaces that would Otherswise be required to have electric vehicle charge points, but for the operation of the 3600 cap.",0,11_UK_DocS_InfrastructureForChargingOfElectricalVehicles,accord_official,ACCORD Official,61,350,1,0,1,2,0,1,0,0,1,1,2,0,4
"If it is not reasonable to meet the target U-values in Table C1, considering technical risk and practicality of the work in relation to the dwelling and impacts on adjoining buildings, then the U-value should be as close to the target value as practically possible.",0,485_UK_DocL_V1_ConsrvationOfFuelAndPower,accord_official,ACCORD Official,47,265,1,0,1,1,0,0,1,0,1,1,2,0,0
"If it is proposed to install a fixed building service in an existing building with a total useful floor area of over 1000m2, either as a first installation or as an installation that increases the installed capacity of a fixed building service per unit area, then both of the following should be implemented as consequential improvements.",0,453_UK_DocM_V2_AccessAndUseOfBuildings,accord_official,ACCORD Official,56,338,1,0,2,0,0,0,1,0,1,1,2,0,0
"If luminous efficacy is greater than 75 light source lumens per circuit-watt, manual control is acceptable.",1,338_UK_DocL_V1_ConsrvationOfFuelAndPower,accord_official,ACCORD Official,17,107,0,1,0,1,0,0,0,0,1,1,1,0,1
"If manual controls are provided, clear and detailed instructions should be given to the occupier as part of the information package described in paragraphs 4.13 to 4.17.",0,221_UK_DocF_V1_Ventilation,accord_official,ACCORD Official,29,169,1,0,0,1,0,0,1,0,1,1,1,0,2
"If meeting such a standard in an existing building would reduce by more than 5 the internal floor area of the room bounded by the wall, a lesser provision may be appropriate.",1,136_UK_DocM_V2_AccessAndUseOfBuildings,accord_official,ACCORD Official,32,174,1,0,1,0,0,0,0,1,1,1,1,0,1
"If meeting such a standard would reduce the internal floor area of the room bounded by the wall by more than 5, a lesser provision may be appropriate.",0,120_UK_DocL_V1_ConsrvationOfFuelAndPower,accord_official,ACCORD Official,28,150,1,0,1,0,0,0,0,1,1,1,1,0,1
"If meeting such a standard would reduce the internal floor area of the room bounded by the wall by more than 5, a lesser standard may be appropriate.",1,131_UK_DocL_V1_ConsrvationOfFuelAndPower | 148_UK_DocM_V2_AccessAndUseOfBuildings,accord_official,ACCORD Official,28,149,1,0,1,0,0,0,0,1,1,1,1,0,1
"If more than 70 of the external envelope of this type of building will be created from sub-assemblies manufactured before the date when this approved document came into force, the target primary energy rate and target emission rate should be multiplied by the relevant factors from Table 2.2.",0,82_UK_DocM_V2_AccessAndUseOfBuildings,accord_official,ACCORD Official,50,292,1,0,1,1,0,0,1,0,1,1,1,0,2
"If more than 70 of the external envelope of this type of building will be created from sub-assemblies manufactured before the date when this approved document came into force, the target primary energy rate and target emission rate should be multiplied by the relevant factors from Table 2.3.",0,90_UK_DocM_V2_AccessAndUseOfBuildings,accord_official,ACCORD Official,50,292,1,0,1,1,0,0,1,0,1,1,1,0,2
"If necessary, further adjustments should be made until all air flows match their design values.",0,260_UK_DocF_V1_Ventilation,accord_official,ACCORD Official,15,95,1,0,0,0,0,0,1,0,1,1,1,0,0
"If no connection to any public electronic communications network is being provided, offers received from at least two suitable network operators confirming that they have refused to provide any connection to a public electronic communications network, or if no suitable network operator has responded within the 30 working day period, evidence to support this (see paragraph 2.20).",0,63_UK_DocR_V1_InfrastructureForElectircalCommunications,accord_official,ACCORD Official,58,381,0,1,2,3,0,0,0,0,1,1,3,0,2
"If part of a building with low energy demand is both: a. partitioned off; b. heated normally (for example, an office area in an unheated warehouse), then the separately heated area should be treated as a separate building or zone and the normal procedures for demonstrating compliance should be followed.",0,106_UK_DocM_V2_AccessAndUseOfBuildings,accord_official,ACCORD Official,50,304,1,0,0,0,0,0,1,0,1,1,2,1,0
"If people need to obtain tickets for pay and display parking, the ticket dispensing machines should be located in a way that allows a person in a wheelchair, or a person of short stature, to gain access close to the machine and reach the payment and ticket dispensing functions.",1,46_UK_DocM_V2_AccessAndUseOfBuildings,accord_official,ACCORD Official,49,278,1,0,0,0,0,0,1,0,1,1,3,0,0
"If performance requires thicker glass to be used, an equivalent window unit with standard thickness (6mm) glazing should be shown to meet the required standard.",1,113_UK_DocL_V1_ConsrvationOfFuelAndPower,accord_official,ACCORD Official,25,160,1,0,1,0,0,0,1,0,1,1,1,0,0
"If renewable technology such as a wind turbine or photovoltaic array is replaced, the new system should have an electrical output that is at least the same as that of the original installation.",1,231_UK_DocL_V1_ConsrvationOfFuelAndPower,accord_official,ACCORD Official,33,193,1,1,1,0,0,0,1,0,1,1,1,0,0
"If site constraints necessitate an approach of 1:20 or steeper, an approach incorporating ramped access should be provided.",1,49_UK_DocM_V2_AccessAndUseOfBuildings,accord_official,ACCORD Official,19,123,1,0,0,0,0,0,1,0,1,1,1,0,2
"If smaller openings than those given in Table 1.4 are specified, expert advice should be sought to ensure that the design complies with requirement F1(1).",0,50_UK_DocF_V1_Ventilation,accord_official,ACCORD Official,27,154,1,0,1,1,0,0,1,0,1,1,1,0,2
"If so, evidence should be provided to assure the building control body that the flow rate can be determined by following the manufacturers guidance.",0,216_UK_DocF_V1_Ventilation,accord_official,ACCORD Official,24,148,1,0,0,0,0,0,1,0,1,1,1,0,0
"If some systems are not installed when a building is put on the market, reasonable assumptions should be made in the calculation of the building primary energy rate and building emission rate and model for the efficiencies of services that will be installed during first fitout work.",0,96_UK_DocM_V2_AccessAndUseOfBuildings,accord_official,ACCORD Official,47,283,1,0,0,0,0,0,1,0,1,1,1,0,0
"If specific details are not available from the manufacturer, the relevant set of instructions from subparagraphs (a) to (e) below should be followed.",0,196_UK_DocF_V1_Ventilation,accord_official,ACCORD Official,23,149,1,0,0,1,0,0,1,0,1,1,1,0,0
"If stairs have more than 36 risers in consecutive flights, make a minimum of one change of direction between flights, as shown in Diagram 1.6.",0,36_UK_DocK_ProtectionFromFalling,accord_official,ACCORD Official,26,142,0,1,0,0,0,0,0,0,1,1,2,0,2
"If the additional room is connected to an existing habitable room that still has windows opening to the outside, the following conditions apply.",0,148_UK_DocF_V1_Ventilation,accord_official,ACCORD Official,23,144,0,0,1,1,0,0,0,0,1,1,1,0,0
"If the additional room is connected to an existing habitable room which now has no windows opening to the outside, paragraphs 1.42 to 1.44 should be followed.",0,147_UK_DocF_V1_Ventilation,accord_official,ACCORD Official,29,158,1,0,0,2,0,0,1,0,1,1,1,0,2
"If the area of windows, roof windows, rooflights and doors exceeds 25 of the total floor area of the dwelling, compensating measures should be taken to improve the energy efficiency of the dwelling.",1,422_UK_DocL_V1_ConsrvationOfFuelAndPower,accord_official,ACCORD Official,33,198,1,0,0,0,0,0,1,0,1,1,3,0,1
"If the area of windows, roof windows, rooflights and pedestrian doors exceeds the relevant percentage from Table 10.1, compensating measures should be taken to improve the energy efficiency of the building.",0,412_UK_DocM_V2_AccessAndUseOfBuildings,accord_official,ACCORD Official,32,206,1,0,0,1,0,0,1,0,1,1,3,0,1
"If the basement has no bedrooms, it should be treated as having one bedroom when calculating the ventilation required for the purposes of meeting the ventilation standards.",1,73_UK_DocF_V1_Ventilation,accord_official,ACCORD Official,27,172,1,0,1,0,0,0,1,0,1,1,1,0,0
"If the building control body agrees that sealing off and testing the extension separately from the existing building is impractical, the extension should be treated as a large, complex building  see paragraph 7.5d.",0,354_UK_DocM_V2_AccessAndUseOfBuildings,accord_official,ACCORD Official,34,214,1,0,0,2,0,0,1,0,1,1,2,0,1
"If the building has a floor area greater than 150m2, heating should be split into different heating zones and each zone should have separate controls for timing and temperature demand.",1,258_UK_DocM_V2_AccessAndUseOfBuildings | 259_UK_DocM_V2_AccessAndUseOfBuildings,accord_official,ACCORD Official,30,184,1,1,1,0,0,0,1,0,1,1,1,0,0
"If the building is heated through a district heat network or community heating system, the effective rated output should be based on the capacity of the equipment installed in the building, making reasonable assumptions for the operation of the district heat network or community heating system, including flow temperatures.",1,325_UK_DocM_V2_AccessAndUseOfBuildings,accord_official,ACCORD Official,49,324,1,0,0,0,0,0,1,0,1,1,3,0,0
If the buttressing wall is not itself a supported wall its thickness T2 should not be less than: a. half the thickness required by this section foran external or separating wall of similar height and length less 5mm.,0,61_UK_DocA_Structure,accord_official,ACCORD Official,38,216,1,1,1,1,0,0,1,0,1,1,0,0,0
"If the common areas are heated, the guidance in Approved Document L, Volume 2: Buildings Others than dwellings should be followed.",0,4_UK_DocL_V1_ConsrvationOfFuelAndPower,accord_official,ACCORD Official,21,130,1,0,0,0,0,0,1,0,1,1,2,0,1
"If the common areas are heated, the guidance in this approved document should be followed.",0,5_UK_DocM_V2_AccessAndUseOfBuildings,accord_official,ACCORD Official,15,90,1,0,1,0,0,0,1,0,1,1,1,0,0
"If the continuous rate of ventilation provided in a room is equal to or higher than the minimum high rate specified in the table, no extra ventilation is needed.",0,40_UK_DocF_V1_Ventilation,accord_official,ACCORD Official,29,161,0,2,0,1,0,0,0,0,1,1,1,0,0
"If the cost of connection to a gigabit-capable public electronic communications network exceeds the cost cap, developers can consider the network operators quotes for the slower connections.",1,50_UK_DocR_V1_InfrastructureForElectircalCommunications,accord_official,ACCORD Official,28,190,0,0,0,0,0,0,0,0,1,1,1,0,0
"If the cost of installing the required electric vehicle charge point and cable routes for electric vehicle charge points exceeds 7% of the total cost of the major renovation (a) such a building is exempt from the requirement to install the electric vehicle charge point; and (b) cable routes for electric vehicle charge points must be installed in a minimum of one fifth of the total number of parking spaces, except where the cost of that installation exceeds 7% of the total cost of the major renovation.",1,75_UK_DocS_InfrastructureForChargingOfElectricalVehicles,accord_official,ACCORD Official,87,506,1,1,1,0,0,1,0,0,1,1,1,1,2
"If the cost of installing the required electric vehicle charge points and cable routes for electric vehicle charge points exceeds 7% of the total cost of the major renovation(a) the residential building is exempt from the requirement to install any electric vehicle charge point; (b) cable routes for electric vehicle charge points must be installed in all associated parking spaces, except where the cost of that installation exceeds 7% of the total cost of the major renovation.",1,34_UK_DocS_InfrastructureForChargingOfElectricalVehicles,accord_official,ACCORD Official,78,480,1,0,0,0,0,1,0,0,1,1,1,1,2
"If the criteria in paragraphs 7.1 and 7.5 are not achieved, the dwelling air permeability should be improved.",0,357_UK_DocL_V1_ConsrvationOfFuelAndPower,accord_official,ACCORD Official,20,109,1,0,0,1,0,0,1,0,1,1,1,0,2
"If the criteria in paragraphs 7.1 and 7.6 are not achieved, the building air permeability should be improved.",0,358_UK_DocM_V2_AccessAndUseOfBuildings,accord_official,ACCORD Official,20,109,1,0,0,1,0,0,1,0,1,1,1,0,2
"If the data available for the element is in the incorrect plane, it should be adjusted according to the guidance in the Building Research Establishments BR 443.",0,112_UK_DocL_V1_ConsrvationOfFuelAndPower | 131_UK_DocM_V2_AccessAndUseOfBuildings,accord_official,ACCORD Official,27,160,1,0,1,0,0,0,1,0,1,1,1,0,1
"If the declared performance of a product is suitable for its intended use, the building control body should not prohibit or impede the use of the product.",0,7_UK_Doc7_Materials_and_workmanship,accord_official,ACCORD Official,27,154,1,0,1,1,0,0,1,0,1,1,1,0,0
"If the dwelling already has mechanical ventilation, the centralised system could be extended into the additional room.",1,155_UK_DocF_V1_Ventilation,accord_official,ACCORD Official,17,118,0,0,0,0,0,0,0,0,1,1,1,0,0
"If the dwelling has a kitchen and living room which are not separate rooms, at least three ventilators of the same area as for Others habitable rooms in Table 1.7 should be provided in the openplan space.",0,91_UK_DocF_V1_Ventilation,accord_official,ACCORD Official,38,204,1,1,0,1,0,0,1,0,1,1,1,0,1
If the dwelling has at least 70 of its openings on the same facade.,0,93_UK_DocF_V1_Ventilation,accord_official,ACCORD Official,14,67,0,1,0,0,0,0,0,0,1,1,0,0,1
"If the dwelling has more than one exposed facade, the area of background ventilators on each faade should be similar, to allow cross-ventilation.",1,85_UK_DocF_V1_Ventilation,accord_official,ACCORD Official,24,145,1,0,0,0,0,0,1,0,1,1,2,0,0
"If the dwelling only has one habitable room, a minimum ventilation rate of 13l/s should be used.",1,43_UK_DocF_V1_Ventilation,accord_official,ACCORD Official,18,96,1,1,0,1,0,0,1,0,1,1,1,0,0
"If the energy efficiency works involve only replacing windows, then the guidance in paragraphs 3.14 to 3.16 may be followed as an alternative means of demonstrating compliance.",0,142_UK_DocF_V1_Ventilation,accord_official,ACCORD Official,29,176,1,0,0,1,0,0,0,1,1,1,1,0,2
"If the existing habitable room has a total background ventilator equivalent area of at least 5000mm2, both of the following should be provided.",0,150_UK_DocF_V1_Ventilation,accord_official,ACCORD Official,23,143,1,1,1,1,0,0,1,0,1,1,1,0,0
"If the existing habitable room has a total background ventilator equivalent area of less than 5000mm2, paragraphs 1.42 to 1.44 should be followed.",0,149_UK_DocF_V1_Ventilation,accord_official,ACCORD Official,25,146,1,1,0,2,0,0,1,0,1,1,1,0,2
"If the flight is more than 2m wide, divide it into flights a minimum of 1000mm wide, as shown in Diagram 1.5.d.  For access for maintenance, see paragraph 1.42.",0,32_UK_DocK_ProtectionFromFalling,accord_official,ACCORD Official,32,160,0,1,1,2,0,0,0,0,1,1,3,0,2
"If the index terminal has to be set to a significantly closed position to achieve the required air flow rate, then the fan speed should be reduced and the terminals rebalanced.",1,203_UK_DocF_V1_Ventilation,accord_official,ACCORD Official,31,176,1,0,0,0,0,0,1,0,1,1,1,0,0
"If the measured rate for each fan is equal to or greater than the design value, then the system meets the design standard.",0,258_UK_DocF_V1_Ventilation,accord_official,ACCORD Official,23,122,0,2,0,0,0,0,0,0,1,1,1,0,0
"If the nosing protrudes, ensure that this is by no more than 25mm (see Diagram 1.2).",0,26_UK_DocK_ProtectionFromFalling,accord_official,ACCORD Official,17,84,0,1,1,1,0,0,0,0,1,1,1,0,1
If the number of associated parking spaces for the new residential building is both a. more than 10; b. more than the number of dwelling scable routes must be provided for all associated parking spaces which do not have access to an electric vehicle charge point.,1,18_UK_DocS_InfrastructureForChargingOfElectricalVehicles,accord_official,ACCORD Official,46,263,1,0,0,0,0,1,0,0,1,1,0,1,1
"If the number of parking spaces outside the covered car park is insufficient to meet the requirements to install electric vehicle charge points and cable routes, the following guidance should be followed.",0,96_UK_DocS_InfrastructureForChargingOfElectricalVehicles,accord_official,ACCORD Official,32,204,1,0,1,0,0,0,1,0,1,1,1,0,0
"If the parasitic energy use is unknown, an allowance of 0.3W/m2 should be made for any control system.",1,473_UK_DocM_V2_AccessAndUseOfBuildings,accord_official,ACCORD Official,20,102,1,0,0,0,0,0,1,0,1,1,1,0,1
"If the planned time of use of a modular or portable building in a single location is less than two years, the only practical heating technology may be electric resistance heating.",1,89_UK_DocM_V2_AccessAndUseOfBuildings,accord_official,ACCORD Official,31,179,1,1,0,1,0,0,0,1,1,1,1,0,0
"If the property differs significantly from this assumption, the requirements of paragraph 3.6 must still be met.",0,138_UK_DocF_V1_Ventilation,accord_official,ACCORD Official,18,112,1,0,1,1,0,1,0,0,1,1,1,0,1
"If the proposed extension does not meet criteria (a) or (b) above, the guidance in paragraphs 10.8 to 10.11 should be met.",0,417_UK_DocM_V2_AccessAndUseOfBuildings,accord_official,ACCORD Official,24,122,1,0,0,1,0,0,1,0,1,1,1,0,2
"If the soffit beneath a stair is less than 2m above floor level, protect the area beneath a stair with one of the following.",0,27_UK_DocK_ProtectionFromFalling,accord_official,ACCORD Official,24,124,0,1,2,0,0,0,0,0,1,1,1,0,0
"If the soffit beneath any ramp is less than 2m above floor level, protect the area beneath the ramp with one of the following.",0,64_UK_DocK_ProtectionFromFalling,accord_official,ACCORD Official,24,126,0,1,2,0,0,0,0,0,1,1,1,0,0
"If the thermal separation is removed or the dwellings heating system is extended into the conservatory or porch, the conservatory or porch should be treated as an extension and paragraphs 10.7 to 10.11 should be followed.",0,432_UK_DocL_V1_ConsrvationOfFuelAndPower,accord_official,ACCORD Official,38,221,1,0,0,1,0,0,1,0,1,1,1,0,2
"If the thermal separation is removed or the existing buildings heating system is extended into the conservatory or porch, the conservatory or porch should be treated as an extension and paragraphs 10.6 to 10.11 should be followed.",0,425_UK_DocM_V2_AccessAndUseOfBuildings,accord_official,ACCORD Official,39,230,1,0,0,1,0,0,1,0,1,1,1,0,2
"If the total flow rate cannot be achieved through all the terminals, then the fan speed should be increased.",1,199_UK_DocF_V1_Ventilation,accord_official,ACCORD Official,19,108,2,0,0,0,0,0,1,0,1,1,1,0,0
"If there are associated parking spaces where there is not a requirement to install electric vehicle charge points, cable routes must be installed in all remaining associated parking spaces.",1,50_UK_DocS_InfrastructureForChargingOfElectricalVehicles,accord_official,ACCORD Official,29,189,1,0,0,0,0,1,0,0,1,1,1,0,0
"If there are not enough associated parking spaces outside of the covered car park to meet the requirement to install electric vehicle charge points, then cable routes should be installed for associated parking spaces within the covered car park.",1,58_UK_DocS_InfrastructureForChargingOfElectricalVehicles,accord_official,ACCORD Official,39,245,1,0,0,0,0,0,1,0,1,1,1,0,0
"If thermal energy is supplied from a district heat network or community heating system or community cooling system, CO2 emission factors and primary energy factors should be determined by considering the details of the scheme and following the guidance in items (a) to (g) below.",0,65_UK_DocM_V2_AccessAndUseOfBuildings,accord_official,ACCORD Official,45,279,1,0,0,0,0,0,1,0,1,1,1,0,0
"If thermal energy is supplied from a district heat network, a CO2 emission factor and primary energy factor for the heat delivered to the dwelling by the district heat network should be calculated.",1,76_UK_DocL_V1_ConsrvationOfFuelAndPower,accord_official,ACCORD Official,33,197,1,0,0,0,0,0,1,0,1,1,1,0,0
"If they do, the  water efficiency calculator must be completed  to demonstrate compliance.",0,77_UK_DocG_Sanitation | 82_UK_DocG_Sanitation,accord_official,ACCORD Official,13,90,1,0,1,0,0,1,0,0,1,1,1,0,0
"If this is unavoidable, intakes should be located to meet both of the following conditions.",0,126_UK_DocF_V1_Ventilation | 74_UK_DocF_V2_Ventilation,accord_official,ACCORD Official,15,91,1,0,2,0,0,0,1,0,1,1,1,0,0
If this protective  device is actuated it should only be possible to  reset it manually.,0,25_UK_DocG_Sanitation,accord_official,ACCORD Official,15,88,1,0,2,0,0,0,1,0,1,1,0,0,0
If using a ground source heat pump the commissioning procedure for the ground array should be  as follows.,0,383_UK_DocL_V1_ConsrvationOfFuelAndPower,accord_official,ACCORD Official,18,106,1,0,0,0,0,0,1,0,1,1,0,0,0
"If windows or fully glazed external pedestrian doors cannot meet the requirements of Table 4.2 because of the need to maintain the character of the building, either of the following should be met.",0,117_UK_DocL_V1_ConsrvationOfFuelAndPower,accord_official,ACCORD Official,34,196,2,0,1,1,0,0,1,0,1,1,1,0,1
"If windows or fully glazed pedestrian doors cannot meet the requirements of Table 4.1 in an existing building because of the need to maintain the character of the building, either of the following should be met.",0,133_UK_DocM_V2_AccessAndUseOfBuildings,accord_official,ACCORD Official,37,211,2,0,1,1,0,0,1,0,1,1,1,0,1
"If work involves providing or extending fixed building services, energy meters should be installed following paragraph 5.17, and consequential improvements may apply (see Section 12).",0,205_UK_DocM_V2_AccessAndUseOfBuildings,accord_official,ACCORD Official,26,183,2,0,0,3,0,0,1,1,1,1,2,0,2
"If work is carried out on a system that includes a boiler, a boiler interlock should be installed.",1,256_UK_DocL_V1_ConsrvationOfFuelAndPower,accord_official,ACCORD Official,18,98,1,0,0,0,0,0,1,0,1,1,1,0,0
"If, during normal use, doors (excluding fire escape doors) swing out by more than 100mm towards an access route, protect them as shown in Diagram 10.2.",0,122_UK_DocK_ProtectionFromFalling,accord_official,ACCORD Official,27,151,0,0,0,0,0,0,0,0,1,1,3,0,1
Improvement measure.,0,480_UK_DocM_V2_AccessAndUseOfBuildings,accord_official,ACCORD Official,2,20,0,0,0,0,0,0,0,0,1,1,0,0,0
In  such cases there should be a second nonselfresetting energy cutout independent of the one  provided in accordance with paragraph 3.18(a).,0,119_UK_DocG_Sanitation,accord_official,ACCORD Official,23,141,1,0,1,1,0,0,1,0,1,1,0,0,1
"In Others cases  for example, if the work is carried out by a person registered with a competent person scheme  the notice must be given to the building control body within 30 days of the work being completed.",0,379_UK_DocL_V1_ConsrvationOfFuelAndPower | 383_UK_DocM_V2_AccessAndUseOfBuildings,accord_official,ACCORD Official,38,209,1,0,0,0,0,1,0,0,1,1,1,0,1
"In Others cases, for example  where work is carried out by a person registered  with a competent person scheme, it must be given  not more than 30 days after the completion of work.",0,167_UK_DocG_Sanitation,accord_official,ACCORD Official,33,181,1,0,1,0,0,1,0,0,1,1,2,0,1
In WC/cloakrooms the basin and/or WC may encroach into the shower space but this should be minimised.,1,113_UK_DocM_V1_AccessAndUseOfBuildings | 55_UK_DocM_V1_AccessAndUseOfBuildings,accord_official,ACCORD Official,19,101,2,0,1,0,0,0,1,1,1,1,0,0,0
"In a flight of steps, for all steps use the measurements for rise and going given for the three stair categories in Table 1.1 below.",0,17_UK_DocK_ProtectionFromFalling,accord_official,ACCORD Official,26,132,0,0,0,1,0,0,0,0,1,1,1,0,1
"In a mixeduse building, Approved Document L, Volume 2: Buildings Others than dwellings should be consulted for building work in parts of the building that are not dwellings.",0,1_UK_DocL_V1_ConsrvationOfFuelAndPower,accord_official,ACCORD Official,28,173,1,0,0,0,0,0,1,0,1,1,2,0,1
"In a mixeduse building, this document should be consulted for building work in those parts of the building that are not dwellings.",0,1_UK_DocM_V2_AccessAndUseOfBuildings,accord_official,ACCORD Official,22,130,1,0,2,0,0,0,1,0,1,1,1,0,0
"In a room with no openable window, an intermittent extract fan should be provided with controls which continue to operate the fan for at least 15 minutes after the room is vacated.",1,83_UK_DocF_V1_Ventilation,accord_official,ACCORD Official,32,180,1,1,0,0,0,0,1,0,1,1,1,0,1
"In a tier that is uninterrupted by cross-gangways, and where the pitch exceeds 25, use a maximum number of steps of 40.",1,25_UK_DocK_ProtectionFromFalling,accord_official,ACCORD Official,23,119,0,1,0,0,0,0,0,0,1,1,2,0,2
"In accordance with regulation 7, building work must be carried out in a workmanlike manner using adequate and proper materials.",1,4_UK_DocK_ProtectionFromFalling,accord_official,ACCORD Official,20,127,1,0,0,0,0,1,0,0,1,1,1,0,1
"In addition to the general guidance for zoning and controls in Section 5, any outdoor fans, including those in cooling towers or dry coolers, should be controlled.",0,293_UK_DocM_V2_AccessAndUseOfBuildings,accord_official,ACCORD Official,27,163,1,0,1,1,0,0,1,0,1,1,3,0,1
"In addition to the information and particulars required of them under requirements RA1 and RA2, developers must provide all additional required information and particulars when making an application for Building Regulations approval.",0,64_UK_DocR_V1_InfrastructureForElectircalCommunications,accord_official,ACCORD Official,32,233,1,0,0,0,0,1,0,0,1,1,1,0,0
"In addition to the vent pipe referred to in 3.12 and any thermostat provided to control  the temperature of the stored water to a desired  temperature, vented hot water storage systems should incorporate either:  a. for all direct heat sources, a nonselfresetting  energy cutout to disconnect the supply of  heat to the storage vessel in the event of the  storage system overheating; and,   for all indirect heat sources, an overheat   cutout to disconnect the supply of heat to  the storage vessel in the event of the stored  water overheating so that the temperature of  the stored water does not exceed 100C; or  b. an appropriate safety device, for example,  a temperature relief valve or a combined  temperature and pressure relief valve to  safely discharge the water in the event of  significant over heating.",0,99_UK_DocG_Sanitation,accord_official,ACCORD Official,134,816,1,1,0,0,0,0,1,0,1,1,6,2,1
"In addition, Building Regulations  may apply in cases where the purposes for  which or the manner or circumstances in which  a building or part of a building is used change in a way that constitutes a material change of use.",0,45_UK_DocG_Sanitation,accord_official,ACCORD Official,40,224,1,0,0,0,0,0,0,1,1,1,1,0,0
"In addition, all of the following should be met.",0,445_UK_DocM_V2_AccessAndUseOfBuildings | 451_UK_DocL_V1_ConsrvationOfFuelAndPower,accord_official,ACCORD Official,9,48,1,0,1,0,0,0,1,0,1,1,1,0,0
"In addition, the area of openings in the extension should not exceed that given in Table 10.1, if either of the following areas are greater than that of the existing building.",0,418_UK_DocM_V2_AccessAndUseOfBuildings,accord_official,ACCORD Official,32,175,1,2,1,1,0,0,1,0,1,1,2,0,1
"In all Others cases, the appointment of a commissioning manager should be considered on a casebycase basis.",0,375_UK_DocM_V2_AccessAndUseOfBuildings,accord_official,ACCORD Official,17,107,1,0,0,0,0,0,1,0,1,1,1,0,0
"In all Others cases, the fuel with the highest CO2 emission factor should be used.",0,64_UK_DocM_V2_AccessAndUseOfBuildings,accord_official,ACCORD Official,15,82,1,0,0,0,0,0,1,0,1,1,1,0,0
"In all cases, roof insulation should be continuous with wall insulation.",1,168_UK_DocL_V1_ConsrvationOfFuelAndPower,accord_official,ACCORD Official,11,72,1,0,0,0,0,0,1,0,1,1,1,0,0
"In an existing system, when a boiler or hot water storage vessel is replaced, any accessible pipes in the dwelling should be insulated.",1,201_UK_DocL_V1_ConsrvationOfFuelAndPower,accord_official,ACCORD Official,23,135,1,0,0,0,0,0,1,0,1,1,2,0,0
In assessing whether a building complies with subparagraph (1) regard shall be had to the imposed and wind loads to which it is likely to be subjected in the ordinary course of its use for the purposefor which it is intended.,0,2_UK_DocA_Structure,accord_official,ACCORD Official,41,225,1,0,1,1,1,0,0,0,1,1,0,0,1
In buildings that contain more than one dwelling a larger percentage area of openings may be achieved by following the guidance in paragraph 11.8. d.  Any fixed building services including building automation and control systems and/or onsite electricity generation that are provided or extended should meet the standards in Sections 5 and 6.,0,453_UK_DocL_V1_ConsrvationOfFuelAndPower,accord_official,ACCORD Official,55,342,2,0,0,2,0,0,1,1,1,1,0,0,3
"In buildings with a total useful floor area greater than 1000m2, automatic meter reading and data collection facilities should be installed.",1,229_UK_DocM_V2_AccessAndUseOfBuildings,accord_official,ACCORD Official,21,140,1,1,0,0,0,0,1,0,1,1,1,0,0
"In cases where the Energy Related Products Regulations and the Building Regulations both apply, both standards should be met.",1,232_UK_DocM_V2_AccessAndUseOfBuildings | 259_UK_DocL_V1_ConsrvationOfFuelAndPower,accord_official,ACCORD Official,19,125,1,0,0,0,0,0,1,0,1,1,1,0,0
"In clay soils subject to volume change on drying (shrinkable clays, with Modified Plasticity Index greater than or equal to 10), strip foundations should be taken to a depth where anticipated ground movements will not impair the stability of any part of the building taking due consideration of the influence of vegetation and trees on the ground.",1,99_UK_DocA_Structure,accord_official,ACCORD Official,57,347,1,2,0,0,0,0,1,0,1,1,2,0,1
"In designing an approach to the building, it should be recognised that changes in level are difficult for many people to negotiate, including wheelchair users, people who need to use walking aids and people with impaired sight.",0,36_UK_DocM_V2_AccessAndUseOfBuildings,accord_official,ACCORD Official,37,227,1,0,1,0,0,0,1,0,1,1,3,0,0
"In determining whether full energy efficiency improvements should be made, the building control body should consider the advice of the local authoritys conservation officer.",1,12_UK_DocL_V1_ConsrvationOfFuelAndPower | 18_UK_DocM_V2_AccessAndUseOfBuildings,accord_official,ACCORD Official,24,173,1,0,0,0,0,0,1,0,1,1,1,0,0
"In dwellings with five bed-spaces or more, both a useable bath and an installed level access shower are provided (either in one bathroom or in more than one bathroom on the same storey as the principal bedroom).",1,121_UK_DocM_V1_AccessAndUseOfBuildings,accord_official,ACCORD Official,38,211,0,0,0,0,0,0,0,0,1,1,1,0,0
In dwellings.,0,51_UK_DocK_ProtectionFromFalling,accord_official,ACCORD Official,2,13,0,0,0,0,0,0,0,0,1,1,0,0,0
"In exceptional circumstances in an existing building, a wheelchair platform stairlift may be considered, provided its installation does not conflict with requirements for means of escape.",1,107_UK_DocM_V2_AccessAndUseOfBuildings,accord_official,ACCORD Official,26,187,1,0,0,0,0,0,0,1,1,1,2,0,0
"In existing systems, equation 6.4 should be used to calculate the overall boiler seasonal efficiency if both of the following apply.",0,248_UK_DocM_V2_AccessAndUseOfBuildings,accord_official,ACCORD Official,22,132,1,0,1,0,0,0,1,0,1,1,1,0,1
In general it is reasonable to accept a reduction not exceeding 5 in the area of a room.,0,488_UK_DocL_V1_ConsrvationOfFuelAndPower,accord_official,ACCORD Official,18,88,0,1,1,0,0,0,0,0,1,1,0,0,1
"In general, accessible bedrooms should be no less advantageously situated than Others bedrooms.",1,142_UK_DocM_V2_AccessAndUseOfBuildings,accord_official,ACCORD Official,13,95,1,0,0,0,0,0,1,0,1,1,1,0,0
"In general, the findings indicate that there should be at least the same number of WCs (for women) as urinals (for men) and for some building types, e.g. large retail buildings, at least twice as many.",1,172_UK_DocM_V2_AccessAndUseOfBuildings,accord_official,ACCORD Official,37,201,1,1,0,0,0,0,1,0,1,1,3,0,0
"In hard water areas, suitable measures should be taken to treat the feed water to water heaters and the hot water circuit of combination boilers to reduce lime-scale accumulation.",1,381_UK_DocL_V1_ConsrvationOfFuelAndPower,accord_official,ACCORD Official,30,179,1,0,1,1,0,0,1,0,1,1,1,0,0
"In hard water areas, suitable measures should be taken to treat the feed water to water heaters and the hot water circuit of combination boilers to reduce limescale accumulation.",1,218_UK_DocM_V2_AccessAndUseOfBuildings,accord_official,ACCORD Official,29,178,1,0,1,1,0,0,1,0,1,1,1,0,0
"In large building complexes, such as retail parks and large sports centres, there should be one wheelchair-accessible unisex toilet capable of including an adult changing table.",1,178_UK_DocM_V2_AccessAndUseOfBuildings,accord_official,ACCORD Official,27,177,1,0,1,1,0,0,1,0,1,1,2,0,0
"In meeting the obligations in paragraph (1) (a) account must be taken of the safety of any occupant, and their reasonable enjoyment of the residence; and(b)   mechanical cooling may only be used where insufficient heat is capable of being removed from the indoor environment without it.",0,19_UK_DocO_Overheating,accord_official,ACCORD Official,47,286,2,0,0,1,0,1,0,1,1,1,1,1,1
"In meeting the provisions of Part M by providing a level or ramped approach and level threshold, care must be taken to ensure the moisture resistance and design of the dwelling as a whole also complies with requirements C2 and C4.",0,8_UK_DocM_V1_AccessAndUseOfBuildings,accord_official,ACCORD Official,41,230,1,0,0,0,0,1,0,0,1,1,1,0,0
In most circumstances this means that the cooling appliance should not be sized for more than 120 of the design cooling load.,0,271_UK_DocM_V2_AccessAndUseOfBuildings,accord_official,ACCORD Official,22,125,1,0,1,0,0,0,1,0,1,1,0,0,1
"In new buildings, the following types of occupiable room, unless they are rooms of the size described in paragraph 1.22, should have a means of monitoring the indoor air quality.",0,37_UK_DocF_V2_Ventilation,accord_official,ACCORD Official,31,178,1,0,2,1,0,0,1,0,1,1,3,0,1
"In non-aggressive soils, concrete should be composed of Portland cement to BS EN1971 and 2 and fine and coarse aggregate conforming to BS EN 12620 and the mix should comply with one of the following recommendations: i. in proportion of 50kg of Portland cement to not more than 200kg (0.1m3) of fine aggregate and 400kg (0.2m3) of coarse aggregate.",0,95_UK_DocA_Structure,accord_official,ACCORD Official,62,347,1,0,1,0,0,0,1,0,1,1,1,0,4
"In order to demonstrate that the dwelling is capable of meeting the functional and spatial provisions for a wheelchair adaptable or wheelchair accessible dwelling, furnished plan layouts that show the access zones and Others provisions of Section 3B and the furniture of the furniture schedule included as Appendix D of this approved document should be provided to a scale of at least 1:100.",0,75_UK_DocM_V1_AccessAndUseOfBuildings,accord_official,ACCORD Official,64,391,1,1,1,4,0,0,1,0,1,1,1,0,2
"In order to help people with visual impairment to appreciate the size of a space they have entered, or to find their way around, there should be a visual contrast between the wall and the ceiling, and between the wall and the floor.",1,97_UK_DocM_V2_AccessAndUseOfBuildings,accord_official,ACCORD Official,43,232,1,0,1,0,0,0,1,0,1,1,3,0,0
"In order to join such a scheme a person must  demonstrate competence to carry out the type  of work the scheme covers, and also the ability  to comply with all relevant requirements in the  Building Regulations.",0,52_UK_DocG_Sanitation,accord_official,ACCORD Official,36,211,1,0,1,0,0,1,0,0,1,1,1,0,0
"In particular, it should be noted that shop includes use as a restaurant, bar or public house.",0,12_UK_DocM_V2_AccessAndUseOfBuildings,accord_official,ACCORD Official,17,94,1,0,1,0,0,0,1,0,1,1,2,0,0
"In principle, suitable sanitary accommodation should be available to everybody, including sanitary accommodation designed for wheelchair users, ambulant disabled people, people of either sex with babies and small children or people encumbered by luggage.",1,155_UK_DocM_V2_AccessAndUseOfBuildings,accord_official,ACCORD Official,34,254,1,0,0,1,0,0,1,0,1,1,4,0,0
"In refreshment facilities, bars and counters (or sections of them) should be at a level suitable for wheelchair users.",1,127_UK_DocM_V2_AccessAndUseOfBuildings,accord_official,ACCORD Official,19,118,1,0,0,2,0,0,1,0,1,1,1,0,0
"In relation to the installation of new and replacement sanitation and hot water services, building work must satisfy all the technical requirements set out in Schedule 1 to the  Building Regulations.",0,3_UK_DocG_Sanitation,accord_official,ACCORD Official,31,199,1,0,0,1,0,1,0,0,1,1,1,0,1
In selecting the appropriate lifting device care should be taken to ensure it is fit for purpose.,0,108_UK_DocM_V2_AccessAndUseOfBuildings,accord_official,ACCORD Official,17,97,1,0,1,0,0,0,1,0,1,1,0,0,0
In single-storey open-plan dwellings in which the living area is greater than 70 of the total floor area.,0,252_UK_DocL_V1_ConsrvationOfFuelAndPower,accord_official,ACCORD Official,20,105,0,1,0,0,0,0,0,0,1,1,0,0,1
In smaller or simpler works this could be achieved by having a conversation to review the proposals and recording the outcome of discussions by correspondence.,0,22_UK_DocM_V2_AccessAndUseOfBuildings,accord_official,ACCORD Official,25,159,0,0,1,0,0,0,0,0,1,1,0,0,0
"In stepped tiers, use the following measurements for each step in the gangway:(i)  minimum height: 100mm(ii)  maximum height: 190mmIf there are two or more rises to each row of seats, make each step an equal height.",0,24_UK_DocK_ProtectionFromFalling,accord_official,ACCORD Official,38,215,0,2,1,0,0,0,0,0,1,1,2,0,0
"In such cases, both of the following should be achieved.",0,127_UK_DocL_V1_ConsrvationOfFuelAndPower | 144_UK_DocM_V2_AccessAndUseOfBuildings,accord_official,ACCORD Official,10,56,1,0,2,0,0,0,1,0,1,1,1,0,0
"In such cases, dynamic thermal modelling should be used.",0,75_UK_DocO_Overheating,accord_official,ACCORD Official,9,56,1,0,1,0,0,0,1,0,1,1,1,0,0
"In such cases, expert advice should be sought.",0,69_UK_DocF_V1_Ventilation,accord_official,ACCORD Official,8,46,1,0,1,0,0,0,1,0,1,1,1,0,0
"In such cases, the adjacent rooms should be considered as a single heating zone.",0,223_UK_DocM_V2_AccessAndUseOfBuildings | 254_UK_DocL_V1_ConsrvationOfFuelAndPower,accord_official,ACCORD Official,14,80,1,0,1,0,0,0,1,0,1,1,1,0,0
"In such cases, the dwelling should be considered as a single heating zone.",0,253_UK_DocL_V1_ConsrvationOfFuelAndPower,accord_official,ACCORD Official,13,74,1,0,1,0,0,0,1,0,1,1,1,0,0
"In such cases, the generic linear thermal bridge values given in the Building Research Establishments Information Paper 1/06 and increased by 0.04W/(mK) or 50, whichever is greater, should be used in the building primary energy rate and building emission rate calculation.",0,156_UK_DocM_V2_AccessAndUseOfBuildings,accord_official,ACCORD Official,44,272,1,0,1,0,0,0,1,0,1,1,3,0,4
"In such cases, the space should be considered as a single heating zone.",0,222_UK_DocM_V2_AccessAndUseOfBuildings,accord_official,ACCORD Official,13,71,1,0,1,0,0,0,1,0,1,1,1,0,0
"In such circumstances, the guidance for dwellings without basements should be followed.",0,75_UK_DocF_V1_Ventilation,accord_official,ACCORD Official,12,87,1,0,1,0,0,0,1,0,1,1,1,0,0
"In such work the aim should be to improve accessibility where and to the extent that it is practically possible, always provided that the work does not prejudice the character of the historic building, or increase the risk of long-term deterioration to the building fabric or fittings.",0,18_UK_DocM_V2_AccessAndUseOfBuildings,accord_official,ACCORD Official,48,285,1,0,2,0,0,0,1,0,1,1,2,0,0
"In the Secretary of States view Requirement  G3(3) will be met for a hot water storage  system that has a vented storage vessel if:  a. the storage vessel has a suitable vent pipe  connecting the top of the vessel to a point  open to the atmosphere above the level of  the water in the cold water storage cistern  and over it; and,  b. in addition to any thermostat, either the heat  source, or the storage vessel is fitted with a  device that will prevent the temperature of the  stored water at any time exceeding 100C; and  c. the hot water system has pipework that  incorporates a provision for the discharge  of hot water from the safety devices to an  appropriate place open to the atmosphere  where it will cause no danger to persons in  or about the building.",0,91_UK_DocG_Sanitation,accord_official,ACCORD Official,139,767,0,0,1,1,0,0,0,0,1,1,3,2,1
In the Secretary of States view Requirement  G3(3) will be met for a hot water system that has  an unvented storage vessel if:  a. the storage vessel has at least two  independent safety devices such as those  that release pressure and so prevent the  temperature of the stored water at any  time exceeding 100C in addition to any  thermostat; and  b. the hot water system has pipework that  incorporates a provision for the discharge of  hot water from safety devices to be visible  at some point and safely conveys it to an  appropriate place open to the atmosphere  where it will cause no danger to persons in  or about the building.,0,92_UK_DocG_Sanitation,accord_official,ACCORD Official,112,636,0,1,3,0,0,0,0,0,1,1,0,1,1
"In the Secretary of States view Requirement G2  will be met for new dwellings if:  a. the estimated consumption of wholesome  water resulting from the design of cold and  hot water systems (calculated in accordance  with the methodology set out in Appendix A  to this approved document and taking into  account the use of any alternative sources  of water provided in accordance with G1(2))  is not greater than the standard set by the  Secretary of State of 125 litres/person/day of  wholesome water or 110 litres/person/day  where the optional requirement applies;  b. the manner in which sanitary appliances and  white goods used in the design calculation  undertaken to demonstrate compliance with  paragraph (a) are provided and installed in the  dwelling takes account of the Others provisions  in this approved document;  c. the manner in which any alternative sources  of water used in the design calculation  undertaken to demonstrate compliance with  paragraph (a) are supplied to the dwelling,  takes account of Others provisions in this  approved document;  d. a record of the sanitary appliances and  white goods used in the water consumption  calculation and installed in the dwelling  is provided along with sufficient Others  information enabling building owners or  occupiers to maintain the building and its  services so as to maintain the water efficiency  of the building.",0,69_UK_DocG_Sanitation,accord_official,ACCORD Official,220,1392,0,1,1,2,0,0,0,0,1,1,1,3,3
"In the Secretary of States view Requirement G4  will be met if:  a. Sanitary conveniences of the appropriate  type for the sex and age of the persons  using the building are provided in sufficient  numbers, taking into account the nature of  the building; and  b. hand washing facilities are provided in, or  adjacent to, rooms containing sanitary  conveniences and are sited, designed and  installed so as not to be prejudicial to health.",0,175_UK_DocG_Sanitation,accord_official,ACCORD Official,72,439,0,0,0,0,0,0,0,0,1,1,4,1,0
"In the Secretary of States view, requirement F1(1) is met if the dwelling has a means of ventilation that achieves all of the following.",0,19_UK_DocF_V1_Ventilation,accord_official,ACCORD Official,25,136,0,0,1,0,0,0,0,0,1,1,1,0,1
"In the Secretary of States view, requirement F1(1) is met in a new building Others than a dwelling if it has a means of ventilation that achieves all of the following.",0,19_UK_DocF_V2_Ventilation,accord_official,ACCORD Official,32,167,0,0,2,0,0,0,0,0,1,1,1,0,1
"In the Secretary of States view, results from a pressure test must be used to show that work complies with both of the following.",0,340_UK_DocM_V2_AccessAndUseOfBuildings | 349_UK_DocL_V1_ConsrvationOfFuelAndPower,accord_official,ACCORD Official,24,129,1,0,1,0,0,1,0,0,1,1,1,0,0
"In the Secretary of States view, you can meet requirement K5.2 by including, in critical locations, permanent means of indicating the presence of large uninterrupted areas of transparent glazing.",0,105_UK_DocK_ProtectionFromFalling,accord_official,ACCORD Official,30,195,0,0,0,0,0,0,0,0,1,1,3,0,1
"In the Secretary of States view, you can meet requirement K5.4 if, where a person may fall from a window, you provide safe means of access for cleaning both sides of the glass.",0,111_UK_DocK_ProtectionFromFalling,accord_official,ACCORD Official,34,176,1,0,0,0,0,0,0,1,1,1,3,0,1
"In the absence of relevant harmonised European Standards, products with a travel exceeding 3m must have a product certificate issued by a Notified Body.",1,117_UK_DocM_V2_AccessAndUseOfBuildings,accord_official,ACCORD Official,24,152,1,0,0,0,0,1,0,0,1,1,1,0,0
"In the day, windows, patio doors and balcony doors should be modelled as open, if this can be done securely, following the guidance in paragraph 3.7 below.",0,54_UK_DocO_Overheating,accord_official,ACCORD Official,28,155,1,0,1,1,0,0,1,0,1,1,4,0,1
"In these circumstances, any useful ventilation which was lost should be replaced in order to maintain a healthy indoor environment.",0,81_UK_DocF_V2_Ventilation,accord_official,ACCORD Official,20,131,1,0,1,0,0,0,1,0,1,1,1,0,0
"In this case, the boiler should be treated as a conventional gas-fired boiler.",0,263_UK_DocL_V1_ConsrvationOfFuelAndPower,accord_official,ACCORD Official,14,78,1,0,1,0,0,0,1,0,1,1,1,0,0
"In this case, the boiler should be treated as a conventional oilfired boiler.",0,275_UK_DocL_V1_ConsrvationOfFuelAndPower,accord_official,ACCORD Official,13,77,1,0,1,0,0,0,1,0,1,1,1,0,0
"In this case, the higher of the two standards should be followed.",0,14_UK_DocF_V1_Ventilation | 14_UK_DocF_V2_Ventilation,accord_official,ACCORD Official,12,65,1,0,1,0,0,0,1,0,1,1,1,0,0
"In this case, too, the extension and the modifications to the existing building could be planned and carried out as a single project.",1,5_UK_DocM_V2_AccessAndUseOfBuildings,accord_official,ACCORD Official,23,133,0,0,1,0,0,0,0,0,1,1,2,0,0
"In this context, an occupied space means a space that is intended to be occupied by the same person for a substantial part of the day.",0,167_UK_DocM_V2_AccessAndUseOfBuildings,accord_official,ACCORD Official,26,134,0,0,1,0,0,0,0,0,1,1,1,0,0
In this document the following conventions have been adopted to assist understanding and interpretation: a. Texts shown against a green background are extracts from the Building Regulations or Building (Approved Inspectors etc.).,0,6_UK_DocG_Sanitation,accord_official,ACCORD Official,32,229,0,0,2,0,0,0,0,0,1,1,0,0,0
In this regard applications should be designated as being either non redundant (wherethe failure of a single fixing could lead to the detachment of the cladding) or redundant (where failure or excessive movement of one fixing results in load sharing by adjacent fixings) and the required reliability of the fixing determined accordingly.,0,111_UK_DocA_Structure,accord_official,ACCORD Official,52,337,1,0,1,0,0,0,1,0,1,1,0,0,0
"In this way, any planned transition of the heat network to an alternative means of heat generation will be properly accounted for.",0,68_UK_DocM_V2_AccessAndUseOfBuildings | 81_UK_DocL_V1_ConsrvationOfFuelAndPower,accord_official,ACCORD Official,22,130,0,0,1,0,0,0,0,0,1,1,1,0,0
"Inappropriate materials might be loose sand or gravel; e. where there are different materials along the access route , they have similar frictional characteristics; f. the difference in level at joints between paving units is no greater than 5mm, with joints filled flush o r, if recessed, no deeper than 5mm and no wider than 10mm or, if unfilled, no wider than 5mm; g. the route to the principal entrance (or alternative accessible entrance ) is clearly identified and well lit ; h. the danger of inadvertently walking into a vehicular access route is minimised by providing a separate pedestrian route and, where there is an uncontrolled crossing point across the vehicular route , this is identified by a buff coloured blister surface (see Diagram 1 , and Guidance on the use of Tactile Paving Surfaces).",0,45_UK_DocM_V2_AccessAndUseOfBuildings,accord_official,ACCORD Official,131,808,0,1,3,1,0,0,0,0,1,1,9,4,1
"Incoming services: ducts, and cables wherever possible, should be grouped to minimise how often the air barrier is penetrated, while ensuring sufficient space to allow adequate screed flow between ducts.",1,178_UK_DocL_V1_ConsrvationOfFuelAndPower,accord_official,ACCORD Official,30,203,1,0,0,0,0,0,1,0,1,1,3,0,0
Independent temperature control of the hot water circuit should be implemented with a cylinder thermostat and a timing device.,1,269_UK_DocL_V1_ConsrvationOfFuelAndPower,accord_official,ACCORD Official,19,126,1,0,1,0,0,0,1,0,1,1,0,0,0
Indirect heating means a method of heating  stored water through a heat exchanger.,0,22_UK_DocG_Sanitation,accord_official,ACCORD Official,13,82,0,0,0,0,0,0,0,0,1,1,0,0,0
Individual flights are: for gradients up to 1:15  not more than 10m long; for gradients up to 1:12  not more than 5m long.,1,18_UK_DocM_V1_AccessAndUseOfBuildings,accord_official,ACCORD Official,25,122,0,0,0,0,0,0,0,0,1,1,0,1,4
Indoor air quality monitoring.,0,36_UK_DocF_V2_Ventilation,accord_official,ACCORD Official,4,30,0,0,0,0,0,0,0,0,1,1,0,0,0
Information in the log book should be presented in templates the same as or similar to those in CIBSEs TM31.,0,394_UK_DocM_V2_AccessAndUseOfBuildings,accord_official,ACCORD Official,20,108,1,0,1,0,0,0,1,0,1,1,0,0,0
"Information should also be provided to suggest when, and how, the system components should be cleaned and maintained.",0,100_UK_DocF_V2_Ventilation | 226_UK_DocF_V1_Ventilation,accord_official,ACCORD Official,18,117,1,0,0,0,0,0,1,0,1,1,2,0,0
Infrastructure for electronic communications continued.,0,2_UK_DocR_V1_InfrastructureForElectircalCommunications,accord_official,ACCORD Official,5,55,0,0,0,0,0,0,0,0,1,1,0,0,0
Inline blending valves and composite thermostatic mixing valves should be compatible with the sources of hot and cold water that serve them.,1,156_UK_DocG_Sanitation,accord_official,ACCORD Official,22,140,1,0,0,0,0,0,1,0,1,1,0,0,0
Inline.,0,149_UK_DocG_Sanitation,accord_official,ACCORD Official,1,7,0,0,0,0,0,0,0,0,1,1,0,0,0
Inspection and testing of non-notifiable work.,0,31_UK_DocP_ElectricalSafety,accord_official,ACCORD Official,7,46,0,0,0,0,0,0,0,0,1,1,0,0,0
Inspection standards.,0,184_UK_DocF_V1_Ventilation,accord_official,ACCORD Official,2,21,0,0,0,0,0,0,0,0,1,1,0,0,0
Installation and fixing of secure doorsets.,0,12_UK_DocQ_Security_Dwellings,accord_official,ACCORD Official,6,43,0,0,0,0,0,0,0,0,1,1,0,0,0
Installation and fixing of secure windows.,0,21_UK_DocQ_Security_Dwellings,accord_official,ACCORD Official,6,42,0,0,0,0,0,0,0,0,1,1,0,0,0
Installation of ventilation systems.,0,108_UK_DocF_V1_Ventilation | 28_UK_DocF_V2_Ventilation,accord_official,ACCORD Official,4,36,0,0,0,0,0,0,0,0,1,1,0,0,0
Installed level access shower.,0,133_UK_DocM_V1_AccessAndUseOfBuildings,accord_official,ACCORD Official,4,30,0,0,0,0,0,0,0,0,1,1,0,0,0
"Instantaneous or snapshot CO2 readings can be misleading, so several measurements should be taken throughout the day.",1,124_UK_DocF_V2_Ventilation,accord_official,ACCORD Official,17,117,1,0,0,0,0,0,1,0,1,1,1,0,0
"Instead, the building primary energy rate and building emission rate should be calculated as if the area covered by the pool were replaced with the equivalent area of floor with the same U-value as the pool surround.",1,91_UK_DocM_V2_AccessAndUseOfBuildings,accord_official,ACCORD Official,38,216,1,0,0,0,0,0,1,0,1,1,1,0,0
"Instead, the dwelling primary energy rate, dwelling emission rate and dwelling fabric energy efficiency rate should be calculated as if the area covered by the pool were replaced with the equivalent area of floor with the same U-value as the pool surround.",1,84_UK_DocL_V1_ConsrvationOfFuelAndPower,accord_official,ACCORD Official,43,256,1,0,0,0,0,0,1,0,1,1,2,0,0
Insulated cavity closers should be installed where appropriate.,1,409_UK_DocM_V2_AccessAndUseOfBuildings | 419_UK_DocL_V1_ConsrvationOfFuelAndPower,accord_official,ACCORD Official,8,63,1,0,0,0,0,0,1,0,1,1,0,0,0
Insulated cavity closers should be used for all construction types.,1,165_UK_DocL_V1_ConsrvationOfFuelAndPower,accord_official,ACCORD Official,10,67,1,0,0,0,0,0,1,0,1,1,0,0,0
Insulating ductwork.,0,179_UK_DocM_V2_AccessAndUseOfBuildings,accord_official,ACCORD Official,2,20,0,0,0,0,0,0,0,0,1,1,0,0,0
Insulating materials which give off formaldehyde fumes (either when used or later in normal use) may be used to insulate the cavity in a cavity wall where there is a continuous barrier which will minimise as far as practicable the passage of fumes to the occupiable parts.,1,14_UK_DocD_ToxicSubstances,accord_official,ACCORD Official,47,272,1,0,0,0,0,0,0,1,1,1,0,0,0
Insulation should be designed so that the maximum permissible heat gains in Table 10 of BS 5422 are not exceeded.,0,178_UK_DocM_V2_AccessAndUseOfBuildings,accord_official,ACCORD Official,20,113,1,2,0,1,0,0,1,0,1,1,0,0,2
Insulation should be designed so that the permissible heat losses in BS 5422 for hot water services in nondomestic buildings are not exceeded.,0,171_UK_DocM_V2_AccessAndUseOfBuildings,accord_official,ACCORD Official,23,142,1,1,0,0,0,0,1,0,1,1,0,0,1
Insulation thickness should be calculated in accordance with BS EN ISO 12241.,0,172_UK_DocM_V2_AccessAndUseOfBuildings,accord_official,ACCORD Official,12,77,1,0,0,0,0,0,1,0,1,1,0,0,1
Insulation thicknesses designed to achieve permissible heat losses from BS 5422 for hot water services at 60C.,0,174_UK_DocM_V2_AccessAndUseOfBuildings,accord_official,ACCORD Official,17,110,0,0,0,0,0,0,0,0,1,1,0,0,1
Intention.,0,18_UK_DocF_V1_Ventilation | 18_UK_DocF_V2_Ventilation | 89_UK_DocO_Overheating,accord_official,ACCORD Official,1,10,0,0,0,0,0,0,0,0,1,1,0,0,0
"Interaction with Part F.0.13  This approved document, Approved Document O, includes guidance on providing means of removing excess heat from residential buildings.",0,9_UK_DocO_Overheating,accord_official,ACCORD Official,24,163,0,0,1,0,0,0,0,0,1,1,2,0,1
"Interaction with Part K and Part M.0.18  Where manual controls are provided, they should be within reasonable reach of the occupants, to comply with Approved Documents K and M. Interaction with Part K.0.19  This approved document, Approved Document O, gives guidance on increased levels of protection from falling from openings compared to Part K. Interaction with Part Q.",0,13_UK_DocO_Overheating,accord_official,ACCORD Official,62,372,1,0,2,0,0,0,1,0,1,1,4,0,2
"Interaction with Part K and Part M.0.20 Manual controls, where provided for a ventilation device, should be within reasonable reach of the occupants.",0,13_UK_DocF_V1_Ventilation | 13_UK_DocF_V2_Ventilation,accord_official,ACCORD Official,25,149,1,0,0,0,0,0,1,0,1,1,2,0,1
Interaction with Part L.0.19  Energy efficiency should be considered when specifying ventilation systems.,0,12_UK_DocF_V1_Ventilation | 12_UK_DocF_V2_Ventilation,accord_official,ACCORD Official,15,105,1,0,0,0,0,0,1,0,1,1,0,0,1
Intermediate floors: floor-to-wall junctions should be detailed to ensure that insulation in the external wall is continuous.,1,162_UK_DocL_V1_ConsrvationOfFuelAndPower,accord_official,ACCORD Official,19,125,1,0,0,0,0,0,1,0,1,1,0,0,0
Intermittent extract fans should be fitted in all wet rooms.,1,82_UK_DocF_V1_Ventilation,accord_official,ACCORD Official,10,60,1,0,0,0,0,0,1,0,1,1,0,0,0
Intermittent extract.,0,81_UK_DocF_V1_Ventilation,accord_official,ACCORD Official,2,21,0,0,0,0,0,0,0,0,1,1,0,0,0
"Internal building services: where services penetrate the air barrier, holes should be as small as possible and should be core drilled to limit damage.",1,180_UK_DocL_V1_ConsrvationOfFuelAndPower,accord_official,ACCORD Official,24,150,1,0,1,0,0,0,1,0,1,1,1,0,0
"Internal doors will satisfy Requirement M1 or M2 if:a. where needing to be opened manually , the opening force at the leading edge of the door is not more than 30N from 0 (the door in the closed position) to 30 open , and not more than 22.5N from 30 to 60 of the opening cycle ; b. the effective clear width through a single leaf door , or one leaf of a double leaf door , is in accordance with Table 2 and Diagram 9 ; c. there is an unobstructed space of at least 300mm on the pull side of the door between the leading edge of the door and any return wall , unless the door has power-controlled opening or it provides access to a standard hotel bedroom ; d. where fitted with a latch , the door opening furniture can be operated with one hand using a closed fist , e.g.",0,94_UK_DocM_V2_AccessAndUseOfBuildings,accord_official,ACCORD Official,149,770,0,1,1,1,0,0,0,0,1,1,7,3,7
"Internal lobbies will satisfy Requirement M1 or M2 if:a. their length with single swing doors is in accordance with Diagram 10 ; b. their length with double swing doors is at least (DP1 + DP2 + 1570mm) ; c. their width ( excluding any projections into the space ) is at least 1200mm (or ( DL1 or DL2 ) + 300mm) whichever is the greater when single leaf doors are used, and at least 1800mm when double leaf doors are used; d. glazing within the lobby does not create distracting reflections ; e. any junctions of floor surface materials at the entrance to the lobby area do not create a potential trip hazard ; f. any columns , ducts and similar full height elements that project into the lobby by more than 100mm are protected by a visually contrasting guard rail .",0,102_UK_DocM_V2_AccessAndUseOfBuildings,accord_official,ACCORD Official,130,765,0,1,0,0,0,0,0,0,1,1,2,5,1
"Interpretation of this Part and Part S of Schedule 1.cable route means a safe, unobstructed route from the power supply to the envisaged electric vehicle charge point location, for electrical cabling to be installed in the future.",0,101_UK_DocS_InfrastructureForChargingOfElectricalVehicles,accord_official,ACCORD Official,38,230,0,0,1,1,0,0,0,0,1,1,2,0,1
Interruption of lateral support.,0,76_UK_DocA_Structure,accord_official,ACCORD Official,4,32,0,0,0,0,0,0,0,0,1,1,0,0,0
Introduction.,0,121_UK_DocA_Structure,accord_official,ACCORD Official,1,13,0,0,0,0,0,0,0,0,1,1,0,0,0
It is also at least as efficient as the minimum efficiency as set out in Section 6 of this guidance.,0,198_UK_DocM_V2_AccessAndUseOfBuildings | 226_UK_DocL_V1_ConsrvationOfFuelAndPower,accord_official,ACCORD Official,20,100,0,2,2,1,0,0,0,0,1,1,0,0,1
It is demonstrated how the WC/cloakroom could be easily adapted in future to meet the provisions of paragraph 3.39.,0,112_UK_DocM_V1_AccessAndUseOfBuildings,accord_official,ACCORD Official,21,115,0,0,1,1,0,0,0,0,1,1,0,0,1
"It is for the building control body and applicant to agree which, if any of these proposed approaches should be used on a case by case basis to ensure that the functional requirements of Part M of the Building Regulations are satisfied.",0,23_UK_DocM_V2_AccessAndUseOfBuildings,accord_official,ACCORD Official,42,236,1,0,2,0,0,0,1,0,1,1,1,0,0
It is installed in a door or in a door side panel and has a pane width exceeding 900mm and it satisfies the requirements of Class 2 of BS EN 12600 or Class B of BS 6206.,0,93_UK_DocK_ProtectionFromFalling,accord_official,ACCORD Official,37,169,0,0,1,0,0,0,0,0,1,1,0,0,3
It is recommended that test equipment is recalibrated at least every 24 months.,0,343_UK_DocM_V2_AccessAndUseOfBuildings | 352_UK_DocL_V1_ConsrvationOfFuelAndPower,accord_official,ACCORD Official,13,79,0,1,1,0,0,0,0,0,1,1,0,0,1
It may be used before energy efficiency measures are carried out to establish whether an existing dwelling complies with the requirement for adequate means of ventilation.,0,145_UK_DocF_V1_Ventilation,accord_official,ACCORD Official,26,171,1,0,1,0,0,0,0,1,1,1,0,0,0
It must be capable of providing a reasonable power output for each parking space for which it is intended to be used.,0,98_UK_DocS_InfrastructureForChargingOfElectricalVehicles,accord_official,ACCORD Official,22,117,1,0,1,0,0,1,0,0,1,1,0,0,0
It should adopt the shallowest gradient that can reasonably be achieved and be step-free where possible.,0,14_UK_DocM_V1_AccessAndUseOfBuildings,accord_official,ACCORD Official,17,104,2,0,1,0,1,0,1,0,1,1,0,0,0
It should be demonstrated to the building control body that all practicable passive means of limiting unwanted solar gains and removing excess heat have been used first before adopting mechanical cooling.,0,64_UK_DocO_Overheating,accord_official,ACCORD Official,31,204,1,0,1,0,0,0,1,0,1,1,0,0,0
It should be noted that approval of proposed works by a building control body does not by necessity indicate compliance with duties under the Equalities Act 2010.,0,25_UK_DocM_V2_AccessAndUseOfBuildings,accord_official,ACCORD Official,27,162,1,0,1,0,0,0,1,0,1,1,0,0,1
"It should be noted that double buggies are wider than wheelchairs and that, where relevant to the building type, this should be borne in mind when determining an appropriate effective clear width for an entrance door.",1,67_UK_DocM_V2_AccessAndUseOfBuildings,accord_official,ACCORD Official,36,217,1,0,2,0,0,0,1,0,1,1,2,0,0
It should be noted that excessive rounding of nosings reduces the effective going.,0,55_UK_DocM_V2_AccessAndUseOfBuildings,accord_official,ACCORD Official,13,82,1,0,1,0,0,0,1,0,1,1,0,0,0
It should be possible for information about the building to be easily obtained from a reception point or gathered from notice boards and signs.,1,86_UK_DocM_V2_AccessAndUseOfBuildings,accord_official,ACCORD Official,24,143,1,0,1,0,0,0,1,0,1,1,0,0,0
It should be recognised that there is the danger where adjacent spaces each have an induction loop system that the signals may overlap.,1,154_UK_DocM_V2_AccessAndUseOfBuildings,accord_official,ACCORD Official,23,135,2,0,1,0,0,0,1,1,1,1,0,0,0
"It should be remembered  however that, as noted above, building works  must comply with all the Others applicable  provisions of Building Regulations.",0,8_UK_DocG_Sanitation,accord_official,ACCORD Official,22,150,2,0,1,0,0,1,1,0,1,1,2,0,0
"It should be remembered however that, as noted above, building works  must comply with all the Others applicable  provisions of Building Regulations.",0,7_UK_DocG_Sanitation,accord_official,ACCORD Official,22,149,2,0,1,0,0,1,1,0,1,1,2,0,0
"It would be beneficial if entrance doors to wheelchair-accessible bedrooms were powered opening, as this could avoid the need for the 300mm access space adjacent to the leading edge of the door.",1,143_UK_DocM_V2_AccessAndUseOfBuildings,accord_official,ACCORD Official,33,194,0,0,2,0,0,0,0,0,1,1,1,0,0
"K5.2 Transparent glazing, with which people are likely to come into contact while moving in or about the building, shall incorporate features which make it apparent.",0,103_UK_DocK_ProtectionFromFalling,accord_official,ACCORD Official,27,165,1,0,1,0,1,0,0,0,1,1,2,0,1
Key elements.,0,130_UK_DocA_Structure,accord_official,ACCORD Official,2,13,0,0,0,0,0,0,0,0,1,1,0,0,0
"Kitchen means a room or part of a room which  contains a sink and food preparation facilities  Material alteration means an alteration which  results in a building or a controlled service  or fitting not complying with, or being more  unsatisfactory than it was before in relation to  Schedule 1 requirements in relation to structure,  means of warning and escape, internal and  external fire spread, fire service access and  facilities, and access and use.",0,23_UK_DocG_Sanitation,accord_official,ACCORD Official,73,457,0,0,1,1,0,0,0,0,1,1,5,0,1
"Ladder: A means of access to anOthers level, formed by a series of rungs or narrow treads.",0,124_UK_DocK_ProtectionFromFalling,accord_official,ACCORD Official,17,90,0,0,0,0,0,0,0,0,1,1,1,0,0
Landing.,0,65_UK_DocK_ProtectionFromFalling,accord_official,ACCORD Official,1,8,0,0,0,0,0,0,0,0,1,1,0,0,0
Landings for stairs.,0,38_UK_DocK_ProtectionFromFalling,accord_official,ACCORD Official,3,20,0,0,0,0,0,0,0,0,1,1,0,0,0
Length of flights of stairs.,0,34_UK_DocK_ProtectionFromFalling,accord_official,ACCORD Official,5,28,0,0,0,0,0,0,0,0,1,1,0,0,0
Length of landings to be at least equal to the width of the ramp.,1,66_UK_DocK_ProtectionFromFalling,accord_official,ACCORD Official,14,65,0,2,0,0,0,0,0,0,1,1,0,0,0
Lengths should be a maximum of 1.5m.,0,112_UK_DocF_V1_Ventilation,accord_official,ACCORD Official,8,36,1,1,0,0,0,0,1,0,1,1,0,0,1
"Lift door systems should be designed to allow adequate time for people, and any assistance dogs, to enter or leave the lift without coming into contact with closing doors.",1,111_UK_DocM_V2_AccessAndUseOfBuildings,accord_official,ACCORD Official,29,171,1,0,0,0,0,0,1,0,1,1,2,0,0
Lifting devices should be positioned with the end opposite to the entry point located against a wall at every floor level.,1,86_UK_DocM_V1_AccessAndUseOfBuildings,accord_official,ACCORD Official,21,122,1,0,0,0,0,0,1,0,1,1,0,0,0
Lighting should be designed based on CIBSEs SLL Lighting Handbook or an equivalent design guide.,1,310_UK_DocM_V2_AccessAndUseOfBuildings,accord_official,ACCORD Official,15,96,1,0,0,0,0,0,1,0,1,1,0,0,0
Limiting heat losses and gains from building services.,0,168_UK_DocM_V2_AccessAndUseOfBuildings | 197_UK_DocL_V1_ConsrvationOfFuelAndPower,accord_official,ACCORD Official,8,54,0,0,0,0,0,0,0,0,1,1,0,0,0
Limiting solar gains.,0,27_UK_DocO_Overheating | 58_UK_DocO_Overheating,accord_official,ACCORD Official,3,21,0,0,0,0,0,0,0,0,1,1,0,0,0
Limiting the effects of solar gains in summer.,0,164_UK_DocM_V2_AccessAndUseOfBuildings,accord_official,ACCORD Official,8,46,0,0,0,0,0,0,0,0,1,1,0,0,0
Limits on application.,0,10_UK_DocD_ToxicSubstances | 118_UK_DocM_V2_AccessAndUseOfBuildings | 15_UK_DocO_Overheating | 16_UK_DocF_V1_Ventilation | 16_UK_DocF_V2_Ventilation,accord_official,ACCORD Official,3,22,0,0,0,0,0,0,0,0,1,1,0,0,0
Loading bays should be constructed with exit points in accordance with both of the following.,0,83_UK_DocK_ProtectionFromFalling,accord_official,ACCORD Official,15,93,1,0,2,0,0,0,1,0,1,1,0,0,0
Loading.,0,103_UK_DocA_Structure,accord_official,ACCORD Official,1,8,0,0,0,0,0,0,0,0,1,1,0,0,0
Location of exhaust outlets.,0,128_UK_DocF_V1_Ventilation | 76_UK_DocF_V2_Ventilation,accord_official,ACCORD Official,4,28,0,0,0,0,0,0,0,0,1,1,0,0,0
"Locks, hinges and letter plates.",0,34_UK_DocQ_Security_Dwellings,accord_official,ACCORD Official,5,32,0,0,0,0,0,0,0,0,1,1,1,0,0
"Loft hatches: where the roof is insulated at ceiling level, hatches should be suitably designed and installed to ensure optimum airtightness.",1,189_UK_DocL_V1_ConsrvationOfFuelAndPower,accord_official,ACCORD Official,21,141,1,0,0,0,0,0,1,0,1,1,1,0,0
"Low voltage: A voltage exceeding extra-low voltage but not exceeding 1000V ac or 1500V dc between conductors, or 600V ac or 900V dc between conductors and earth.",0,34_UK_DocP_ElectricalSafety,accord_official,ACCORD Official,28,161,0,1,0,0,0,0,0,0,1,1,1,0,0
M4(2) optional requirement.,0,33_UK_DocM_V1_AccessAndUseOfBuildings,accord_official,ACCORD Official,4,27,0,0,0,0,0,0,0,0,1,1,0,0,1
M4(3) optional requirement.,0,62_UK_DocM_V1_AccessAndUseOfBuildings,accord_official,ACCORD Official,4,27,0,0,0,0,0,0,0,0,1,1,0,0,1
MATERIALS AND WORKMANSHIP.,0,1_UK_DocD_ToxicSubstances,accord_official,ACCORD Official,3,26,0,0,0,0,0,0,0,0,1,1,0,0,0
Main distribution routes should be through vertical risers to minimise heat gains into common spaces.,1,44_UK_DocO_Overheating,accord_official,ACCORD Official,15,101,1,0,0,0,0,0,1,0,1,1,0,0,0
Major renovation Defined in regulation 35 as the renovation of a building where more than 25 of the surface area of the building envelope undergoes renovation.,0,461_UK_DocL_V1_ConsrvationOfFuelAndPower | 461_UK_DocM_V2_AccessAndUseOfBuildings,accord_official,ACCORD Official,26,159,0,0,0,0,0,0,0,0,1,1,0,0,2
Major renovations of residential buildings.,0,46_UK_DocS_InfrastructureForChargingOfElectricalVehicles,accord_official,ACCORD Official,5,43,0,0,0,0,0,0,0,0,1,1,0,0,0
Manifestation of glazing.,0,102_UK_DocK_ProtectionFromFalling,accord_official,ACCORD Official,3,25,0,0,0,0,0,0,0,0,1,1,0,0,0
Manual control of heat release from the appliance should be possible.,1,261_UK_DocM_V2_AccessAndUseOfBuildings,accord_official,ACCORD Official,11,69,1,0,0,0,0,0,1,0,1,1,0,0,0
"Manual controls for powered entrance doors should be clearly distinguishable against the background and not located so that a person, having used the control, needs to move to avoid contact with the door as it opens.",1,74_UK_DocM_V2_AccessAndUseOfBuildings,accord_official,ACCORD Official,36,216,1,0,1,0,0,0,1,0,1,1,2,0,0
"Manual controls, where provided, should be within reasonable reach of the occupants.",1,20_UK_DocL_V1_ConsrvationOfFuelAndPower | 26_UK_DocM_V2_AccessAndUseOfBuildings | 2_UK_DocS_InfrastructureForChargingOfElectricalVehicles,accord_official,ACCORD Official,12,84,1,0,0,0,0,0,1,0,1,1,2,0,0
Manual reset should be possible if there is an over-temperature trip.,1,269_UK_DocM_V2_AccessAndUseOfBuildings,accord_official,ACCORD Official,12,69,1,0,0,0,0,0,1,0,1,1,0,0,0
"Manually operated non- powered entrance doors will satisfy Requirement M1 or M2 if:a. the opening force at the leading edge of the door is not more than 30N at the leading edge from 0 (the door in the closed position) to 30 open , and not more than 22.5N at the leading edge from 30 to 60 of the opening cycle ; b. there is an unobstructed space of at least 300mm on the pull side of the door between the leading edge of the door and any return wall , unless the door is a powered entrance door (see Diagram 9); c. where fitted with a latch , the door opening furniture can be operated with one hand using a closed fist , e.g.",0,72_UK_DocM_V2_AccessAndUseOfBuildings,accord_official,ACCORD Official,123,626,0,1,0,1,0,0,0,0,1,1,4,2,6
Masonry construction: external or cavity wall insulation should extend below the damp-proof course (where applicable) and be at least the equivalent of one full block height (215mm) below the underside of the floor structure/slab and beyond the depth of the floor insulation.,1,161_UK_DocL_V1_ConsrvationOfFuelAndPower,accord_official,ACCORD Official,44,275,1,1,0,0,0,0,1,0,1,1,0,0,0
Masonry units: Walls should be properly bonded and solidly put together with mortar and constructed of masonry units conforming to: a. clay bricks or blocks to BS EN 7711; b. calcium silicate bricks or blocks to BS EN7712; c. concrete bricks or blocks to BS EN 7713 orBS EN 7714; d. manufactured stone to BS EN 7715; e. square dressed natural stone to the appropriate requirements described inBS EN 7716.,0,52_UK_DocA_Structure,accord_official,ACCORD Official,70,404,1,0,0,0,0,0,1,0,1,1,0,4,5
Material alterations.,0,5_UK_DocM_V1_AccessAndUseOfBuildings,accord_official,ACCORD Official,2,21,0,0,0,0,0,0,0,0,1,1,0,0,0
"Material change of use Defined in regulation 5 as:  Where there is a change in the purposes for which or the circumstances in which a building is used, so that after that change: a. the building is used as a dwelling, where previously it was not;b.  the building contains a flat, where previously it did not; c.  the building is used as an hotel or a boarding house, where previously it was not; d.  the building is used as an institution, where previously it was not;e.  the building is used as a public building, where previously it was not;the building is not a building described in classes 1 to 6 in Schedule 2, where previously it g.  the building, which contains at least one dwelling, contains a greater or lesser number of dwellings than it did previously;h.  the building contains a room for residential purposes, where previously it did not;the building, which contains at least one room for residential purposes, contains a greater or lesser number of such rooms than it did previously;the building is used as a shop, where it previously was not; ork.  the building is a building described in regulation 7(4)(a), where previously it was not.",0,239_UK_DocF_V1_Ventilation,accord_official,ACCORD Official,207,1153,0,1,2,1,0,0,0,0,1,1,14,9,6
"Material change of use Defined in regulation 5 as: Where there is a change in the purposes for which or the circumstances in which a building is used, so that after that change:a.  the building is used as a dwelling, where previously it was not;b.  the building contains a flat, where previously it did not; c.  the building is used as an hotel or a boarding house, where previously it was not;d.  the building is used as an institution, where previously it was not;e.  the building is used as a public building, where previously it was not;the building is not a building described in classes 1 to 6 in Schedule 2, where previously it g.  the building, which contains at least one dwelling, contains a greater or lesser number of dwellings than it did previously;h.  the building contains a room for residential purposes, where previously it did not;the building, which contains at least one room for residential purposes, contains a greater or lesser number of such rooms than it did previously; the building is used as a shop, where it previously was not; ork.  the building is a building described in regulation 7(4)(a), where previously it was not.",0,462_UK_DocM_V2_AccessAndUseOfBuildings,accord_official,ACCORD Official,207,1152,0,1,2,1,0,0,0,0,1,1,14,9,6
"Material change of use Defined in regulation 5 as: Where there is a change in the purposes for which or the circumstances in which a building is used, so that after that change:a.  the building is used as a dwelling, where previously it was not;b.  the building contains a flat, where previously it did not; c.  the building is used as an hotel or a boarding house, where previously it was not;d.  the building is used as an institution, where previously it was not;e.  the building is used as a public building, where previously it was not;the building is not a building described in classes 1 to 6 in Schedule 2, where previously it g.  the building, which contains at least one dwelling, contains a greater or lesser number of dwellings than it did previously;h.  the building contains a room for residential purposes, where previously it did not;the building, which contains at least one room for residential purposes, contains a greater or lesser number of such rooms than it did previously;the building is used as a shop, where it previously was not; ork.  the building is a building described in regulation 7(4)(a), where previously it was not.",0,107_UK_DocF_V2_Ventilation,accord_official,ACCORD Official,207,1151,0,1,2,1,0,0,0,0,1,1,14,9,6
Material change of use and change to energy status.,0,441_UK_DocM_V2_AccessAndUseOfBuildings | 447_UK_DocL_V1_ConsrvationOfFuelAndPower,accord_official,ACCORD Official,9,51,0,0,0,0,0,0,0,0,1,1,0,0,0
Material.,0,25_UK_DocQ_Security_Dwellings,accord_official,ACCORD Official,1,9,0,0,0,0,0,0,0,0,1,1,0,0,0
Materials and workmanship.,0,3_UK_DocK_ProtectionFromFalling,accord_official,ACCORD Official,3,26,0,0,0,0,0,0,0,0,1,1,0,0,0
Materials.,0,115_UK_DocA_Structure,accord_official,ACCORD Official,1,10,0,0,0,0,0,0,0,0,1,1,0,0,0
"Maximum allowable length and height of the wall: This section does not deal with walls longer than 12m, measured from centre to centre of buttressing walls, piers or chimneys providing restraint, or with walls exceeding 12m in height (see also Table 3).",0,47_UK_DocA_Structure,accord_official,ACCORD Official,42,253,0,1,1,3,0,0,0,0,1,1,3,0,1
"Maximum floor area: The guidance of this section assumes that no floor enclosed by structural walls on all sides exceeds 70m2, and that no floor without a structural wall on one side exceeds 36m2.",0,45_UK_DocA_Structure,accord_official,ACCORD Official,34,196,0,1,1,1,0,0,0,0,1,1,1,0,0
Mechanical supply terminals should be located and directed to avoid draughts.,1,106_UK_DocF_V1_Ventilation,accord_official,ACCORD Official,11,77,1,0,0,0,0,0,1,0,1,1,0,0,0
Mechanical ventilation systems must be commissioned in accordance with an approved procedure.,1,118_UK_DocF_V1_Ventilation | 35_UK_DocF_V2_Ventilation,accord_official,ACCORD Official,12,93,1,0,0,0,0,1,0,0,1,1,0,0,0
Mechanical ventilation systems must be commissioned to provide adequate ventilation.,1,180_UK_DocF_V1_Ventilation | 93_UK_DocF_V2_Ventilation,accord_official,ACCORD Official,10,84,1,0,0,0,0,1,0,0,1,1,0,0,0
"Mechanical ventilation systems, including both continuous and intermittent mechanical ventilation, should be designed and installed to minimise noise.",1,21_UK_DocF_V1_Ventilation | 21_UK_DocF_V2_Ventilation,accord_official,ACCORD Official,18,150,1,0,0,0,0,0,1,0,1,1,2,0,0
Mechanical ventilation with heat recovery systems should be designed to avoid the moist air from the wet rooms recirculating to the habitable rooms.,1,107_UK_DocF_V1_Ventilation,accord_official,ACCORD Official,23,148,1,0,0,1,0,0,1,0,1,1,0,0,0
Mechanical ventilation with heat recovery.,0,60_UK_DocF_V1_Ventilation,accord_official,ACCORD Official,5,42,0,0,0,0,0,0,0,0,1,1,0,0,0
Mechanical ventilation.,0,295_UK_DocM_V2_AccessAndUseOfBuildings,accord_official,ACCORD Official,2,23,0,0,0,0,0,0,0,0,1,1,0,0,0
Meeting the standards in Table 4.4 is one way of demonstrating that heat losses will not exceed those given in BS 5422.,0,203_UK_DocL_V1_ConsrvationOfFuelAndPower,accord_official,ACCORD Official,23,119,0,1,1,1,0,0,0,0,1,1,0,0,2
Metering should be provided that measures all of the following.,0,264_UK_DocM_V2_AccessAndUseOfBuildings,accord_official,ACCORD Official,10,63,1,0,1,0,0,0,1,0,1,1,0,0,0
Metering.,0,294_UK_DocL_V1_ConsrvationOfFuelAndPower,accord_official,ACCORD Official,1,9,0,0,0,0,0,0,0,0,1,1,0,0,0
Methodology of calculation of the energy performance.,0,22_UK_DocL_V1_ConsrvationOfFuelAndPower | 28_UK_DocM_V2_AccessAndUseOfBuildings,accord_official,ACCORD Official,7,53,0,0,0,0,0,0,0,0,1,1,0,0,0
Micro combined heat and power.,0,296_UK_DocL_V1_ConsrvationOfFuelAndPower,accord_official,ACCORD Official,5,30,0,0,0,0,0,0,0,0,1,1,0,0,0
Minimising heat losses.,0,301_UK_DocL_V1_ConsrvationOfFuelAndPower,accord_official,ACCORD Official,3,23,0,0,0,0,0,0,0,0,1,1,0,0,0
Minimum energy performance requirements for new buildings.,0,25_UK_DocL_V1_ConsrvationOfFuelAndPower | 31_UK_DocM_V2_AccessAndUseOfBuildings,accord_official,ACCORD Official,7,58,0,1,0,0,0,0,0,0,1,1,0,0,0
"Minimum energy performance requirements shall be approved by the Secretary of State, calculated and expressed in accordance with the methodology approved pursuant to regulation 24, for(a)  new buildings (which shall include new dwellings), in the form of target CO2 emission rates; (b)  new dwellings, in the form of target fabric efficiency rates, and(c)  new buildings in the form of target primary energy rates.",0,32_UK_DocM_V2_AccessAndUseOfBuildings,accord_official,ACCORD Official,65,414,1,1,0,0,1,0,0,0,1,1,5,1,1
"Minimum energy performance requirements shall be approved by the Secretary of State, calculated and expressed in accordance with the methodology approved pursuant to regulation 24, for(a)  new buildings (which shall include new dwellings), in the form of target CO2 emission rates; (b)  new dwellings, in the form of target fabric efficiency rates; and(c)  new buildings in the form of target primary energy rates.",0,26_UK_DocL_V1_ConsrvationOfFuelAndPower,accord_official,ACCORD Official,65,414,1,1,0,0,1,0,0,0,1,1,4,2,1
Minimum storage area (m2).,0,77_UK_DocM_V1_AccessAndUseOfBuildings,accord_official,ACCORD Official,4,26,0,1,0,0,0,0,0,0,1,1,0,0,0
"Minor works must comply with the relevant requirements of the Building Regulations, but the building control body does not need to be notified.",0,6_UK_DocF_V1_Ventilation | 6_UK_DocF_V2_Ventilation,accord_official,ACCORD Official,23,143,1,0,0,0,0,1,0,0,1,1,1,0,0
Minor works.,1,5_UK_DocF_V1_Ventilation | 5_UK_DocF_V2_Ventilation,accord_official,ACCORD Official,2,12,0,0,0,0,0,0,0,0,1,1,0,0,0
Modification and exemptions.,0,44_UK_DocR_V1_InfrastructureForElectircalCommunications,accord_official,ACCORD Official,3,28,0,0,0,0,0,0,0,0,1,1,0,0,0
Modular and portable buildings with a planned service life of more than two years at a single location should be shown to comply with the energy efficiency requirements.,1,81_UK_DocM_V2_AccessAndUseOfBuildings,accord_official,ACCORD Official,28,169,1,0,0,1,0,0,1,0,1,1,0,0,0
Modular and portable buildings with a planned service life of more than two years but with an intended time of use in a single location of less than two years should be shown to comply with the energy efficiency requirements.,1,83_UK_DocM_V2_AccessAndUseOfBuildings,accord_official,ACCORD Official,40,225,1,1,0,1,0,0,1,0,1,1,0,0,0
Modular and portable buildings with a planned service life of more than two years.,0,77_UK_DocM_V2_AccessAndUseOfBuildings,accord_official,ACCORD Official,14,82,0,0,0,1,0,0,0,0,1,1,0,0,0
Moisture-resistant insulation should be fitted below damp-proof course level and extend to the foundation block/structure.,1,136_UK_DocL_V1_ConsrvationOfFuelAndPower,accord_official,ACCORD Official,18,122,1,0,0,0,0,0,1,0,1,1,0,0,0
Monitors should therefore be positioned at least 500mm away from room occupants.,1,123_UK_DocF_V2_Ventilation,accord_official,ACCORD Official,12,80,1,1,0,0,0,0,1,0,1,1,0,0,0
Mortar snots should be removed to ensure a tight fit with the structure and cavities cleared of all debris.,1,142_UK_DocL_V1_ConsrvationOfFuelAndPower,accord_official,ACCORD Official,19,107,1,0,1,0,0,0,1,0,1,1,0,0,0
Mortar: Mortar should be: a. one of the following: i. Mortar designation (iii) according toBS EN 199611:2005 with its UKNational Annex.,0,54_UK_DocA_Structure,accord_official,ACCORD Official,22,135,1,0,1,1,0,0,1,0,1,1,0,0,2
Most building work and material changes of use must be notified to a building control body unless one of the following applies.,0,6_UK_DocK_ProtectionFromFalling,accord_official,ACCORD Official,22,127,1,0,1,0,0,1,0,0,1,1,0,0,0
"Mould can grow whether the building is occupied or unoccupied, so the performance criteria for surface water activity (as given in Table B2) should be met at all times, regardless of whether there are occupants.",0,116_UK_DocF_V2_Ventilation,accord_official,ACCORD Official,35,211,1,0,0,1,0,0,1,0,1,1,2,0,0
Multi-dwelling buildings that are subject to major renovation works must be equipped with a common access point capable of serving all the dwellings within the building.,1,4_UK_DocR_V2_InfrastructureForElectircalCommunications,accord_official,ACCORD Official,27,169,1,0,0,0,0,1,0,0,1,1,0,0,0
Multiple cooling units should be provided with controls that ensure that the combined plant operates in its most efficient modes.,1,275_UK_DocM_V2_AccessAndUseOfBuildings,accord_official,ACCORD Official,20,129,1,0,0,0,0,0,1,0,1,1,0,0,0
Multiple-boiler systems in new buildings.,0,242_UK_DocM_V2_AccessAndUseOfBuildings,accord_official,ACCORD Official,6,41,0,0,0,0,0,0,0,0,1,1,0,0,0
Multiple-boiler systems with non-identical boilers replacing existing systems.,0,247_UK_DocM_V2_AccessAndUseOfBuildings,accord_official,ACCORD Official,10,78,0,0,0,0,0,0,0,0,1,1,0,0,0
NOTE 2: Any test evidence used to confirm the security of a construction should be carefully checked to ensure that it demonstrates compliance that is adequate and that applies to the intended use.,0,24_UK_DocQ_Security_Dwellings,accord_official,ACCORD Official,33,197,1,0,1,0,0,0,1,0,1,1,0,0,1
NOTE 2: Double doors effectively provide nibs where each leaf is at least 300mm wide.,1,51_UK_DocM_V1_AccessAndUseOfBuildings,accord_official,ACCORD Official,15,85,0,1,0,0,0,0,0,0,1,1,0,0,1
"NOTE 3: For the purposes of establishing number of bed-spaces relevant to these requirements, a bedroom at or above 8.5m2 and below 12.5m2 in size is counted as one bedspaces, and equal to or greater than 12.5m2 as two bed-spaces.",0,107_UK_DocM_V1_AccessAndUseOfBuildings,accord_official,ACCORD Official,45,230,0,2,1,0,0,0,0,0,1,1,2,0,4
NOTE: A floor level with a gradient of 1:20 or steeper should be designed as a ramp.,1,54_UK_DocK_ProtectionFromFalling,accord_official,ACCORD Official,18,84,1,0,0,0,0,0,1,0,1,1,0,0,2
"NOTE: A minimum of one in every five means that, for example, if there are 11 parking spaces, two parking spaces must have access to cable routes in addition to the one parking space with access to an electric vehicle charge point.",1,69_UK_DocS_InfrastructureForChargingOfElectricalVehicles,accord_official,ACCORD Official,42,231,1,1,0,0,0,1,0,0,1,1,3,0,1
"NOTE: A minimum of one in every five means that, for example, if there are 11 parking spaces, two parking spaces must have access to cable routes in addition to the one parking space with an electric vehicle charge point.",1,84_UK_DocS_InfrastructureForChargingOfElectricalVehicles,accord_official,ACCORD Official,40,221,1,1,0,0,0,1,0,0,1,1,3,0,1
NOTE: A system for purge ventilation should be provided in each habitable room to demonstrate compliance with Part F of the Building Regulations.,1,41_UK_DocO_Overheating | 67_UK_DocO_Overheating,accord_official,ACCORD Official,23,145,1,0,0,1,0,0,1,0,1,1,0,0,0
NOTE: Additional details on CO2 monitoring for indoor air quality can be found in Appendix C.,0,40_UK_DocF_V2_Ventilation,accord_official,ACCORD Official,16,93,0,0,0,1,0,0,0,0,1,1,0,0,0
"NOTE: All boilers should be used in the calculation, including any that are identical.",1,249_UK_DocM_V2_AccessAndUseOfBuildings,accord_official,ACCORD Official,14,86,1,0,0,0,0,0,1,0,1,1,1,0,0
NOTE: All the diagrams in this approved document (Diagrams 1 to 6) are simplified.,0,11_UK_DocR_V1_InfrastructureForElectircalCommunications,accord_official,ACCORD Official,14,82,0,0,1,0,0,0,0,0,1,1,0,0,2
"NOTE: Although it may go beyond the standards of paragraph 3.6, following the checklist in Table D1 is considered to be an adequate means of demonstrating compliance with the minimum standards of requirement F1(1) as described in paragraph 3.6.",0,267_UK_DocF_V1_Ventilation,accord_official,ACCORD Official,42,244,1,1,2,2,0,0,0,1,1,1,1,0,3
NOTE: An example of evidence that the planned time of use in the given location is less than two years is the hire agreement for the unit.,0,84_UK_DocM_V2_AccessAndUseOfBuildings,accord_official,ACCORD Official,27,138,0,1,0,0,0,0,0,0,1,1,0,0,0
NOTE: Any financial contribution from the network operator should be deducted from the cost of providing the relevant connection.,1,53_UK_DocR_V1_InfrastructureForElectircalCommunications,accord_official,ACCORD Official,19,129,1,0,0,0,0,0,1,0,1,1,0,0,0
NOTE: Any method to reduce overheating risk in residential buildings must comply with all Others parts of the Building Regulations.,1,65_UK_DocO_Overheating,accord_official,ACCORD Official,20,131,1,0,0,0,0,1,0,0,1,1,0,0,0
"NOTE: Approved Document M recommends that in new dwellings only, switches and socketoutlets for lighting and Others equipment should be between 450mm and 1200mm from finished floor level.",0,10_UK_DocP_ElectricalSafety,accord_official,ACCORD Official,28,187,1,0,0,0,0,0,1,0,1,1,1,0,0
NOTE: Consequential improvements may be required when there is a material change of use or change to energy status and Section 12 should be followed.,0,447_UK_DocM_V2_AccessAndUseOfBuildings,accord_official,ACCORD Official,25,149,2,0,0,1,0,0,1,1,1,1,0,0,1
"NOTE: Consideration should be given to the positioning of network termination points installed within the dwelling to ensure good connectivity throughout the dwelling, such as in central, open areas of the dwelling.",1,27_UK_DocR_V1_InfrastructureForElectircalCommunications,accord_official,ACCORD Official,32,215,1,0,1,0,0,0,1,0,1,1,2,0,0
"NOTE: Efficiencies based on net calorific value should be converted to efficiencies based on gross calorific value, using the appropriate conversion factor in the Standard Assessment Procedure version 10 Table E4.",0,238_UK_DocM_V2_AccessAndUseOfBuildings,accord_official,ACCORD Official,31,213,1,0,0,1,0,0,1,0,1,1,1,0,1
NOTE: Electrical inspection and test forms should be given to the person ordering the work.,0,24_UK_DocP_ElectricalSafety,accord_official,ACCORD Official,15,91,1,0,0,0,0,0,1,0,1,1,0,0,0
"NOTE: Examples are given in Appendix C.NOTE: When renovating thermal elements, the work should comply with all the requirements in Schedule 1, but particular attention should be paid to Parts B, C, F and J.",0,126_UK_DocL_V1_ConsrvationOfFuelAndPower,accord_official,ACCORD Official,36,206,1,0,0,2,0,0,1,0,1,1,4,0,1
NOTE: Following BSI PAS 2035 is considered to be an adequate means of demonstrating compliance with paragraph 3.6.,0,135_UK_DocF_V1_Ventilation,accord_official,ACCORD Official,19,114,0,0,0,1,0,0,0,0,1,1,0,0,2
"NOTE: For example, if the total system output is made up of three equally sized boilers, at 15 of system output the lead boiler will be operating at 45 of its rated output with the Others two boilers switched off.",1,244_UK_DocM_V2_AccessAndUseOfBuildings,accord_official,ACCORD Official,40,213,0,0,0,0,0,0,0,0,1,1,2,0,2
"NOTE: For grid-supplied electricity, a CO2 emission factor of 0.136kgCO2/kWh and primary energy factor of 1.501kWhPE/kWh should be used.",1,199_UK_DocM_V2_AccessAndUseOfBuildings,accord_official,ACCORD Official,24,136,1,0,0,0,0,0,1,0,1,1,1,0,2
"NOTE: For temperature limits to control legionella bacteria in domestic hot water systems, see Approved Document G.Sizing heat pump heating systems.",0,242_UK_DocL_V1_ConsrvationOfFuelAndPower,accord_official,ACCORD Official,22,148,0,0,0,1,0,0,0,0,1,1,1,0,0
"NOTE: For the purpose of demonstrating compliance with these provisions, beds should be of the size set out in the furniture schedule in Appendix D.Sanitary facilities.",0,52_UK_DocM_V1_AccessAndUseOfBuildings,accord_official,ACCORD Official,27,168,1,0,1,2,0,0,1,0,1,1,1,0,0
"NOTE: For the purposes of Table 3.1, include areas with reduced headroom as follows:  headroom between 900mm and 1500mm: at 50 of its arealower than 900mm: do not count.",0,78_UK_DocM_V1_AccessAndUseOfBuildings,accord_official,ACCORD Official,30,169,0,0,0,1,0,0,0,0,1,1,1,0,2
"NOTE: Guidance on the accessibility requirements of the Building Regulations, including on the location of sockets and switches, is given in Approved Document M.NOTE: Except for the items marked  (which are from the Building Regulations 2010), these definitions apply only to Approved Document S. Accessible parking space A parking space that meets the provisions in Approved Document M.Associated parking space Any parking space that is available within the site boundary of the building, for the use by the occupant of, or a visitor to, a dwelling in the building, including any parking space which is for the use of any occupant of, or any visitor to, any dwelling in a building containing more than one dwelling.",0,122_UK_DocS_InfrastructureForChargingOfElectricalVehicles,accord_official,ACCORD Official,118,716,0,0,1,0,0,0,0,0,1,1,9,0,1
"NOTE: If a combustion appliance is installed in a kitchen or bathroom where building work is carried out, Part J of the Building Regulations must be considered.",0,167_UK_DocF_V1_Ventilation,accord_official,ACCORD Official,27,160,1,0,0,0,0,1,0,0,1,1,1,0,0
"NOTE: If an exposed facade is close to an area of sustained and loud noise (e.g. a main road), then a noise attenuating background ventilator should be fitted.",1,85_UK_DocF_V2_Ventilation,accord_official,ACCORD Official,29,159,1,0,0,0,0,0,1,0,1,1,1,0,0
"NOTE: If the efficiency of the appliance being replaced is not known, the Standard Assessment Procedure, Tables 4a and 4b, should be used but with no adjustments from Tables 4c and 4d.",0,227_UK_DocL_V1_ConsrvationOfFuelAndPower,accord_official,ACCORD Official,32,184,1,0,0,1,0,0,1,0,1,1,3,0,0
"NOTE: In these circumstances, expert advice should be sought.",0,127_UK_DocF_V1_Ventilation | 75_UK_DocF_V2_Ventilation,accord_official,ACCORD Official,9,61,1,0,1,0,0,0,1,0,1,1,1,0,0
"NOTE: Industrial sites, workshops and non-residential agricultural buildings with low energy demand and buildings with a planned service life of less than two years are exempt from the energy efficiency requirements.",0,76_UK_DocM_V2_AccessAndUseOfBuildings,accord_official,ACCORD Official,32,216,0,1,0,0,0,0,0,0,1,1,1,0,0
"NOTE: Information and photographic evidence should be provided for each individual dwelling, as described in Section 9 and Appendix B.",0,71_UK_DocL_V1_ConsrvationOfFuelAndPower,accord_official,ACCORD Official,20,134,1,0,1,2,0,0,1,0,1,1,1,0,1
NOTE: Linear interpolation should be used to determine efficiencies between manufacturers declared efficiencies at 30 and 100 load.,1,245_UK_DocM_V2_AccessAndUseOfBuildings,accord_official,ACCORD Official,18,131,1,0,0,0,0,0,1,0,1,1,0,0,2
NOTE: Particular attention should be paid to Approved Document F and Approved Document J when making an existing dwelling more airtight.,0,196_UK_DocL_V1_ConsrvationOfFuelAndPower,accord_official,ACCORD Official,21,136,1,0,0,0,0,0,1,0,1,1,0,0,0
NOTE: Particular attention should be paid to guidance in Approved Document F and Approved Document J when making an existing building more airtight.,0,163_UK_DocM_V2_AccessAndUseOfBuildings,accord_official,ACCORD Official,23,148,1,0,0,0,0,0,1,0,1,1,0,0,0
"NOTE: Requirements are often exceeded by Others criteria, such as the ventilation requirements of the particular manufacturing process.",0,65_UK_DocF_V2_Ventilation,accord_official,ACCORD Official,18,135,0,0,1,0,0,0,0,0,1,1,1,0,0
NOTE: Rooms that are designed to contain printers and photocopiers in substantial use (more than 30 minutes per hour) should not be designed to be occupied.,1,44_UK_DocF_V2_Ventilation,accord_official,ACCORD Official,26,156,1,0,0,0,0,0,1,0,1,1,0,0,1
"NOTE: Standards for accessible parking spaces are described in Approved Document M.6.5  A future connection location may be sited to serve more than one parking space if the cable routes are suitable for electric vehicle charge points to be installed in future that allow all spaces to be used at the same time for recharging  for example, if the cable routes are adequate for an electric vehicle charge point with multiple outlets, where each outlet has the functionality described in paragraph 6.2.",0,104_UK_DocS_InfrastructureForChargingOfElectricalVehicles,accord_official,ACCORD Official,85,500,1,0,0,2,0,0,0,1,1,1,2,0,2
NOTE: The E-codesign for Energy Related Products Regulations 2010 set the efficiencies and standards that must be met when introducing new energy using products to the market.,0,230_UK_DocM_V2_AccessAndUseOfBuildings,accord_official,ACCORD Official,28,175,1,0,0,0,0,1,0,0,1,1,0,0,1
NOTE: The Ecodesign for EnergyRelated Products Regulations 2010 set the efficiencies and standards that must be met when introducing new energyusing products to the market.,0,257_UK_DocL_V1_ConsrvationOfFuelAndPower,accord_official,ACCORD Official,25,172,1,0,0,0,0,1,0,0,1,1,0,0,1
NOTE: The electrical installation condition report should be the model BS 7671 form or one developed specifically for Part P purposes.,0,27_UK_DocP_ElectricalSafety,accord_official,ACCORD Official,21,134,1,0,0,0,0,0,1,0,1,1,0,0,1
"NOTE: The network distribution point could be in a cabinet, a box mounted on a wall or on a telegraph pole.",1,5_UK_DocR_V1_InfrastructureForElectircalCommunications,accord_official,ACCORD Official,21,107,0,0,0,0,0,0,0,0,1,1,1,0,0
NOTE: The same CO2 emission factors used to calculate the building emission rate described in paragraph 2.7 of this approved document should be used to check against the minimum performance standards described in paragraph 6.79.,0,337_UK_DocM_V2_AccessAndUseOfBuildings,accord_official,ACCORD Official,37,228,1,1,1,1,0,0,1,0,1,1,0,0,2
NOTE: The same CO2 emission factors used to calculate the building emission rate for buildings connected to a district heat network or community heating system should be used to check against the minimum performance standards described in Section 6 of this approved document.,0,73_UK_DocM_V2_AccessAndUseOfBuildings,accord_official,ACCORD Official,43,275,1,1,1,1,0,0,1,0,1,1,0,0,1
NOTE: The same CO2 emission factors used to calculate the dwelling emission rate described in paragraph 2.9 of this approved document should be used to check against the minimum performance standards described in paragraph 6.20.,0,289_UK_DocL_V1_ConsrvationOfFuelAndPower,accord_official,ACCORD Official,37,228,1,1,1,1,0,0,1,0,1,1,0,0,2
NOTE: The simplified method set out in paragraphs 3.8 to 3.13 is designed to apply to an existing dwelling that is assumed to have adequate means of ventilation through a combination of purposeprovided ventilation and infiltration.,0,137_UK_DocF_V1_Ventilation,accord_official,ACCORD Official,38,231,0,0,0,1,0,0,0,0,1,1,0,0,2
"NOTE: The surface area of the whole building must be included when assessing whether the works constitute a major renovation, even if the building is mixed use.",1,124_UK_DocS_InfrastructureForChargingOfElectricalVehicles,accord_official,ACCORD Official,27,160,1,0,0,0,0,1,0,0,1,1,1,0,0
NOTE: Ventilation through infiltration should be considered to be part of the ventilation provision of a building.,1,79_UK_DocF_V2_Ventilation,accord_official,ACCORD Official,17,114,1,0,0,0,0,0,1,0,1,1,0,0,0
NOTE: Ventilation through infiltration should be considered to be part of the ventilation provision of a dwelling.,1,131_UK_DocF_V1_Ventilation,accord_official,ACCORD Official,17,114,1,0,0,0,0,0,1,0,1,1,0,0,0
"NOTE: When a single U-value is calculated for a product range of doors, the configuration of the door chosen for the calculation should be the worst performing in the product range.",1,108_UK_DocL_V1_ConsrvationOfFuelAndPower | 124_UK_DocM_V2_AccessAndUseOfBuildings,accord_official,ACCORD Official,32,181,1,0,0,0,0,0,1,0,1,1,1,0,0
"NOTE: Where a combustion appliance is installed, any automatic controls must also ensure that the ventilation provided meets the requirements of Part J of the Building Regulations.",0,68_UK_DocF_V1_Ventilation,accord_official,ACCORD Official,27,180,1,0,0,0,0,1,0,0,1,1,1,0,0
"NOTE: Where a heat pump is installed which meets the minimum efficiency standards in this approved document, it should be deemed to be compliant with paragraph 5.4, without the need to carry out this calculation.",0,229_UK_DocL_V1_ConsrvationOfFuelAndPower,accord_official,ACCORD Official,36,212,1,1,2,1,0,0,1,0,1,1,2,0,1
"NOTE: Where a next fastest broadband connection or no connection to a public electronic communications network can be provided within the cost cap (see paragraphs 2.13 to 2.23), new dwellings must still be erected with gigabit-ready physical infrastructure installed to be ready to support a connection to a gigabit-capable public electronic communications network in the future.",0,16_UK_DocR_V1_InfrastructureForElectircalCommunications,accord_official,ACCORD Official,60,379,1,0,0,2,0,1,0,0,1,1,1,0,2
"NOTE: Where specific energy efficiency measures are not included in Table 3.1, the most similar category should be chosen instead.",0,141_UK_DocF_V1_Ventilation,accord_official,ACCORD Official,21,130,1,0,0,1,0,0,1,0,1,1,1,0,1
"NOTE: Where the efficiency of the appliance being replaced is unknown, this should be established in line with the hierarchy outlined in Appendix E.If renewable technology such as a wind turbine or photovoltaic array is being replaced, the new system should have an electrical output that is at least the same as that of the original installation.",0,201_UK_DocM_V2_AccessAndUseOfBuildings,accord_official,ACCORD Official,58,347,1,1,2,1,0,0,1,0,1,1,2,0,0
"NOTE: Where the performance of elements of the existing dwelling is unknown, data in the Standard Assessment Procedure Appendix S should be used to estimate the performance.",0,429_UK_DocL_V1_ConsrvationOfFuelAndPower,accord_official,ACCORD Official,27,173,1,0,0,1,0,0,1,0,1,1,1,0,0
NOTES:Insulation thicknesses should be calculated according to BS EN ISO 12241 using the following standardised assumptions.,0,182_UK_DocM_V2_AccessAndUseOfBuildings,accord_official,ACCORD Official,17,124,1,0,1,0,0,0,1,0,1,1,0,0,1
Natural ventilation by appropriately located ventilation opening(s) with a total opening area of at least 1/50 of the floor area of the common space.,0,54_UK_DocF_V2_Ventilation,accord_official,ACCORD Official,26,149,0,1,0,0,0,0,0,0,1,1,0,0,2
Natural ventilation with background ventilators and intermittent extract fans (guidance suitable only for less airtight dwellings).,0,80_UK_DocF_V1_Ventilation,accord_official,ACCORD Official,16,131,0,0,0,1,0,0,0,0,1,1,0,0,0
"Network terminationpoint (for each dwelling in building, see Diagrams 5 and 6).",0,10_UK_DocR_V1_InfrastructureForElectircalCommunications,accord_official,ACCORD Official,12,79,0,0,0,1,0,0,0,0,1,1,1,0,2
New and replacement thermal elements.,0,406_UK_DocM_V2_AccessAndUseOfBuildings,accord_official,ACCORD Official,5,37,0,0,0,0,0,0,0,0,1,1,0,0,0
New building services.,0,190_UK_DocM_V2_AccessAndUseOfBuildings | 217_UK_DocL_V1_ConsrvationOfFuelAndPower,accord_official,ACCORD Official,3,22,0,0,0,0,0,0,0,0,1,1,0,0,0
New dwellings.,0,15_UK_DocS_InfrastructureForChargingOfElectricalVehicles | 286_UK_DocL_V1_ConsrvationOfFuelAndPower | 8_UK_DocP_ElectricalSafety,accord_official,ACCORD Official,2,14,0,0,0,0,0,0,0,0,1,1,0,0,0
"New or replaced windows, roof windows, rooflights and doors (controlled fittings) should meet the standards in Table 4.1.c.  The area of openings in the newly created building should not be more than 25 of the total floor area.",0,446_UK_DocM_V2_AccessAndUseOfBuildings,accord_official,ACCORD Official,40,227,1,0,0,1,0,0,1,0,1,1,2,0,2
"New or replaced windows, roof windows, rooflights and doors (controlled fittings) should meet the standards in Table 4.2.",0,452_UK_DocL_V1_ConsrvationOfFuelAndPower,accord_official,ACCORD Official,19,121,1,0,0,1,0,0,1,0,1,1,2,0,1
New solar hot water collectors should be independently certified as complying with all tests required by BS EN 129751 and BS EN ISO 9806 for both of the following.,0,321_UK_DocL_V1_ConsrvationOfFuelAndPower,accord_official,ACCORD Official,29,163,1,0,1,0,0,0,1,0,1,1,0,0,2
New tests should be carried out until the building achieves the criteria in paragraphs 7.1 and 7.6.,0,359_UK_DocM_V2_AccessAndUseOfBuildings,accord_official,ACCORD Official,19,99,1,0,0,1,0,0,1,0,1,1,0,0,2
New tests should be carried out until the dwelling achieves the criteria in paragraphs 7.1 and 7.5.,0,358_UK_DocL_V1_ConsrvationOfFuelAndPower,accord_official,ACCORD Official,19,99,1,0,0,1,0,0,1,0,1,1,0,0,2
No individual flight has a rise between landings of more than 1800mm.,1,42_UK_DocM_V1_AccessAndUseOfBuildings,accord_official,ACCORD Official,12,69,0,0,0,0,0,0,0,0,1,1,0,0,0
No individual flight has a rise of more than 1800mm between landings.,1,21_UK_DocM_V1_AccessAndUseOfBuildings | 72_UK_DocM_V1_AccessAndUseOfBuildings,accord_official,ACCORD Official,12,69,0,0,0,0,0,0,0,0,1,1,0,0,0
"No openings should be provided in walls below ground floor except for small holes for services and ventilation, etc. which should be limited
to a maximum area of 0.1mý at not less than 2m centres.",1,68_UK_DocA_Structure,accord_official,ACCORD Official,36,196,1,3,0,0,0,0,1,0,1,1,1,0,1
Noise.,0,20_UK_DocF_V1_Ventilation | 20_UK_DocF_V2_Ventilation,accord_official,ACCORD Official,1,6,0,0,0,0,0,0,0,0,1,1,0,0,0
Non-condensing boilers should be fitted with a flue condensing kit where feasible and where the boiler is likely to be able to operate in condensing mode (e.g. variable temperature circuits).,1,235_UK_DocM_V2_AccessAndUseOfBuildings,accord_official,ACCORD Official,32,191,1,0,1,0,0,0,1,0,1,1,0,0,0
"Non-notifiable electrical installation work, like notifiable work, should be designed and installed, and inspected, tested and certificated in accordance with BS 7671.",0,32_UK_DocP_ElectricalSafety,accord_official,ACCORD Official,23,167,1,0,0,0,0,0,1,0,1,1,4,0,1
Non-self-resetting energy cut-out means a  device that will interrupt the supply of heat to a  hot water storage vessel when a fixed (factory  set) temperature is exceeded.,0,24_UK_DocG_Sanitation,accord_official,ACCORD Official,30,172,0,0,0,0,0,0,0,0,1,1,0,0,0
Note: Connection should be provided to the fastest public electronic communications network within the cost cap.,1,72_UK_DocR_V1_InfrastructureForElectircalCommunications,accord_official,ACCORD Official,16,112,1,0,0,0,0,0,1,0,1,1,0,0,0
Note: Requirement M4(1) requires that a sanitary  convenience should be located in the principal/  entrance storey of a dwelling.,0,179_UK_DocG_Sanitation,accord_official,ACCORD Official,20,129,1,0,0,0,0,0,1,0,1,1,0,0,1
"Note: The additional heat source should be used, when necessary, to maintain the water temperature to restrict microbial growth.",1,125_UK_DocG_Sanitation,accord_official,ACCORD Official,19,128,1,0,0,0,0,0,1,0,1,1,2,0,0
Note: Two examples of tread proles have been shown together for illustrative purposes only.,0,15_UK_DocK_ProtectionFromFalling,accord_official,ACCORD Official,14,91,0,0,0,0,0,0,0,0,1,1,0,0,0
"Note: Where an existing metal cistern is replaced, or a plastic cistern is replaced by one with larger dimensions, the existing support should be upgraded, as necessary, with one in  accordance with paragraph 3.15.",0,101_UK_DocG_Sanitation,accord_official,ACCORD Official,35,214,1,0,0,1,0,0,1,0,1,1,4,0,1
Note: With reference to design checks in the referenced Institution of Structural Engineers Technical Publication the choice of various partialfactors should be made to suit the individual circumstances of each case.,0,9_UK_DocA_Structure,accord_official,ACCORD Official,31,216,1,0,1,0,0,0,1,0,1,1,0,0,0
Notice of completion.,0,375_UK_DocL_V1_ConsrvationOfFuelAndPower | 379_UK_DocM_V2_AccessAndUseOfBuildings,accord_official,ACCORD Official,3,21,0,0,0,0,0,0,0,0,1,1,0,0,0
Notification of work.,0,5_UK_DocK_ProtectionFromFalling,accord_official,ACCORD Official,3,21,0,0,0,0,0,0,0,0,1,1,0,0,0
Number of bedrooms.,0,76_UK_DocM_V1_AccessAndUseOfBuildings,accord_official,ACCORD Official,3,19,0,0,0,0,0,0,0,0,1,1,0,0,0
O1 Overheating mitigation.,0,17_UK_DocO_Overheating | 72_UK_DocO_Overheating,accord_official,ACCORD Official,3,26,0,0,0,0,0,0,0,0,1,1,0,0,0
"On variable volume systems, variable speed glandless circulators should be used.",1,289_UK_DocM_V2_AccessAndUseOfBuildings,accord_official,ACCORD Official,11,80,1,0,0,0,0,0,1,0,1,1,1,0,0
On-site electricity generation and storage.,0,330_UK_DocM_V2_AccessAndUseOfBuildings | 341_UK_DocL_V1_ConsrvationOfFuelAndPower,accord_official,ACCORD Official,6,43,0,0,0,0,0,0,0,0,1,1,0,0,0
On-site electricity generation should be provided with automated controls that support the design of the system and the intended use.,1,335_UK_DocM_V2_AccessAndUseOfBuildings,accord_official,ACCORD Official,21,133,1,0,0,0,0,0,1,0,1,1,0,0,0
On-site electricity generation should be provided with controls to allow proper operation of the system without the need for user intervention.,0,346_UK_DocL_V1_ConsrvationOfFuelAndPower,accord_official,ACCORD Official,22,143,1,0,0,0,0,0,1,0,1,1,0,0,0
On-site electricity generation systems must be commissioned to ensure that they produce as much electricity as is reasonable in the circumstances.,1,372_UK_DocL_V1_ConsrvationOfFuelAndPower | 372_UK_DocM_V2_AccessAndUseOfBuildings,accord_official,ACCORD Official,22,146,1,0,1,0,0,1,0,0,1,1,0,0,0
"Once open, all doors to accessible entrances should be wide enough to allow unrestricted passage for a variety of users, including wheelchair users, people carrying luggage, people with assistance dogs, and parents with pushchairs and small children.",1,66_UK_DocM_V2_AccessAndUseOfBuildings,accord_official,ACCORD Official,37,250,1,0,0,0,0,0,1,0,1,1,5,0,0
One bedroom should be close to an accessible bathroom suitable for a wheelchair user.,1,100_UK_DocM_V1_AccessAndUseOfBuildings,accord_official,ACCORD Official,14,85,1,0,0,1,0,0,1,0,1,1,0,0,0
One electric vehicle charge point must be installed.,1,82_UK_DocS_InfrastructureForChargingOfElectricalVehicles,accord_official,ACCORD Official,8,52,1,0,0,0,0,1,0,0,1,1,0,0,0
One electric vehicle charge point must be provided for the building.,1,67_UK_DocS_InfrastructureForChargingOfElectricalVehicles,accord_official,ACCORD Official,11,68,1,0,0,0,0,1,0,0,1,1,0,0,0
One or two major openings not more than 2.1min height are permitted in one wall of the building or annexe only.,1,83_UK_DocA_Structure,accord_official,ACCORD Official,22,111,0,0,0,1,0,0,0,0,1,1,0,0,1
One photograph per detail should be recorded.,1,480_UK_DocL_V1_ConsrvationOfFuelAndPower,accord_official,ACCORD Official,7,45,1,0,0,0,0,0,1,0,1,1,0,0,0
"One way to meet the requirement for gigabit-ready physical infrastructure which extends beyond the dwelling is to design and install a system of ducts, chambers, cabinets, towers and poles that can facilitate at least one gigabit-capable public electronic communications network connection for all the dwellings serviced by that infrastructure.",1,19_UK_DocR_V1_InfrastructureForElectircalCommunications,accord_official,ACCORD Official,51,344,0,1,0,0,0,0,0,0,1,1,3,0,0
Only the proportion of openings which can be opened with a very low risk of occupants falling from height should be considered to form part of the overheating mitigation strategy.,1,83_UK_DocO_Overheating,accord_official,ACCORD Official,30,179,1,0,0,0,0,0,1,0,1,1,0,0,0
Openable windows or mechanical ventilation fans are considered to be passive means of cooling.,0,107_UK_DocO_Overheating,accord_official,ACCORD Official,14,94,0,0,0,0,0,0,0,0,1,1,0,0,0
Operating and maintenance instructions.,0,222_UK_DocF_V1_Ventilation | 392_UK_DocM_V2_AccessAndUseOfBuildings | 400_UK_DocL_V1_ConsrvationOfFuelAndPower | 96_UK_DocF_V2_Ventilation,accord_official,ACCORD Official,4,39,0,0,0,0,0,0,0,0,1,1,0,0,0
Optional requirement M4(2).,0,34_UK_DocM_V1_AccessAndUseOfBuildings,accord_official,ACCORD Official,4,27,0,0,0,0,0,0,0,0,1,1,0,0,1
Optional requirement M4(3) (2)(b) applies only  where the planning permission under which the building work is carried out specifies that it shall  be complied with.,0,66_UK_DocM_V1_AccessAndUseOfBuildings,accord_official,ACCORD Official,27,165,1,0,1,0,1,0,0,0,1,1,0,0,2
Optional requirement M4(3).,0,63_UK_DocM_V1_AccessAndUseOfBuildings,accord_official,ACCORD Official,4,27,0,0,0,0,0,0,0,0,1,1,0,0,1
Optional requirement.,0,29_UK_DocM_V1_AccessAndUseOfBuildings | 59_UK_DocM_V1_AccessAndUseOfBuildings,accord_official,ACCORD Official,2,21,0,0,0,0,0,0,0,0,1,1,0,0,0
Others design considerations for internal doors are as set out in 2.14 to 2.16 under Manually operated non-powered entrance doors and should be referred to for guidance.,0,93_UK_DocM_V2_AccessAndUseOfBuildings,accord_official,ACCORD Official,30,169,1,0,0,0,0,0,1,0,1,1,0,0,2
Others ventilation systems may be acceptable if they can be shown to meet an equal level of performance.,1,26_UK_DocF_V2_Ventilation | 30_UK_DocF_V1_Ventilation,accord_official,ACCORD Official,18,104,1,0,1,1,0,0,0,1,1,1,0,0,0
Outdoor air should be supplied for occupiable rooms in offices at whichever of the following will provide the higher total rate.,0,52_UK_DocF_V2_Ventilation,accord_official,ACCORD Official,21,128,1,0,1,0,0,0,1,0,1,1,0,0,0
PART Q SECURITY.,1,2_UK_DocQ_Security_Dwellings,accord_official,ACCORD Official,3,16,0,0,0,0,0,0,0,0,1,1,0,0,0
Part M access to and use of buildings.,0,30_UK_DocM_V1_AccessAndUseOfBuildings,accord_official,ACCORD Official,8,38,0,0,0,0,0,0,0,0,1,1,0,0,0
"Particular applications for passenger and good passenger lifts, or, where necessary, by product certification issued by a Notified Body); b. they are accessible from the remainder of the storey ; c. the minimum dimensions of the lift cars are 1100mm wide and 1400mm deep (see Diagram 11); d. for lifts of a size that does not allow a wheelchair user to turn around within the lift car , a mirror is provided in the lift car to enable a wheelchair user to see the space behind the wheelchair ; e. power-operated horizontal sliding doors provide an effective clear width of at least 800mm (nominal); f. doors are fitted with timing devices and re-opening activators to allow adequate time for people and any assistance dogs to enter or leave; g. car controls are located between 900mm and 1200mm (preferably 1100mm) from the car floor and at least 400mm from any return wall ; h. landing call buttons are located between 900mm and 1100mm from the floor of the landing and at least 500mm from any return wall ; i. lift landing and car doors are distinguishable visually from the adjoining walls ; j. audible and visual indication of lift arrival and location is provided in the lift car and the lift lobby ; k. areas of glass are identifiable by people with impaired vision ; l. where the lift is to be used to evacuate disabled people in an emergency , it conforms to the relevant recommendations of BS 5588-8 .",0,112_UK_DocM_V2_AccessAndUseOfBuildings,accord_official,ACCORD Official,243,1409,0,2,2,1,0,0,0,0,1,1,5,11,3
"Particular attention should be paid to the requirements of Part F and the guidance in Approved Document F, Volume 1: Dwellings on noise and maintenance.",0,66_UK_DocO_Overheating,accord_official,ACCORD Official,25,152,1,0,0,0,0,0,1,0,1,1,1,0,1
Particular issues relating to work in historic buildings that warrant sympathetic treatment and where advice from Otherss could therefore be beneficial include: a. restoring the historic character of a building that had been subject to previous inappropriate alteration.,0,19_UK_DocM_V2_AccessAndUseOfBuildings,accord_official,ACCORD Official,38,270,0,0,0,0,0,0,0,0,1,1,0,0,0
"Parts G1, G3(1) to (3) and G4 to G6 will apply to  all the material changes of use mentioned above.",0,49_UK_DocG_Sanitation,accord_official,ACCORD Official,21,99,0,0,0,0,0,0,0,0,1,1,1,0,2
Party walls.,0,85_UK_DocL_V1_ConsrvationOfFuelAndPower,accord_official,ACCORD Official,2,12,0,0,0,0,0,0,0,0,1,1,0,0,0
Passive means Any means of cooling a building which is not mechanical cooling (e.g. airconditioning).,0,105_UK_DocO_Overheating,accord_official,ACCORD Official,16,101,0,0,0,0,0,0,0,0,1,1,0,0,0
People should be able to appreciate easily where to place their feet by highlighting nosings and avoiding open rises.,1,54_UK_DocM_V2_AccessAndUseOfBuildings,accord_official,ACCORD Official,19,117,1,0,0,0,0,0,1,0,1,1,0,0,0
"People should be able to see Others people approaching from the opposite direction, thereby allowing sufficient reaction time for both parties to avoid a collision.",1,68_UK_DocM_V2_AccessAndUseOfBuildings,accord_official,ACCORD Official,25,164,1,0,0,1,0,0,1,0,1,1,1,0,0
"People who are responsible for building work (e.g. agent, designer, builder or installer) must ensurethat the work complies with all applicable requirements of the Building Regulations.",0,7_UK_DocK_ProtectionFromFalling,accord_official,ACCORD Official,27,185,1,0,0,0,0,1,0,0,1,1,2,0,0
"People with hearing impairments should be able to participate fully in conferences, committee meetings and study groups.",1,133_UK_DocM_V2_AccessAndUseOfBuildings,accord_official,ACCORD Official,17,120,1,0,0,0,0,0,1,0,1,1,1,0,0
"People with mobility impairments who arrive as passengers should be able to alight from a vehicle close to the principal entrance, or alternative accessible entrance, of the building in a way that is convenient for entry into the building.",1,47_UK_DocM_V2_AccessAndUseOfBuildings,accord_official,ACCORD Official,39,239,1,0,0,0,0,0,1,0,1,1,2,0,0
"People with visual impairment should be in no doubt as to the location of glass doors, especially when they are within a glazed screen.",1,76_UK_DocM_V2_AccessAndUseOfBuildings,accord_official,ACCORD Official,24,135,1,0,1,0,0,0,1,0,1,1,1,0,0
"People, regardless of disability, age or gender, should be able to: gain access to buildings and to gain access within buildings and use their facilities, both as visitors and as people who live or work in them.",0,1_UK_DocM_V2_AccessAndUseOfBuildings,accord_official,ACCORD Official,37,211,1,0,0,0,0,0,1,0,1,1,4,0,0
Performance criteria for dwellings.,0,248_UK_DocF_V1_Ventilation,accord_official,ACCORD Official,4,35,0,0,0,0,0,0,0,0,1,1,0,0,0
Performance testing.,0,54_UK_DocF_V1_Ventilation,accord_official,ACCORD Official,2,20,0,0,0,0,0,0,0,0,1,1,0,0,0
Performance.,0,104_UK_DocK_ProtectionFromFalling | 110_UK_DocK_ProtectionFromFalling | 174_UK_DocG_Sanitation,accord_official,ACCORD Official,1,12,0,0,0,0,0,0,0,0,1,1,0,0,0
Perimeter insulation should be continuous and have a minimum thickness of 25mm.,1,135_UK_DocL_V1_ConsrvationOfFuelAndPower,accord_official,ACCORD Official,12,79,1,1,0,0,0,0,1,0,1,1,0,0,0
"Permanent opening An opening between rooms or floors that has no means of closing it, e.g. an openstairwell or two rooms that have been joined byremoving part of a wall.",0,241_UK_DocF_V1_Ventilation,accord_official,ACCORD Official,31,169,0,0,0,0,0,0,0,0,1,1,1,0,0
Permanent screen protection.,0,96_UK_DocK_ProtectionFromFalling,accord_official,ACCORD Official,3,28,0,0,0,0,0,0,0,0,1,1,0,0,0
Photographic evidence.,0,476_UK_DocL_V1_ConsrvationOfFuelAndPower,accord_official,ACCORD Official,2,22,0,0,0,0,0,0,0,0,1,1,0,0,0
Photographs of the details should be taken in line with Appendix B.,0,156_UK_DocL_V1_ConsrvationOfFuelAndPower,accord_official,ACCORD Official,12,67,1,0,0,1,0,0,1,0,1,1,0,0,0
Photographs of the details should be taken in line with the guidance in Appendix B.,0,134_UK_DocL_V1_ConsrvationOfFuelAndPower,accord_official,ACCORD Official,15,83,1,0,0,1,0,0,1,0,1,1,0,0,0
"Photographs should be taken at appropriate construction stages for each detail when completed, but prior to closingup works.",1,482_UK_DocL_V1_ConsrvationOfFuelAndPower,accord_official,ACCORD Official,18,124,1,0,0,0,0,0,1,0,1,1,1,0,0
"Piers should have a minimum width of 190mm (see Diagram 13); b. the sectional area on plan of chimneys (excluding openings for fire places and flues) should be not less than the area required for a pier in the same wall, and the overall thickness should not be less than twice the required thickness of the supported wall (see Diagram 13).",0,66_UK_DocA_Structure,accord_official,ACCORD Official,61,339,1,3,0,2,0,0,1,0,1,1,1,1,2
Pipework for district heat networks should be insulated to meet either of the following.,0,204_UK_DocL_V1_ConsrvationOfFuelAndPower,accord_official,ACCORD Official,14,88,1,0,1,0,0,0,1,0,1,1,0,0,0
Pipework should be designed and installed in such a way as to minimise the transfer time between the hot water storage system and hot water outlets.,1,94_UK_DocG_Sanitation,accord_official,ACCORD Official,26,148,1,0,1,0,0,0,1,0,1,1,0,0,0
Placing an existing module on a new site is considered by the Building Regulations to be the construction of a new building.,0,78_UK_DocM_V2_AccessAndUseOfBuildings,accord_official,ACCORD Official,22,124,0,0,0,0,0,0,0,0,1,1,0,0,0
Plastic pipes should be joined and assembled with fittings appropriate to the circumstances in which they are used as set out in  BS EN ISO 10431:2002 Plastics.,0,146_UK_DocG_Sanitation,accord_official,ACCORD Official,28,160,1,0,1,0,0,0,1,0,1,1,0,0,2
"Please note that the Regulations do not require  the provision of hot or cold water systems to  such exempt buildings, but if such systems are  provided they must meet the minimum hygiene  and safety requirements in those Parts.",0,56_UK_DocG_Sanitation,accord_official,ACCORD Official,38,228,1,1,3,0,0,1,0,0,1,1,1,0,0
Pollution.,0,79_UK_DocO_Overheating,accord_official,ACCORD Official,1,10,0,0,0,0,0,0,0,0,1,1,0,0,0
"Position: window or door units should be located with an overlap between the inner face of the unit and the inner face of the external leaf  for windows an overlap between 30mm and 50mm, and for doors 50mm so that the window or door unit is contiguous with the insulation layer of the external wall.",1,139_UK_DocL_V1_ConsrvationOfFuelAndPower,accord_official,ACCORD Official,55,299,1,0,1,0,0,0,1,0,1,1,1,0,0
Power assisted opening is provided where the opening force of the door is more than 30N from 0 to 30 or more than 22.5N from 30 to 60 of the opening cycle.,1,74_UK_DocM_V1_AccessAndUseOfBuildings,accord_official,ACCORD Official,33,155,0,0,0,0,0,0,0,0,1,1,0,0,5
Power efficiency greater than 20.,0,263_UK_DocM_V2_AccessAndUseOfBuildings,accord_official,ACCORD Official,5,33,0,1,0,0,0,0,0,0,1,1,0,0,1
"Preparation of food means handling, making  and cooking of food.",0,27_UK_DocG_Sanitation,accord_official,ACCORD Official,10,64,0,0,0,0,0,0,0,0,1,1,1,0,0
Pressure relief valve means a mechanically  operated valve that opens to discharge water  when a fixed (factory set) pressure is exceeded.,0,28_UK_DocG_Sanitation,accord_official,ACCORD Official,21,138,0,0,0,0,0,0,0,0,1,1,0,0,0
Prevention of excessive temperatures.,0,147_UK_DocG_Sanitation,accord_official,ACCORD Official,4,37,0,0,0,0,0,0,0,0,1,1,0,0,0
Prevention of scalding.,0,151_UK_DocG_Sanitation,accord_official,ACCORD Official,3,23,0,0,0,0,0,0,0,0,1,1,0,0,0
Primary thermal store means a store of heat  energy that can be used to heat domestic  hot water by means of a heat exchanger.,0,29_UK_DocG_Sanitation,accord_official,ACCORD Official,24,126,0,0,0,0,0,0,0,0,1,1,0,0,0
Private stairs and changes of level within the dwelling.,0,89_UK_DocM_V1_AccessAndUseOfBuildings,accord_official,ACCORD Official,9,56,0,0,0,0,0,0,0,0,1,1,0,0,0
Private stairs and changes of level within the entrance storey.,0,26_UK_DocM_V1_AccessAndUseOfBuildings,accord_official,ACCORD Official,10,63,0,0,0,0,0,0,0,0,1,1,0,0,0
Product specification: opportunities should be considered to use products that help to reduce thermal bridges.,0,149_UK_DocL_V1_ConsrvationOfFuelAndPower,accord_official,ACCORD Official,15,110,1,0,0,0,0,0,1,0,1,1,0,0,0
Product substitution: the products used should be those shown in the original design.,0,157_UK_DocL_V1_ConsrvationOfFuelAndPower,accord_official,ACCORD Official,13,85,1,0,1,0,0,0,1,0,1,1,0,0,0
Programmable room thermostats with an override feature should be provided for all direct electric zones of the electric underfloor heating system.,1,314_UK_DocL_V1_ConsrvationOfFuelAndPower,accord_official,ACCORD Official,21,146,1,0,0,0,0,0,1,0,1,1,0,0,0
Protection against impact with glazing.,0,91_UK_DocK_ProtectionFromFalling | 95_UK_DocK_ProtectionFromFalling,accord_official,ACCORD Official,5,39,0,0,0,0,0,0,0,0,1,1,0,0,0
Protection from collision with open windows etc.,0,99_UK_DocK_ProtectionFromFalling,accord_official,ACCORD Official,7,48,0,0,0,0,0,0,0,0,1,1,0,0,0
Protection from falling.,0,79_UK_DocK_ProtectionFromFalling,accord_official,ACCORD Official,3,24,0,0,0,0,0,0,0,0,1,1,0,0,0
Provide guarding at the sides of flights and landings when there is a drop of more than 600mm.,0,52_UK_DocK_ProtectionFromFalling,accord_official,ACCORD Official,18,94,0,0,0,0,0,0,0,0,1,1,0,0,0
Providing an adequate means of removing excess heat from the indoor environment.,0,20_UK_DocO_Overheating,accord_official,ACCORD Official,12,80,0,0,0,0,0,0,0,0,1,1,0,0,0
Provision of information.,0,6_UK_DocP_ElectricalSafety,accord_official,ACCORD Official,3,25,0,0,0,0,0,0,0,0,1,1,0,0,0
"Provision shall be made for any windows, skylights, or any transparent or translucent walls, ceilings or roofs to be safely accessible for cleaning.",1,109_UK_DocK_ProtectionFromFalling,accord_official,ACCORD Official,23,148,1,0,0,0,1,0,0,0,1,1,3,0,0
Provision shall be made for powered doors and gates to be opened in the event of a power failure.,1,115_UK_DocK_ProtectionFromFalling,accord_official,ACCORD Official,19,97,1,0,0,0,1,0,0,0,1,1,0,0,0
Provision shall be made to ensure a clear view of the space on either side of a swing door or gate.,1,116_UK_DocK_ProtectionFromFalling,accord_official,ACCORD Official,21,99,1,0,0,0,1,0,0,0,1,1,0,0,0
"Provision shall be made to prevent any door or gate: (a) which slides or opens upwards, from falling onto any person; and (b) which is powered, from trapping any person.",1,114_UK_DocK_ProtectionFromFalling,accord_official,ACCORD Official,30,169,1,0,0,0,1,0,0,0,1,1,2,1,0
"Provision shall be made to prevent people moving in or about the building from colliding with open windows, skylights or ventilators.",1,98_UK_DocK_ProtectionFromFalling,accord_official,ACCORD Official,21,133,1,0,0,0,1,0,0,0,1,1,1,0,0
Public Health Englands Indoor Air Quality Guidelines for Selected Volatile Organic Compounds (VOCs) in the UK should be used.,1,118_UK_DocF_V2_Ventilation | 252_UK_DocF_V1_Ventilation,accord_official,ACCORD Official,19,125,1,0,0,0,0,0,1,0,1,1,0,0,0
Purge ventilation for offices.,0,55_UK_DocF_V2_Ventilation,accord_official,ACCORD Official,4,30,0,0,0,0,0,0,0,0,1,1,0,0,0
Purge ventilation may be provided by natural means (e.g. an openable window) or mechanical means (e.g. a fan).,1,243_UK_DocF_V1_Ventilation,accord_official,ACCORD Official,20,110,1,0,0,0,0,0,0,1,1,1,0,0,0
Purge ventilation may be provided by natural means (e.g. an openable window) ormechanical means (e.g. a fan).,1,108_UK_DocF_V2_Ventilation,accord_official,ACCORD Official,19,109,1,0,0,0,0,0,0,1,1,1,0,0,0
Purge ventilation should be capable of extracting at least four air changes per hour per room directly to the outside.,1,47_UK_DocF_V1_Ventilation,accord_official,ACCORD Official,20,118,1,1,0,0,0,0,1,0,1,1,0,0,0
Purge ventilation should be delivered through one of the following means.,0,48_UK_DocF_V1_Ventilation,accord_official,ACCORD Official,11,73,1,0,1,0,0,0,1,0,1,1,0,0,0
"Purpose-built student living accommodation, including that in the form of flats as defined in regulation 2(1), should be treated as hotel/motel accommodation in respect of space requirements and internal facilities (see 4.17 to 4.24).",0,16_UK_DocM_V2_AccessAndUseOfBuildings,accord_official,ACCORD Official,39,234,1,0,0,1,0,0,1,0,1,1,2,0,4
Rainwater calculations.,0,237_UK_DocG_Sanitation,accord_official,ACCORD Official,2,23,0,0,0,0,0,0,0,0,1,1,0,0,0
Rainwater collection calculations.,0,238_UK_DocG_Sanitation,accord_official,ACCORD Official,3,34,0,0,0,0,0,0,0,0,1,1,0,0,0
"Rainwater demand calculations  A25 Where all WCs and/or washing  machines are being supplied with rainwater, the  consumption should be taken from Table A1 and  entered into Table A5.5 to calculate the rainwater  savings.",0,242_UK_DocG_Sanitation,accord_official,ACCORD Official,35,221,1,0,0,1,0,0,1,0,1,1,1,0,1
Ramp design.,0,67_UK_DocK_ProtectionFromFalling,accord_official,ACCORD Official,2,12,0,0,0,0,0,0,0,0,1,1,0,0,0
Ramps K1.,0,55_UK_DocK_ProtectionFromFalling,accord_official,ACCORD Official,2,9,0,0,0,0,0,0,0,0,1,1,0,0,0
Ramps.,0,68_UK_DocK_ProtectionFromFalling,accord_official,ACCORD Official,1,6,0,0,0,0,0,0,0,0,1,1,0,0,0
"Reasonable access should be provided for maintaining ventilation systems, including all of the following.",0,25_UK_DocF_V2_Ventilation,accord_official,ACCORD Official,14,105,1,0,1,0,0,0,1,0,1,1,1,0,0
Reasonable provision must be made by the installation of fittings and fixed appliances that use water efficiently for the  prevention of undue consumption of water.,1,63_UK_DocG_Sanitation,accord_official,ACCORD Official,25,164,1,0,0,0,0,1,0,0,1,1,0,0,0
"Reasonable provision must be made for people to (a) may apply only in relation to a dwelling that is (a)  gain access to, and (b) use, the dwelling and its facilities.",0,64_UK_DocM_V1_AccessAndUseOfBuildings,accord_official,ACCORD Official,31,167,2,0,0,0,0,1,0,1,1,1,2,0,0
Reasonable provision must be made for people to gain access to and to use new or altered sanitary conveniences.,0,9_UK_DocM_V2_AccessAndUseOfBuildings,accord_official,ACCORD Official,19,111,1,0,0,0,0,1,0,0,1,1,0,0,0
"Reasonable provision must be made in respect of a dwelling, institution or any Others building containing one or more rooms for residential purposes, Others than a room in a hotel (residences) to (a) limit unwanted solar gains in summer; (b) provide an adequate means to remove heat from the indoor environment.",0,18_UK_DocO_Overheating | 73_UK_DocO_Overheating,accord_official,ACCORD Official,51,311,1,0,1,0,0,1,0,0,1,1,2,1,0
Reasonable provision must be made to resist unauthorised access to (a) any dwelling; and (b) any part of a building from which access can be gained to a flat within the building.,1,4_UK_DocQ_Security_Dwellings,accord_official,ACCORD Official,32,178,1,0,0,0,0,1,0,0,1,1,0,1,0
"Reasonable provision shall be made for the conservation of fuel and power in buildings by: (a) limiting heat gains and losses (i) through thermal elements and Others parts of the building fabric; and (ii) from pipes, ducts and vessels used for space heating, space cooling and hot water services; (b) providing fixed building services which (i) are energy efficient to a reasonable standard; (ii) have effective controls; and (iii) are commissioned by testing and adjusting as necessary to ensure they use no more fuel and power than is reasonable in the circumstances.",1,431_UK_DocM_V2_AccessAndUseOfBuildings,accord_official,ACCORD Official,92,569,1,0,1,0,1,0,0,0,1,1,2,4,0
"Reasonable provision shall be made in the design and installation of electrical installations in order to protect persons operating, maintaining or altering the  installations from fire or injury.",1,1_UK_DocP_ElectricalSafety,accord_official,ACCORD Official,28,196,1,0,0,0,1,0,0,0,1,1,1,0,0
"Reasonable provision should be made for people to (a) gain access to; and (b) use, the dwelling and its facilities.",1,9_UK_DocM_V1_AccessAndUseOfBuildings,accord_official,ACCORD Official,20,115,1,0,0,0,0,0,1,0,1,1,1,1,0
Reasonable provision should be made to ensure that the approach route to any communal facilities that serve the dwelling meets these provisions.,0,37_UK_DocM_V1_AccessAndUseOfBuildings,accord_official,ACCORD Official,22,144,1,0,1,0,0,0,1,0,1,1,0,0,0
Recirculation of air within ventilation systems in offices.,0,59_UK_DocF_V2_Ventilation,accord_official,ACCORD Official,8,59,0,0,0,0,0,0,0,0,1,1,0,0,0
Refer to paragraphs 3.1 and 3.2 for the relevant standards that should be met.,0,83_UK_DocF_V2_Ventilation,accord_official,ACCORD Official,16,78,1,0,0,2,0,0,1,0,1,1,0,0,2
"Refreshment facilities will satisfyRequirement M1 if: a. all users have access to all parts of the facility ; b. part of the working surface of a bar or serving counter is permanently accessible to wheelchair users , and at a level of not more than 850mm above the floor and, where necessary , part at a higher level for people standing ; c. the worktop of a shared refreshment facility (e.g.",0,139_UK_DocM_V2_AccessAndUseOfBuildings,accord_official,ACCORD Official,68,392,0,0,0,0,0,0,0,0,1,1,3,2,0
"Refreshment facilities, such as restaurants and bars, should be designed so that they can be reached and used by all people independently or with companions.",1,137_UK_DocM_V2_AccessAndUseOfBuildings,accord_official,ACCORD Official,25,157,1,0,2,0,0,0,1,0,1,1,2,0,0
Refurbishing a kitchen or bathroom in an existing dwelling.,0,166_UK_DocF_V1_Ventilation,accord_official,ACCORD Official,9,59,0,0,0,0,0,0,0,0,1,1,0,0,0
Registered competent person: A competent person registered with a Part P competent person self-certification scheme.,0,35_UK_DocP_ElectricalSafety,accord_official,ACCORD Official,16,116,0,0,0,0,0,0,0,0,1,1,0,0,0
Registered third-party certifier: A competent person registered with a Part P competent person third-party certification scheme.,0,37_UK_DocP_ElectricalSafety,accord_official,ACCORD Official,18,128,0,0,0,0,0,0,0,0,1,1,0,0,0
"Regulation 4 states that building work should be carried out in such a way that, when work is complete:a.  for new buildings or work on a building that complied with the applicable requirements of the Building Regulations: the building complies with the applicable requirements of the Building Regulations;b.  for work on an existing building that did not comply with the applicable requirements of the Building Regulations:(ii) the work itself must comply with the applicable requirements of the Building Regulationsthe building must be no more unsatisfactory in relation to the requirements than before the work was carried out.",0,1_UK_DocK_ProtectionFromFalling,accord_official,ACCORD Official,100,630,2,0,1,0,0,1,1,0,1,1,1,1,1
Regulation Materials and workmanship.,0,1_UK_Doc7_Materials_and_workmanship,accord_official,ACCORD Official,4,37,0,0,0,0,0,0,0,0,1,1,0,0,0
Regulation continued.,0,110_UK_DocM_V2_AccessAndUseOfBuildings | 433_UK_DocM_V2_AccessAndUseOfBuildings | 439_UK_DocL_V1_ConsrvationOfFuelAndPower,accord_official,ACCORD Official,2,21,0,0,0,0,0,0,0,0,1,1,0,0,0
"Regulations (regulation 20(1) and (6)) require  that the person carrying out the work shall give  a notice to the relevant BCB that commissioning  has been carried out according to a procedure  approved by the Secretary of State, unless  testing and adjustment is not possible, or would  not affect the energy efficiency of the fixed  building service.",0,165_UK_DocG_Sanitation,accord_official,ACCORD Official,57,352,1,0,0,0,1,0,0,0,1,1,2,0,3
Regulations 26 and 26C.,0,42_UK_DocM_V2_AccessAndUseOfBuildings,accord_official,ACCORD Official,4,23,0,0,0,0,0,0,0,0,1,1,0,0,1
"Regulations 26, 26A and 26C.",0,41_UK_DocL_V1_ConsrvationOfFuelAndPower,accord_official,ACCORD Official,5,28,0,0,0,0,0,0,0,0,1,1,1,0,1
Regulations 27 and 27C.,0,44_UK_DocM_V2_AccessAndUseOfBuildings,accord_official,ACCORD Official,4,23,0,0,0,0,0,0,0,0,1,1,0,0,1
"Regulations 27, 27A and 27C.",0,43_UK_DocL_V1_ConsrvationOfFuelAndPower,accord_official,ACCORD Official,5,28,0,0,0,0,0,0,0,0,1,1,1,0,1
Regulations.,0,21_UK_DocL_V1_ConsrvationOfFuelAndPower | 27_UK_DocM_V2_AccessAndUseOfBuildings,accord_official,ACCORD Official,1,12,0,0,0,0,0,0,0,0,1,1,0,0,0
Remedial work should be carried out to achieve satisfactory performance in retests.,1,387_UK_DocM_V2_AccessAndUseOfBuildings,accord_official,ACCORD Official,12,83,1,0,0,0,0,0,1,0,1,1,0,0,0
Removing excess heat.,0,35_UK_DocO_Overheating | 60_UK_DocO_Overheating,accord_official,ACCORD Official,3,21,0,0,0,0,0,0,0,0,1,1,0,0,0
Renovating thermal elements.,0,437_UK_DocM_V2_AccessAndUseOfBuildings | 443_UK_DocL_V1_ConsrvationOfFuelAndPower,accord_official,ACCORD Official,3,28,0,0,0,0,0,0,0,0,1,1,0,0,0
Renovation of a thermal element means one of the following.,0,444_UK_DocL_V1_ConsrvationOfFuelAndPower,accord_official,ACCORD Official,10,59,0,0,1,0,0,0,0,0,1,1,0,0,0
Replacement building services in existing buildings.,0,196_UK_DocM_V2_AccessAndUseOfBuildings,accord_official,ACCORD Official,6,52,0,0,0,0,0,0,0,0,1,1,0,0,0
Replacement building services in existing dwellings.,0,224_UK_DocL_V1_ConsrvationOfFuelAndPower,accord_official,ACCORD Official,6,52,0,0,0,0,0,0,0,0,1,1,0,0,0
"Replacement thermal elements should meet the standards in Table 4.2 and paragraph 4.8.c.  New windows, roof windows, rooflights and doors should meet the standards in Table 4.2. d.  The total area of windows, roof windows, rooflights and doors in extensions should not exceed the sum of the following.",0,424_UK_DocL_V1_ConsrvationOfFuelAndPower,accord_official,ACCORD Official,52,301,1,1,1,2,0,0,1,0,1,1,4,0,3
"Replacing existing windows, roof windows or rooflights (but excluding display windows) or doors (but excluding highusage entrance doors) that have a U-value higher than the following.",0,486_UK_DocM_V2_AccessAndUseOfBuildings,accord_official,ACCORD Official,27,183,0,0,1,0,0,0,0,0,1,1,1,0,0
Requirement F1 does not apply to a building or space within a building.,0,17_UK_DocF_V1_Ventilation | 17_UK_DocF_V2_Ventilation,accord_official,ACCORD Official,13,71,0,0,0,0,0,0,0,0,1,1,0,0,0
"Requirement M4(1) does not apply to:(a)  an extension to a dwelling; or(b)  any part of a building that is used solely to enable the building or any service or fitting in the building to be inspected, repaired or maintained.",0,10_UK_DocM_V1_AccessAndUseOfBuildings,accord_official,ACCORD Official,42,224,0,0,0,0,0,0,0,0,1,1,1,1,1
"Requirement Schedule 1  Part L Conservation of fuel and power Reasonable provision shall be made for the conservation of fuel and power in buildings by (a)  limiting heat gains and losses(i)   through thermal elements and Others parts of the building fabric; and(ii)   from pipes, ducts and vessels used for space heating, space cooling and hot water services; (b)  providing fixed building services which(i)   are energy efficient to a reasonable standard;(ii)  have effective controls; and(iii)  are commissioned by testing and adjusting as necessary to ensure they use no more fuel and power than is reasonable in the circumstances.",0,120_UK_DocM_V2_AccessAndUseOfBuildings,accord_official,ACCORD Official,102,635,1,0,1,1,1,0,0,0,1,1,2,4,1
Requirement.,0,100_UK_DocL_V1_ConsrvationOfFuelAndPower | 101_UK_DocK_ProtectionFromFalling | 119_UK_DocM_V2_AccessAndUseOfBuildings | 168_UK_DocG_Sanitation | 16_UK_DocO_Overheating,accord_official,ACCORD Official,1,12,0,0,0,0,0,0,0,0,1,1,0,0,0
Requirements for accessibility should be balanced against preserving historic buildings or environments.,1,7_UK_DocM_V1_AccessAndUseOfBuildings,accord_official,ACCORD Official,12,104,1,0,0,0,0,0,1,0,1,1,0,0,0
Requirements.,0,100_UK_DocK_ProtectionFromFalling | 88_UK_DocK_ProtectionFromFalling,accord_official,ACCORD Official,1,13,0,0,0,0,0,0,0,0,1,1,0,0,0
Residential buildings undergoing major renovation.,0,30_UK_DocS_InfrastructureForChargingOfElectricalVehicles,accord_official,ACCORD Official,5,50,0,0,0,0,0,0,0,0,1,1,0,0,0
"Retained elements with a U-value that is higher than the threshold value in Table 4.2, column (a), should be upgraded to achieve the Uvalues in Table 4.2, column (b).",0,141_UK_DocM_V2_AccessAndUseOfBuildings,accord_official,ACCORD Official,32,166,1,0,0,1,0,0,1,0,1,1,3,0,2
"Retained elements with a U-value that is higher than the threshold value in Table 4.3, column (a) should be upgraded to achieve the U-values in Table 4.3, column (b).",0,123_UK_DocL_V1_ConsrvationOfFuelAndPower,accord_official,ACCORD Official,33,166,1,0,0,1,0,0,1,0,1,1,2,0,2
Rigid connectors and jubilee clips should be used for flexible ducting to ensure a good seal.,1,117_UK_DocF_V1_Ventilation | 34_UK_DocF_V2_Ventilation,accord_official,ACCORD Official,16,93,1,0,0,0,0,0,1,0,1,1,0,0,0
Rigid ducts should be used wherever possible.,1,111_UK_DocF_V1_Ventilation | 30_UK_DocF_V2_Ventilation,accord_official,ACCORD Official,7,45,1,0,0,0,0,0,1,0,1,1,0,0,0
Risk assessment for the purposes of this  document means the identification of the hazards  associated with a process or activity combined  with an assessment of the probability and  consequences of each hazard.,0,30_UK_DocG_Sanitation,accord_official,ACCORD Official,32,211,0,0,1,0,0,0,0,0,1,1,0,0,0
"Roofs: insulation should be installed tight to the structure, without air gaps, and should extend to the wall insulation.",1,143_UK_DocL_V1_ConsrvationOfFuelAndPower,accord_official,ACCORD Official,19,121,1,0,0,0,0,0,1,0,1,1,2,0,0
"Room for residential purposes means a room,  or a suite of rooms, which is not a dwellinghouse or a flat and which is used by one or  more persons to live and sleep in, and includes  a room in a hostel, a hotel, a boarding house, a  hall of residence or a residential home, but does  not include a room in a hospital, or Others similar  establishment, used for patient accommodation.",0,31_UK_DocG_Sanitation,accord_official,ACCORD Official,71,383,0,0,0,0,0,0,0,0,1,1,9,0,0
Rules of measurement for heights ofwalls and storeys: The height of a wall or astorey should be measured in accordance withthe rules in Diagram 8.,0,48_UK_DocA_Structure,accord_official,ACCORD Official,25,146,1,0,0,0,0,0,1,0,1,1,0,0,1
SANITARY CONVENIENCES AND WASHING FACILITIES.,0,173_UK_DocG_Sanitation | 183_UK_DocG_Sanitation,accord_official,ACCORD Official,5,45,0,0,0,0,0,0,0,0,1,1,0,0,0
Safety features.,0,118_UK_DocK_ProtectionFromFalling,accord_official,ACCORD Official,2,16,0,0,0,0,0,0,0,0,1,1,0,0,0
"Sanitary accommodation means a room  containing a WC or urinal, whether or not it also  contains Others sanitary appliances.",0,32_UK_DocG_Sanitation,accord_official,ACCORD Official,19,124,0,0,1,0,0,0,0,0,1,1,1,0,0
"Sanitary accommodation will satisfy Requirement M1 or M3 if:a. any bath or washbasin tap is either controlled automatically, or is capable of being operated using a closed fist, e.g.",0,158_UK_DocM_V2_AccessAndUseOfBuildings,accord_official,ACCORD Official,31,182,0,0,0,0,0,0,0,0,1,1,2,0,0
"Sanitary appliance means WC, urinal, bath,  shower, washbasin, sink, bidet and drinking  fountain.",0,33_UK_DocG_Sanitation,accord_official,ACCORD Official,13,98,0,0,0,0,0,0,0,0,1,1,6,0,0
Sanitary convenience means closets and urinals.,0,34_UK_DocG_Sanitation,accord_official,ACCORD Official,6,47,0,0,0,0,0,0,0,0,1,1,0,0,0
Sanitary conveniences and washing facilities  G4 (1) Adequate and suitable sanitary conveniences must  be provided in rooms provided to accommodate them or in  bathrooms.,0,169_UK_DocG_Sanitation,accord_official,ACCORD Official,24,170,1,0,0,1,0,1,0,0,1,1,0,0,1
Satellite and wireless communications.,0,11_UK_DocR_V2_InfrastructureForElectircalCommunications,accord_official,ACCORD Official,4,38,0,0,0,0,0,0,0,0,1,1,0,0,0
Scale of provision and layout  in dwellings.,0,177_UK_DocG_Sanitation,accord_official,ACCORD Official,7,44,0,0,0,0,0,0,0,0,1,1,0,0,0
Scale of provision and layout in  buildings Others than dwellings.,0,184_UK_DocG_Sanitation,accord_official,ACCORD Official,10,66,0,0,0,0,0,0,0,0,1,1,0,0,0
Scale of provision and layout in  buildings with rooms for residential  purposes.,0,194_UK_DocG_Sanitation,accord_official,ACCORD Official,12,81,0,0,0,0,0,0,0,0,1,1,0,0,0
Scale of provision and layout in  dwellings.,0,192_UK_DocG_Sanitation,accord_official,ACCORD Official,7,44,0,0,0,0,0,0,0,0,1,1,0,0,0
Scale of provision in buildings Others  than dwellings.,0,201_UK_DocG_Sanitation,accord_official,ACCORD Official,8,55,0,0,0,0,0,0,0,0,1,1,0,0,0
Scale of provision in dwellings.,0,199_UK_DocG_Sanitation,accord_official,ACCORD Official,5,32,0,0,0,0,0,0,0,0,1,1,0,0,0
"Schedule 1  Part L Conservation of fuel and power Reasonable provision shall be made for the  conservation of fuel and power in buildings by   (a)  limiting heat gains and loses(i)   through thermal elements and Others parts of the building fabric; and(ii)   from pipes, ducts and vessels used for space heating, space cooling and hot water services; (b)  providing fixed building services which(i)  are energy efficient to a reasonable standard;(ii)  have effective controls; and(iii)  are commissioned by testing and adjusting as necessary to ensure they use no more fuel and power than is reasonable in the circumstances.",0,369_UK_DocM_V2_AccessAndUseOfBuildings,accord_official,ACCORD Official,101,624,1,0,1,1,1,0,0,0,1,1,2,4,1
"Schedule 1  Part L Conservation of fuel and power Reasonable provision shall be made for the  conservation of fuel and power in buildings by   (a)  limiting heat gains and losses(i)   through thermal elements and Others parts of the building fabric; and(ii)   from pipes, ducts and vessels used for space heating, space cooling and hot water services; (b)  providing fixed building services which(i)  are energy efficient to a reasonable standard;(ii)  have effective controls; and(iii)  are commissioned by testing and adjusting as necessary to ensure they use no more fuel and power than is reasonable in the circumstances.",0,368_UK_DocL_V1_ConsrvationOfFuelAndPower,accord_official,ACCORD Official,101,625,1,0,1,1,1,0,0,0,1,1,2,4,1
"Schedule 1  Part L Conservation of fuel and power Reasonable provision shall be made for the conservation of fuel and power in buildings by   (a)  limiting heat gains and losses(i)   through thermal elements and Others parts of the building fabric; and(ii)   from pipes, ducts and vessels used for space heating, space cooling and hot water services;   (b)  providing fixed building services which(i)   are energy efficient to a reasonable standard;(ii)  have effective controls; and(iii)  are commissioned by testing and adjusting as necessary to ensure they use no more fuel and power than is reasonable in the circumstances.",0,101_UK_DocL_V1_ConsrvationOfFuelAndPower,accord_official,ACCORD Official,101,627,1,0,1,1,1,0,0,0,1,1,2,4,1
"Schedule 1  Part L Conservation of fuel and power Reasonable provision shall be made for the conservation of fuel and power in buildings by   (a)  limiting heat gains and losses(i)   through thermal elements and Others parts of the building fabric; and(ii)   from pipes, ducts and vessels used for space heating, space cooling and hot water services;   (b) providing fixed building services which(i)   are energy efficient to a reasonable standard;(ii)  have effective controls; and(iii)  are commissioned by testing and adjusting as necessary to ensure they use no more fuel and power than is reasonable in the circumstances.",0,187_UK_DocM_V2_AccessAndUseOfBuildings | 213_UK_DocL_V1_ConsrvationOfFuelAndPower,accord_official,ACCORD Official,101,626,1,0,1,1,1,0,0,0,1,1,2,4,1
"Schedule 1  Part L Conservation of fuel and power Reasonable provision shall be made for the conservation of fuel and power in buildings by:   (a)  limiting heat gains and losses(i)   through thermal elements and Others parts of the building fabric; and(ii)   from pipes, ducts and vessels used for space heating, space cooling and hot water services;   (b)  providing fixed building services which(i)  are energy efficient to a reasonable standard;(ii)  have effective controls; and(iii)  are commissioned by testing and adjusting as necessary to ensure they use no more fuel and power than is reasonable in the circumstances.",0,437_UK_DocL_V1_ConsrvationOfFuelAndPower,accord_official,ACCORD Official,101,627,1,0,1,1,1,0,0,0,1,1,2,4,1
"Schedule 1  Part L Conservation of fuel and power Reasonable provision shall be made for the conservation of fuel and power in buildings by:   (a)  limiting heat gains and losses(i)   through thermal elements and Others parts of the building fabric; and(ii)  from pipes, ducts and vessels used for space heating, space cooling and hot water services;   (b)  providing fixed building services which(i)  are energy efficient to a reasonable standard;(ii)  have effective controls; and(iii)  are commissioned by testing and adjusting as necessary to ensure they use no more fuel and power than is reasonable in the circumstances.",0,405_UK_DocM_V2_AccessAndUseOfBuildings | 416_UK_DocL_V1_ConsrvationOfFuelAndPower,accord_official,ACCORD Official,101,626,1,0,1,1,1,0,0,0,1,1,2,4,1
Schedule 1  Part L Conservation of fuel and power.,0,430_UK_DocM_V2_AccessAndUseOfBuildings,accord_official,ACCORD Official,9,50,0,0,0,1,0,0,0,0,1,1,0,0,1
Seasonal efficiencies should be calculated in line with paragraphs 6.3 to 6.6.,0,234_UK_DocM_V2_AccessAndUseOfBuildings,accord_official,ACCORD Official,14,78,1,0,0,1,0,0,1,0,1,1,0,0,2
Section 10: Protection against impact from and trapping by doors.,0,117_UK_DocK_ProtectionFromFalling,accord_official,ACCORD Official,10,65,0,0,0,1,0,0,0,0,1,1,0,0,1
Section 12 should be followed.,0,415_UK_DocM_V2_AccessAndUseOfBuildings,accord_official,ACCORD Official,5,30,1,0,0,1,0,0,1,0,1,1,0,0,1
Section 1: Calculating the target primary energy rate and target emission rate.,0,46_UK_DocM_V2_AccessAndUseOfBuildings,accord_official,ACCORD Official,12,79,0,0,0,1,0,0,0,0,1,1,0,0,1
"Section 1: Calculating the target primary energy rate, target emission rate and target fabric energy efficiency rate.",0,45_UK_DocL_V1_ConsrvationOfFuelAndPower,accord_official,ACCORD Official,17,117,0,0,0,1,0,0,0,0,1,1,1,0,1
Section 1: Design and installation.,0,3_UK_DocP_ElectricalSafety,accord_official,ACCORD Official,5,35,0,0,0,1,0,0,0,0,1,1,0,0,1
Section 1: Doors.,0,5_UK_DocQ_Security_Dwellings,accord_official,ACCORD Official,3,17,0,0,0,1,0,0,0,0,1,1,0,0,1
Section 1: Materials.,0,4_UK_Doc7_Materials_and_workmanship,accord_official,ACCORD Official,3,21,0,0,0,1,0,0,0,0,1,1,0,0,1
Section 1: New residential buildings.,0,14_UK_DocS_InfrastructureForChargingOfElectricalVehicles,accord_official,ACCORD Official,5,37,0,0,0,1,0,0,0,0,1,1,0,0,1
Section 2 sets out:a.  the types of building and electrical installation that are within the scope of Part Pb.  the types of electrical work that are notifiable and must be certified as complying with the Building Regulations.,0,17_UK_DocP_ElectricalSafety,accord_official,ACCORD Official,38,226,1,0,0,1,0,1,0,0,1,1,0,0,1
Section 2: Calculating the building primary energy rate and building emission rate.,0,50_UK_DocM_V2_AccessAndUseOfBuildings,accord_official,ACCORD Official,12,83,0,0,0,1,0,0,0,0,1,1,0,0,1
"Section 2: Calculating the dwelling primary energy rate, dwelling emission rate and dwelling fabric energy efficiency rate.",0,55_UK_DocL_V1_ConsrvationOfFuelAndPower,accord_official,ACCORD Official,17,123,0,0,0,1,0,0,0,0,1,1,1,0,1
"Section 2: Material change of use and major renovations for residential buildingsMaterial change of use2.1  Where associated parking spaces are provided for a building undergoing a material change of use of any of the following types, electric vehicle charge points should be provided.",0,36_UK_DocS_InfrastructureForChargingOfElectricalVehicles,accord_official,ACCORD Official,44,285,1,0,1,1,0,0,1,0,1,1,1,0,2
Section 2: Minimising the ingress of external pollutants.,0,119_UK_DocF_V1_Ventilation | 67_UK_DocF_V2_Ventilation,accord_official,ACCORD Official,8,57,0,0,0,1,0,0,0,0,1,1,0,0,1
Section 2: Requirement RA2  connection to gigabit-capable network.,0,29_UK_DocR_V1_InfrastructureForElectircalCommunications,accord_official,ACCORD Official,9,66,0,0,0,1,0,0,0,0,1,1,0,0,1
Section 2: Windows.,0,16_UK_DocQ_Security_Dwellings,accord_official,ACCORD Official,3,19,0,0,0,1,0,0,0,0,1,1,0,0,1
Section 2A: Basic requirements for stability.,0,13_UK_DocA_Structure,accord_official,ACCORD Official,6,45,0,0,0,1,0,0,0,0,1,1,0,0,0
Section 2C.,0,10_UK_DocA_Structure,accord_official,ACCORD Official,2,11,0,0,0,1,0,0,0,0,1,1,0,0,0
Section 2C: Thickness of walls in certainsmall buildings.,0,19_UK_DocA_Structure,accord_official,ACCORD Official,8,57,0,0,0,1,0,0,0,0,1,1,0,0,0
Section 2E: Foundations of plain concrete.,0,90_UK_DocA_Structure,accord_official,ACCORD Official,6,42,0,0,0,1,0,0,0,0,1,1,0,0,0
"Section 3: Certification, inspection and testing.",0,20_UK_DocP_ElectricalSafety,accord_official,ACCORD Official,6,49,0,0,0,1,0,0,0,0,1,1,1,0,1
Section 3: Consideration of high-efficiency alternative systems.,0,112_UK_DocM_V2_AccessAndUseOfBuildings | 93_UK_DocL_V1_ConsrvationOfFuelAndPower,accord_official,ACCORD Official,8,64,0,0,0,1,0,0,0,0,1,1,0,0,1
Section 3: New buildings Others than  residential or mixeduse buildings.,0,65_UK_DocS_InfrastructureForChargingOfElectricalVehicles,accord_official,ACCORD Official,10,72,0,0,0,1,0,0,0,0,1,1,0,0,1
Section 3: Particulars of connection to public electronic communications network (connectivity plan).,0,54_UK_DocR_V1_InfrastructureForElectircalCommunications,accord_official,ACCORD Official,12,101,0,0,0,1,0,0,0,0,1,1,0,0,1
Section 4: Commissioning and providing information.,0,178_UK_DocF_V1_Ventilation | 91_UK_DocF_V2_Ventilation,accord_official,ACCORD Official,6,51,0,0,0,1,0,0,0,0,1,1,0,0,1
Section 4: Limiting heat gains and losses.,0,121_UK_DocM_V2_AccessAndUseOfBuildings,accord_official,ACCORD Official,7,42,0,0,0,1,0,0,0,0,1,1,0,0,1
Section 4: Limiting heat gains and lossesU-values.,0,102_UK_DocL_V1_ConsrvationOfFuelAndPower,accord_official,ACCORD Official,8,50,0,0,0,1,0,0,0,0,1,1,0,0,1
Section 4: Major renovations of buildings which are not residential or mixeduse buildings.,0,79_UK_DocS_InfrastructureForChargingOfElectricalVehicles,accord_official,ACCORD Official,13,90,0,0,0,1,0,0,0,0,1,1,0,0,1
Section 4: Providing information.,0,91_UK_DocO_Overheating,accord_official,ACCORD Official,4,33,0,0,0,1,0,0,0,0,1,1,0,0,1
Section 4: Roof covering.,0,114_UK_DocA_Structure,accord_official,ACCORD Official,4,25,0,0,0,1,0,0,0,0,1,1,0,0,1
Section 5: Minimum building services efficiencies and controls  general guidance.,0,189_UK_DocM_V2_AccessAndUseOfBuildings,accord_official,ACCORD Official,10,81,0,1,0,1,0,0,0,0,1,1,0,0,1
Section 5: Minimum building services.,0,215_UK_DocL_V1_ConsrvationOfFuelAndPower,accord_official,ACCORD Official,5,37,0,1,0,1,0,0,0,0,1,1,0,0,1
Section 8: Commissioning.,0,370_UK_DocL_V1_ConsrvationOfFuelAndPower,accord_official,ACCORD Official,3,25,0,0,0,1,0,0,0,0,1,1,0,0,1
Section 8: Commissioning8.1  Fixed building services must be commissioned to ensure that they use no more fuel and power than is reasonable in the circumstances.,0,371_UK_DocM_V2_AccessAndUseOfBuildings,accord_official,ACCORD Official,26,161,1,0,1,1,0,1,0,0,1,1,0,0,2
Section 9: Providing information.,0,391_UK_DocM_V2_AccessAndUseOfBuildings | 399_UK_DocL_V1_ConsrvationOfFuelAndPower,accord_official,ACCORD Official,4,33,0,0,0,1,0,0,0,0,1,1,0,0,1
"Secure doorsets should be either: a. manufactured to a design that has been shown by test to meet the security requirements of British Standards publication PAS 24:2012, or b. designed and manufactured in accordance with Appendix B.",0,10_UK_DocQ_Security_Dwellings,accord_official,ACCORD Official,38,232,1,0,0,1,0,0,1,0,1,1,1,0,2
Security.,0,81_UK_DocO_Overheating,accord_official,ACCORD Official,1,9,0,0,0,0,0,0,0,0,1,1,0,0,0
"See paragraphs 2.11 to 2.19.d.  New and existing standalone buildings Others than dwellings, with a total useful floor area of less than 50m2.",0,14_UK_DocM_V2_AccessAndUseOfBuildings,accord_official,ACCORD Official,26,142,0,1,0,2,0,0,0,0,1,1,1,0,2
Shading should be provided by one of the following means.,0,33_UK_DocO_Overheating,accord_official,ACCORD Official,10,57,1,0,1,0,0,0,1,0,1,1,0,0,0
Showing compliance and reporting pressure test results.,0,355_UK_DocL_V1_ConsrvationOfFuelAndPower | 356_UK_DocM_V2_AccessAndUseOfBuildings,accord_official,ACCORD Official,7,55,0,0,0,0,0,0,0,0,1,1,0,0,0
Signs indicating the location of a lifting device accessible by mobility-impaired people should be clearly visible from the building entrance.,1,104_UK_DocM_V2_AccessAndUseOfBuildings,accord_official,ACCORD Official,21,142,1,0,0,0,0,0,1,0,1,1,0,0,0
"Similarly, where a shower is not to be provided or where a waste disposal unit, a water softener or water reuse is to be provided the water efficiency calculator must be completed.",1,83_UK_DocG_Sanitation,accord_official,ACCORD Official,32,180,1,0,0,0,0,1,0,0,1,1,2,0,0
"Similarly, where a shower is not to be provided or where a waste disposal unit, a water softener or water reuse is to be provided.",1,78_UK_DocG_Sanitation,accord_official,ACCORD Official,25,130,0,0,0,0,0,0,0,0,1,1,2,0,0
Simplified method.,0,136_UK_DocF_V1_Ventilation,accord_official,ACCORD Official,2,18,0,0,0,0,0,0,0,0,1,1,0,0,0
"Since doors are potential barriers, their use should be avoided whenever appropriate.",1,88_UK_DocM_V2_AccessAndUseOfBuildings,accord_official,ACCORD Official,12,85,1,0,0,0,0,0,1,0,1,1,1,0,0
Single glazing should be supplemented with low-emissivity secondary glazing.,1,119_UK_DocL_V1_ConsrvationOfFuelAndPower | 135_UK_DocM_V2_AccessAndUseOfBuildings,accord_official,ACCORD Official,10,76,1,0,0,0,0,0,1,0,1,1,0,0,0
Sink means a receptacle used for holding water  (for preparation of food or washing up) supplied  through a tap and having a wastepipe.,0,35_UK_DocG_Sanitation,accord_official,ACCORD Official,23,135,0,0,0,0,0,0,0,0,1,1,0,0,0
Sizing domestic hot water systems.,0,240_UK_DocL_V1_ConsrvationOfFuelAndPower,accord_official,ACCORD Official,5,34,0,0,0,0,0,0,0,0,1,1,0,0,0
Sizing heating and hot water systems.,0,234_UK_DocL_V1_ConsrvationOfFuelAndPower,accord_official,ACCORD Official,6,37,0,0,0,0,0,0,0,0,1,1,0,0,0
Sizing new and replacement space heating systems.,0,206_UK_DocM_V2_AccessAndUseOfBuildings,accord_official,ACCORD Official,7,49,0,0,0,0,0,0,0,0,1,1,0,0,0
Sizing space heating systems.,0,235_UK_DocL_V1_ConsrvationOfFuelAndPower,accord_official,ACCORD Official,4,29,0,0,0,0,0,0,0,0,1,1,0,0,0
Skirtings.,0,130_UK_DocM_V1_AccessAndUseOfBuildings,accord_official,ACCORD Official,1,10,0,0,0,0,0,0,0,0,1,1,0,0,0
"Sleeping accommodation will satisfy Requirement M1 if:a. the effective clear width of the door from the access corridor complies with Table 2 ; b. swing doors , where provided for built-in wardrobes and Others storage systems , open through 180 ; c. handles on hinged and sliding doors are easy to grip and operate and contrast visually with the surface of the door ; d. openable windows and window controls are located between 800 and 1000mm above the floor and are easy to operate without using both hands simultaneously ; e. all bedrooms have a visual fire alarm signal , in addition to the requirements of Part B ; f. any room numbers are indicated in embossed characters ; a. at least one wheelchair-accessible bedroom is provided for every 20 bedrooms , or part thereof; b. wheelchair-accessible bedrooms are located on accessible routes that lead to all Others available facilities within the building ; c. wheelchair-accessible bedrooms are designed to provide a choice of location and have a standard of amenity equivalent to that of Others bedrooms ; d. the door from the access corridor to a wheelchair-accessible bedroom complies with the relevant provisions of Internal doors (see 3.10) , in particular the maximum permissible opening force, Table 2 and the need for a clear space of 300mm from the leading edge of the door to the side wall; e. the effective clear width of any door to an en-suite bathroom or shower room within the wheelchair-accessible bedroom complies with Table 2 ; f. the size of wheelchair-accessible bedrooms allows for a wheelchair user to manoeuvre at the side of a bed , then transfer independently to it .",0,147_UK_DocM_V2_AccessAndUseOfBuildings,accord_official,ACCORD Official,273,1646,0,2,1,2,0,0,0,0,1,1,7,11,7
Softened wholesome water means water  which would be regarded as wholesome for the  purposes of regulations made under section  67 of the Water Industry Act 1991 (standards  of wholesomeness) as they apply for the  purposes of Part G of Schedule 1 in accordance  with paragraph (2c) but for the presence of  sodium in excess of the level specified in those  regulations if it is caused by a water softener  or water softening process which reduces the  concentrations of calcium and magnesium.,0,36_UK_DocG_Sanitation,accord_official,ACCORD Official,81,493,0,0,3,3,0,0,0,0,1,1,0,0,3
"Solid external walls, compartment walls and separating walls in coursed brickwork or blockwork.",0,31_UK_DocA_Structure,accord_official,ACCORD Official,13,95,0,0,0,0,0,0,0,0,1,1,1,0,0
Solid walls constructed of coursed brickwork or blockwork should be at least as thick as 1/16 of the storey height.,1,32_UK_DocA_Structure,accord_official,ACCORD Official,21,115,1,1,0,0,0,0,1,0,1,1,0,0,2
Solutions could include the following.,0,101_UK_DocF_V1_Ventilation,accord_official,ACCORD Official,5,38,0,0,1,0,0,0,0,0,1,1,0,0,0
Special safety features are not necessary if the ladder is not more than 6m long.,1,112_UK_DocK_ProtectionFromFalling,accord_official,ACCORD Official,15,81,0,0,0,0,0,0,0,0,1,1,0,0,0
Specific fan power should be calculated in accordance with BS EN 167983 at the full design load.,0,302_UK_DocM_V2_AccessAndUseOfBuildings,accord_official,ACCORD Official,17,96,1,0,0,0,0,0,1,0,1,1,0,0,1
Specific standards for electric underfloor heating.,0,308_UK_DocL_V1_ConsrvationOfFuelAndPower,accord_official,ACCORD Official,6,51,0,0,0,0,0,0,0,0,1,1,0,0,0
Specific ventilation requirements as defined in BS EN 525 should be met.,0,255_UK_DocM_V2_AccessAndUseOfBuildings,accord_official,ACCORD Official,12,72,1,0,0,0,0,0,1,0,1,1,0,0,1
"Specification for indirectly heated unvented (closed) hot water storage systems or BS 6700:2006 + A1:2009 Design, installation, testing and maintenance of services supplying water for domestic use within buildings and their curtilages).",0,107_UK_DocG_Sanitation | 113_UK_DocG_Sanitation,accord_official,ACCORD Official,33,236,0,0,0,0,0,0,0,0,1,1,2,0,3
Spiral and helical stairs.,0,45_UK_DocK_ProtectionFromFalling,accord_official,ACCORD Official,4,26,0,0,0,0,0,0,0,0,1,1,0,0,0
Stairs and ladders K1.,0,16_UK_DocK_ProtectionFromFalling | 33_UK_DocK_ProtectionFromFalling,accord_official,ACCORD Official,4,22,0,0,0,0,0,0,0,0,1,1,0,0,0
"Stairs, ladders and ramps shall be so designed, constructed and installed as to be safe for people moving between different levels in or about the building.",1,14_UK_DocK_ProtectionFromFalling,accord_official,ACCORD Official,26,156,1,0,0,0,1,0,0,0,1,1,2,0,0
Standard WC compartments should also have a minimum manoeuvring space clear of any door swing.,1,170_UK_DocM_V2_AccessAndUseOfBuildings,accord_official,ACCORD Official,15,94,1,1,0,0,0,0,1,0,1,1,0,0,0
Start to open when the internal temperature exceeds 22C.,0,50_UK_DocO_Overheating,accord_official,ACCORD Official,9,56,0,0,0,0,0,0,0,0,1,1,0,0,0
"Step-free area with no lips or upstands, suitable for showering, with a floor laid to shallow falls towards a floor gulley connected to the drainage system.",0,134_UK_DocM_V1_AccessAndUseOfBuildings,accord_official,ACCORD Official,27,156,1,0,0,1,1,0,0,0,1,1,2,0,0
Stepped gangways in assembly buildings.,0,22_UK_DocK_ProtectionFromFalling,accord_official,ACCORD Official,5,39,0,0,0,0,0,0,0,0,1,1,0,0,0
Submitting the connectivity plan.,0,55_UK_DocR_V1_InfrastructureForElectircalCommunications,accord_official,ACCORD Official,4,33,0,0,0,0,0,0,0,0,1,1,0,0,0
Such accidental design loading should be assumed to act simultaneously with all Others design loadings (i.e. wind and imposed loading) in accidental actions loading combination.,0,134_UK_DocA_Structure,accord_official,ACCORD Official,26,177,1,0,1,0,0,0,1,0,1,1,0,0,0
Such attention to surface finishes should be coupled with good natural and artificial lighting design.,0,98_UK_DocM_V2_AccessAndUseOfBuildings,accord_official,ACCORD Official,15,102,1,0,1,0,0,0,1,0,1,1,0,0,0
Such conditions should betaken into account in the design of the buildingand its foundations.,0,8_UK_DocA_Structure,accord_official,ACCORD Official,14,93,1,0,1,0,0,0,1,0,1,1,0,0,0
Such events should be managed to prevent the  risk associated with inadvertent use.,0,159_UK_DocG_Sanitation,accord_official,ACCORD Official,13,83,1,0,1,0,0,0,1,0,1,1,0,0,0
Such work could include the following.,0,412_UK_DocL_V1_ConsrvationOfFuelAndPower,accord_official,ACCORD Official,6,38,0,0,2,0,0,0,0,0,1,1,0,0,0
Sufficient information about the overheating mitigation strategy and its maintenance requirements must be given to owners so that it can be used effectively.,1,92_UK_DocO_Overheating,accord_official,ACCORD Official,23,157,1,0,1,0,0,1,0,0,1,1,0,0,0
Sufficient information about the ventilation system and its maintenance requirements must be given to the building owner to allow the system to be operated effectively.,0,223_UK_DocF_V1_Ventilation | 97_UK_DocF_V2_Ventilation,accord_official,ACCORD Official,25,168,1,0,0,0,0,1,0,0,1,1,0,0,0
"Sufficient information should be provided to ensure that people can operate, maintain or alter an electrical installation with reasonable safety.",1,7_UK_DocP_ElectricalSafety,accord_official,ACCORD Official,20,145,1,0,0,0,0,0,1,0,1,1,1,0,0
Suitable ducting should be provided to connect all such network termination points to an appropriate access point or common access point.,1,8_UK_DocR_V2_InfrastructureForElectircalCommunications,accord_official,ACCORD Official,21,137,1,0,1,1,0,0,1,0,1,1,0,0,0
"Suitable, with respect to means of access and facilities, means that they are designed for use by people regardless of disability, age or gender, but subject to the usual gender-related conventions regarding sanitary accommodation.",0,33_UK_DocM_V2_AccessAndUseOfBuildings,accord_official,ACCORD Official,35,231,0,0,1,1,0,0,0,0,1,1,4,0,0
Supply air for the dwelling should be delivered through one of the following means.,0,42_UK_DocF_V1_Ventilation,accord_official,ACCORD Official,14,83,1,0,1,0,0,0,1,0,1,1,0,0,0
Supply temperature control should be provided via a variable set point with outdoor temperature compensation.,1,307_UK_DocM_V2_AccessAndUseOfBuildings,accord_official,ACCORD Official,15,109,1,0,0,0,0,0,1,0,1,1,0,0,0
"Switches, outlets and controls will satisfy Requirement M1 if:a. wall-mounted socket outlets , telephone points and TV sockets are located between 400mm and 1000mm above the floor , with a preference for the lower end of the range; b. switches for permanently wired appliances are located between 400mm and 1200mm above the floor , unless needed at a higher level for particular appliances ; c. all switches and controls that require precise hand movements are located between 750mm and 1200mm above the floor ; d. simple push button controls that require limited dexterity are not more than 1200mm above the floor ; e. pull cords for emergency alarm systems are coloured red , located as close to a wall as possible and have two red 50mm diameter bangles , one set at 100mm and the Others set between 800mm and 1000mm above the floor ; f. controls that need close vision are located between 1200mm and 1400mm above the floor so that readings may be taken by a person sitting or standing (with thermostats at the top of the range); g. socket outlets are located consistently in relation to doorways and room corners , but in any case no nearer than 350mm from room corners ; h. light switches for use by the general public have large push pads and align horizontally with door handles within the range 900 to 1100mm , for ease of location when entering a room; i. where switches described in 4.30(h) cannot be provided , lighting pull cords are set between 900mm and 1100mm above floor level , and fitted with a 50mm diameter bangle visually contrasting with its background and distinguishable visually from any emergency assistance pull cord ; j. the operation of switches , outlets and controls does not require the simultaneous use of both hands , except where this mode of operation is necessary for safety reasons ; k. switched socket outlets indicate whether they are on; l. mains and circuit isolator switches clearly indicate that they are on or off; m. front pl ates contrast visually with their backgrounds.",0,149_UK_DocM_V2_AccessAndUseOfBuildings,accord_official,ACCORD Official,334,2017,2,0,3,0,0,0,0,1,1,1,12,12,2
System controls and zoning.,0,245_UK_DocL_V1_ConsrvationOfFuelAndPower,accord_official,ACCORD Official,4,27,0,0,0,0,0,0,0,0,1,1,0,0,0
System controls should be wired so that when there is no demand for space heating or hot water the heating appliance and pump are switched off.,1,247_UK_DocL_V1_ConsrvationOfFuelAndPower,accord_official,ACCORD Official,26,143,1,0,0,0,0,0,1,0,1,1,0,0,0
"System controls should be wired so that when there is no demand for space heating or hot water, the heating appliance, if appropriate, and pump are switched off.",1,306_UK_DocM_V2_AccessAndUseOfBuildings,accord_official,ACCORD Official,28,161,1,0,0,0,0,0,1,0,1,1,3,0,0
"System controls should be wired so that when there is no demand for space heating, the heating appliance and pump are switched off.",1,214_UK_DocM_V2_AccessAndUseOfBuildings,accord_official,ACCORD Official,23,131,1,0,0,0,0,0,1,0,1,1,1,0,0
System treatment for hot water systems for space and domestic hot water heating.,0,215_UK_DocM_V2_AccessAndUseOfBuildings,accord_official,ACCORD Official,13,80,0,0,0,0,0,0,0,0,1,1,0,0,0
Systems should be commissioned to optimise the use of energy for pumping.,1,393_UK_DocL_V1_ConsrvationOfFuelAndPower,accord_official,ACCORD Official,12,73,1,0,0,0,0,0,1,0,1,1,0,0,0
Systems should be designed so that they can be commissioned to suitable ventilation rates so that spaces are not significantly over-ventilated.,1,335_UK_DocL_V1_ConsrvationOfFuelAndPower,accord_official,ACCORD Official,22,143,1,0,1,1,0,0,1,0,1,1,0,0,0
"Systems should not be significantly oversized in most circumstances, the cooling appliance should not be sized for more than 120 of the design cooling load.",1,331_UK_DocL_V1_ConsrvationOfFuelAndPower,accord_official,ACCORD Official,25,156,1,0,0,0,0,0,1,0,1,1,1,0,1
Table 0.1  Residential buildings within the scope of this approved document Shared communal rooms and common spaces.,1,1_UK_DocO_Overheating,accord_official,ACCORD Official,18,116,0,0,1,1,0,0,0,0,1,1,0,0,1
Table 1.1  Summary of notional dwelling specification for new dwelling(1).,0,54_UK_DocL_V1_ConsrvationOfFuelAndPower,accord_official,ACCORD Official,12,74,0,0,0,1,0,0,0,0,1,1,0,0,2
Table 1.2  Minimum extract ventilation rates for continuous extract systems(1).,0,38_UK_DocF_V1_Ventilation,accord_official,ACCORD Official,12,79,0,1,0,1,0,0,0,0,1,1,0,0,2
Table 1.4  Purge ventilation openings.,0,51_UK_DocF_V1_Ventilation,accord_official,ACCORD Official,6,38,0,0,0,1,0,0,0,0,1,1,0,0,1
Table 10.1  Maximum area of openings in the extension.,0,422_UK_DocM_V2_AccessAndUseOfBuildings,accord_official,ACCORD Official,10,54,0,1,0,1,0,0,0,0,1,1,0,0,1
Table 2.1 Minimum widths of corridors and passageways for a range of doorway widths.,0,50_UK_DocM_V1_AccessAndUseOfBuildings,accord_official,ACCORD Official,15,84,0,1,0,1,0,0,0,0,1,1,0,0,1
Table 2.2  Target primary energy rate and target emission rate multiplying factors for modular and portable buildings with a service life of more than two years at a single location.,0,85_UK_DocM_V2_AccessAndUseOfBuildings,accord_official,ACCORD Official,31,182,0,0,0,1,0,0,0,0,1,1,0,0,1
Table 2.3  Target emission rate multiplying factor for modular and portable buildings with a planned service life of more than two years but intended time of use at a single location of less than two yearsShell and core developments.,0,92_UK_DocM_V2_AccessAndUseOfBuildings,accord_official,ACCORD Official,40,233,0,1,0,1,0,0,0,0,1,1,0,0,1
Table 4.2  Limiting U-values for existing elements in existing buildings 4.11  Thermal bridging should be addressed in the design and construction of a building by either of the following means.,0,153_UK_DocM_V2_AccessAndUseOfBuildings,accord_official,ACCORD Official,33,194,1,0,1,1,0,0,1,0,1,1,0,0,2
Table 4.3  Reference glazing systems for solar gain calculation.,0,173_UK_DocM_V2_AccessAndUseOfBuildings,accord_official,ACCORD Official,10,64,0,0,0,1,0,0,0,0,1,1,0,0,1
Table 4.4  Minimum thickness of pipework insulation for low temperature hot water space heating applications in nondomestic buildingsTable 4.5  Minimum thickness of pipework insulation for domestic hot water services in nondomestic buildings Cooling pipework.,0,175_UK_DocM_V2_AccessAndUseOfBuildings,accord_official,ACCORD Official,36,259,0,1,0,1,0,0,0,0,1,1,0,0,2
"Table 4.6 also gives indicative insulation thicknesses, which offers one way of demonstrating that the heat transfer value has not been exceeded.",0,181_UK_DocM_V2_AccessAndUseOfBuildings,accord_official,ACCORD Official,23,145,0,0,0,1,0,0,0,0,1,1,1,0,1
"Table 6.2  Minimum heat generator seasonal efficiency for boiler systems in existing buildings(1)(2)NOTE: For boilers with an output of more than 400kW, the manufacturers declared efficiencies should be used.",0,241_UK_DocM_V2_AccessAndUseOfBuildings,accord_official,ACCORD Official,33,208,1,1,0,1,0,0,1,0,1,1,1,0,3
Table 6.5 Minimum thermal efficiencies for domestic hot water (DHW) systems Controls for combustionheated domestic hot water systems6.26 Domestic hot water systems should have both of the following.,0,268_UK_DocM_V2_AccessAndUseOfBuildings,accord_official,ACCORD Official,30,198,1,1,1,1,0,0,1,0,1,1,0,0,2
"Table 6.7  Standard cooling load factors for office accommodation6.38 For plants with multiple chillers, a plant seasonal energy efficiency ratio (SEER) should be calculated based on the sum of the energy consumption of all the operating chillers.",0,280_UK_DocM_V2_AccessAndUseOfBuildings,accord_official,ACCORD Official,39,247,1,0,0,1,0,0,1,0,1,1,1,0,2
Taps and WC cubicle doors should be operable by people with limited strength or manual dexterity and doors to cubicles should be capable of being opened if a person has collapsed against them while inside the cubicle.,1,156_UK_DocM_V2_AccessAndUseOfBuildings,accord_official,ACCORD Official,37,217,1,0,0,0,0,0,1,0,1,1,0,0,0
Taps should be lever operated and capable of easy operation.,1,97_UK_DocM_V1_AccessAndUseOfBuildings,accord_official,ACCORD Official,10,60,1,0,0,0,0,0,1,0,1,1,0,0,0
Technical solution.,0,15_UK_DocD_ToxicSubstances,accord_official,ACCORD Official,2,19,0,0,0,0,0,0,0,0,1,1,0,0,0
Temperature and pressure relief devices.,0,117_UK_DocG_Sanitation,accord_official,ACCORD Official,5,40,0,0,0,0,0,0,0,0,1,1,0,0,0
Temperature relief valve means a mechanically  operated valve that opens to discharge water  when a fixed (factory set) temperature is  exceeded.,0,38_UK_DocG_Sanitation,accord_official,ACCORD Official,21,145,0,0,0,0,0,0,0,0,1,1,0,0,0
"Tension straps need not be provided: a. in the longitudinal direction of joists in houses of not more than 2 storeys, if the joists areat not more than 1.2m centres and have at least 90mm bearing on the supported walls or 75mm bearing on a timber wall plate at each end, and b. in the longitudinal direction of joists in houses of not more than 2 storeys, if the joists are carried on the supported wall by joist hangers in accordance with BS EN 8451of the restraint type described by additional guidance given in BSI Published DocumentPD 6697:2010 and shown in Diagram 15(c), and are incorporated at not more than 2m centres, and c. when a concrete floor has at least 90mm bearing on the supported wall (see Diagram15(d)), and d. where floors are at or about the same levelon each side of a supported wall, and contact between the floors and wall is either continuous or at intervals not exceeding 2m.",0,71_UK_DocA_Structure,accord_official,ACCORD Official,166,902,0,2,0,1,0,0,0,0,1,1,7,0,6
Test data must be from a minimum of five in-situ measurements of the same module types and link details as used in the actual building.,1,351_UK_DocM_V2_AccessAndUseOfBuildings,accord_official,ACCORD Official,26,135,1,1,0,0,0,1,0,0,1,1,0,0,0
Tests and calculations.,0,9_UK_Doc7_Materials_and_workmanship,accord_official,ACCORD Official,3,23,0,0,0,0,0,0,0,0,1,1,0,0,0
That background ventilators allow fresh air into the building and should be left open.,1,102_UK_DocF_V2_Ventilation,accord_official,ACCORD Official,14,86,1,0,0,0,0,0,1,0,1,1,0,0,0
That background ventilators allow fresh air into the home and should be left open.,1,228_UK_DocF_V1_Ventilation,accord_official,ACCORD Official,14,82,1,0,0,0,0,0,1,0,1,1,0,0,0
The Building Regulations set out requirements that must be met before a building can be used for a new purpose.,0,2_UK_DocK_ProtectionFromFalling,accord_official,ACCORD Official,20,111,1,0,0,0,0,1,0,0,1,1,0,0,0
"The CE marking should be on the product, its label, the packaging or accompanying documents.",0,6_UK_Doc7_Materials_and_workmanship,accord_official,ACCORD Official,15,92,1,0,0,0,0,0,1,0,1,1,2,0,0
The CO2 emission factor and primary energy factor for the heat delivered to the building by the district heat network should be based on the heat network specific factors from Table 32 in the National Calculation Methodology Modelling Guide.,0,66_UK_DocM_V2_AccessAndUseOfBuildings,accord_official,ACCORD Official,39,241,1,0,0,1,0,0,1,0,1,1,0,0,1
The CO2 emission factor for the heat output should be taken as:1/H  (F  CO2F  E  CO2E )where: H is the useful heat (excluding heat rejected) in kWhF is the fuel input in kWhCO2F is the emission factor for the input fuel in kgCO2 /kWhE is the electricity production from the scheme in kWhCO2E is the emission factor for district heat CHP generated electricity in kgCO2 /kWh.,0,72_UK_DocM_V2_AccessAndUseOfBuildings,accord_official,ACCORD Official,68,373,1,0,0,0,0,0,1,0,1,1,0,0,1
The CO2 emission factor should be calculated using SAP 10 or taken from the Product Characteristics Database.,0,288_UK_DocL_V1_ConsrvationOfFuelAndPower,accord_official,ACCORD Official,17,109,1,0,0,0,0,0,1,0,1,1,0,0,1
The Construction (Design and Management) Regulations 2007 give provisions for safe use of temporary means of access.,0,53_UK_DocK_ProtectionFromFalling,accord_official,ACCORD Official,17,116,0,0,0,0,0,0,0,0,1,1,0,0,1
"The Secretary of State shall approve (a) a methodology of calculation of the energy performance of buildings, including methods for calculating asset ratings and operational ratings of buildings; and (b) ways in which the energy performance of buildings, as calculated in accordance with the methodology, shall be expressed.",0,23_UK_DocL_V1_ConsrvationOfFuelAndPower,accord_official,ACCORD Official,48,324,1,0,0,0,1,0,0,0,1,1,3,1,0
The U-value of a door should be assessed using one of the following methods.,0,126_UK_DocM_V2_AccessAndUseOfBuildings,accord_official,ACCORD Official,15,76,1,0,1,0,0,0,1,0,1,1,0,0,0
The U-value of a window should be assessed using one of the following methods.,0,106_UK_DocL_V1_ConsrvationOfFuelAndPower | 125_UK_DocM_V2_AccessAndUseOfBuildings,accord_official,ACCORD Official,15,78,1,0,1,0,0,0,1,0,1,1,0,0,0
"The U-values are similar to, or in the case of a newly constructed conservatory or porch not exceeding, the U-values of the corresponding exposed elements elsewhere in the building.",0,468_UK_DocM_V2_AccessAndUseOfBuildings,accord_official,ACCORD Official,31,181,0,1,0,0,0,0,0,0,1,1,2,0,0
"The U-values are similar to, or in the case of a newly constructed conservatory or porch not exceeding, the U-values of the corresponding exposed elements elsewhere in the dwelling.",0,467_UK_DocL_V1_ConsrvationOfFuelAndPower,accord_official,ACCORD Official,31,181,0,1,0,0,0,0,0,0,1,1,2,0,0
"The WC, basin, bath and shower (and their associated clear access zones) meet at least the provisions shown in Diagram 3.10.",0,119_UK_DocM_V1_AccessAndUseOfBuildings,accord_official,ACCORD Official,22,124,0,1,0,0,0,0,0,0,1,1,2,0,1
The actual equivalent area and location of installed background ventilators should be recorded.,1,189_UK_DocF_V1_Ventilation,accord_official,ACCORD Official,13,95,1,0,0,0,0,0,1,0,1,1,0,0,0
"The aim is to provide a suitable means of access for people from the entrance point at the boundary of the site, and from any car parking that is provided on the site, to the building.",0,35_UK_DocM_V2_AccessAndUseOfBuildings,accord_official,ACCORD Official,36,184,0,0,0,1,0,0,0,0,1,1,2,0,0
The aim should be to reduce potential hazards from local obstructions within the lobby and minimise distracting reflections from glazing.,0,81_UK_DocM_V2_AccessAndUseOfBuildings,accord_official,ACCORD Official,20,137,1,0,0,0,0,0,1,0,1,1,0,0,0
The air extract rate should be 20 litres per second per machine during use.,1,46_UK_DocF_V2_Ventilation,accord_official,ACCORD Official,14,75,1,0,0,0,0,0,1,0,1,1,0,0,1
The air flow for each extract/supply fan or terminal should be recorded in litres per second (l/s) on the commissioning sheet (see Part 3 of Appendix C).,0,215_UK_DocF_V1_Ventilation,accord_official,ACCORD Official,29,153,1,0,0,2,0,0,1,0,1,1,0,0,1
The air flow resistance of all components should be considered when specifying ventilation systems.,1,55_UK_DocF_V1_Ventilation,accord_official,ACCORD Official,14,99,1,0,0,0,0,0,1,0,1,1,0,0,0
The annual energy savings should be estimated using the National Calculation Methodology Modelling Guide.,1,465_UK_DocM_V2_AccessAndUseOfBuildings,accord_official,ACCORD Official,14,105,1,0,0,0,0,0,1,0,1,1,0,0,0
The annual energy savings should be estimated using the Standard Assessment Procedure.,1,464_UK_DocL_V1_ConsrvationOfFuelAndPower,accord_official,ACCORD Official,12,86,1,0,0,0,0,0,1,0,1,1,0,0,0
The annual percentage of heat supplied from each heat source should be the same for each newly connected dwelling.,1,79_UK_DocL_V1_ConsrvationOfFuelAndPower,accord_official,ACCORD Official,19,114,1,0,0,0,0,0,1,0,1,1,0,0,0
"The appliance should be from categories D, F, G or J in Table 6.4.",0,283_UK_DocL_V1_ConsrvationOfFuelAndPower,accord_official,ACCORD Official,15,66,1,0,0,1,0,0,1,0,1,1,2,0,1
The approach route is a minimum of 900mm wide with a maximum cross fall of 1 in 40.,1,16_UK_DocM_V1_AccessAndUseOfBuildings,accord_official,ACCORD Official,18,83,0,2,0,0,0,0,0,0,1,1,0,0,2
"The approach route should be level, gently sloping, or, where necessary, ramped.",1,15_UK_DocM_V1_AccessAndUseOfBuildings,accord_official,ACCORD Official,12,80,1,0,0,0,0,0,1,0,1,1,4,0,0
"The approach route should be safe and convenient for everyone, be at the shallowest gradient that can reasonably be achieved, and be stepfree, irrespective of the storey on which the dwelling is located.",1,70_UK_DocM_V1_AccessAndUseOfBuildings,accord_official,ACCORD Official,33,203,2,0,0,0,1,0,1,0,1,1,3,0,0
"The approach route should be safe and convenient for everyone, including older and disabled people and some wheelchair users.",1,13_UK_DocM_V1_AccessAndUseOfBuildings,accord_official,ACCORD Official,19,125,1,0,0,0,0,0,1,0,1,1,1,0,0
"The approach route should be safe and convenient, adopt the shallowest gradient that can reasonably be achieved and be step-free, irrespective of the storey on which the dwelling is located.",1,40_UK_DocM_V1_AccessAndUseOfBuildings,accord_official,ACCORD Official,31,190,2,0,0,0,1,0,1,0,1,1,2,0,0
The area of openings in the newly created dwelling should not be more than 25 of the total floor area.,1,490_UK_DocL_V1_ConsrvationOfFuelAndPower,accord_official,ACCORD Official,20,102,1,0,0,0,0,0,1,0,1,1,0,0,1
"The area of sloping surfaces such as staircases, galleries, raked auditoria and tiered terraces should be taken as their area on plan.",1,469_UK_DocL_V1_ConsrvationOfFuelAndPower | 470_UK_DocM_V2_AccessAndUseOfBuildings,accord_official,ACCORD Official,22,134,1,0,1,0,0,0,1,0,1,1,2,0,0
The area of windows and roof windows (but excluding display windows) within the area served exceeds 40 of the facade area.,1,495_UK_DocM_V2_AccessAndUseOfBuildings,accord_official,ACCORD Official,21,122,0,0,0,0,0,0,0,0,1,1,0,0,1
"The area of windows, roof windows, rooflights and doors should not exceed 25 of the total floor area of the dwelling.",1,421_UK_DocL_V1_ConsrvationOfFuelAndPower,accord_official,ACCORD Official,21,117,1,1,0,0,0,0,1,0,1,1,2,0,1
"The area of windows, roof windows, rooflights and pedestrian doors should not exceed the relevant percentage from Table 10.1.",0,411_UK_DocM_V2_AccessAndUseOfBuildings,accord_official,ACCORD Official,20,125,1,1,0,1,0,0,1,0,1,1,2,0,1
The assessment should be carried out by one of the following means.,0,134_UK_DocF_V1_Ventilation,accord_official,ACCORD Official,12,67,1,0,1,0,0,0,1,0,1,1,0,0,0
The average A-weighted sound pressure.,0,25_UK_DocF_V1_Ventilation,accord_official,ACCORD Official,6,38,0,0,0,0,0,0,0,0,1,1,0,0,0
"The average connection cost for each electric vehicle charge point connection is less than 3600, determined according to paragraph 1.5.",0,19_UK_DocS_InfrastructureForChargingOfElectricalVehicles,accord_official,ACCORD Official,21,135,0,1,0,1,0,0,0,0,1,1,1,0,2
"The average dwelling emission rate for the whole building, calculated in accordance with paragraph 2.6, must not exceed the average target emission rate.",0,68_UK_DocL_V1_ConsrvationOfFuelAndPower,accord_official,ACCORD Official,24,153,2,1,0,1,0,1,0,0,1,1,2,0,1
"The average dwelling fabric energy efficiency rate for the whole building, calculated in accordance with paragraph 2.6, must not exceed the average target fabric energy efficiency rate.",0,69_UK_DocL_V1_ConsrvationOfFuelAndPower,accord_official,ACCORD Official,28,185,2,1,0,1,0,1,0,0,1,1,2,0,1
"The average dwelling primary energy rate for the whole building, calculated in accordance with paragraph 2.6, must not exceed the average target primary energy rate.",0,67_UK_DocL_V1_ConsrvationOfFuelAndPower,accord_official,ACCORD Official,26,165,2,1,0,1,0,1,0,0,1,1,2,0,1
"The average dwelling primary energy rate, dwelling emission rate and dwelling fabric energy efficiency rate should be calculated using the same averaging methodology.",1,70_UK_DocL_V1_ConsrvationOfFuelAndPower,accord_official,ACCORD Official,23,166,1,0,0,0,0,0,1,0,1,1,1,0,0
The average target emission rate should be calculated using the formula above but replacing target primary energy rate with target emission rate.,0,52_UK_DocL_V1_ConsrvationOfFuelAndPower,accord_official,ACCORD Official,22,145,1,0,0,0,0,0,1,0,1,1,0,0,0
The average target fabric energy efficiency rate should be calculated using the formula above but replacing target primary energy rate with target fabric energy efficiency rate.,0,53_UK_DocL_V1_ConsrvationOfFuelAndPower,accord_official,ACCORD Official,26,177,1,0,0,0,0,0,1,0,1,1,0,0,0
The basement should be treated separately as a single-storey dwelling above ground level.,1,72_UK_DocF_V1_Ventilation,accord_official,ACCORD Official,14,89,1,0,0,0,0,0,1,0,1,1,0,0,0
The bathroom containing the installed level access shower should be located on the same storey as the principal double bedroom described in paragraph 3.35.,0,118_UK_DocM_V1_AccessAndUseOfBuildings,accord_official,ACCORD Official,25,155,1,0,0,1,0,0,1,0,1,1,0,0,1
"The boundary of the land in relation to a building, in respect of which building work is being carried out, means the boundary of the land, upon which that building is situated, that is controlled or owned by the same person who owns:that building, orin the case of the erection of a new building, the land upon which building work is being carried out.",0,125_UK_DocS_InfrastructureForChargingOfElectricalVehicles,accord_official,ACCORD Official,65,353,0,0,0,0,0,0,0,0,1,1,6,0,0
"The building as a whole, including access to it from the site boundary and from on-site car parking where provided, must be no less compliant with Requirement M1 following a material alteration of a building.",0,10_UK_DocM_V2_AccessAndUseOfBuildings,accord_official,ACCORD Official,36,208,1,0,1,0,0,1,0,0,1,1,2,0,0
"The building control body must be notified, before the work starts, of all of the following.",0,55_UK_DocM_V2_AccessAndUseOfBuildings,accord_official,ACCORD Official,16,92,1,0,1,0,0,1,0,0,1,1,2,0,0
"The building control body must be notified, before the work starts, of all the following.",0,60_UK_DocL_V1_ConsrvationOfFuelAndPower,accord_official,ACCORD Official,15,89,1,0,1,0,0,1,0,0,1,1,2,0,0
"The building control body must be notified, once the work is complete, of all of the following.",0,61_UK_DocL_V1_ConsrvationOfFuelAndPower,accord_official,ACCORD Official,17,95,1,0,1,0,0,1,0,0,1,1,2,0,0
The building control body should be given all of the following.,0,377_UK_DocM_V2_AccessAndUseOfBuildings,accord_official,ACCORD Official,11,63,1,0,1,0,0,0,1,0,1,1,0,0,0
"The building control body should be notified that the analysis of high-efficiency alternative systems has been undertaken, that it is documented and is available to be verified.",1,115_UK_DocM_V2_AccessAndUseOfBuildings | 96_UK_DocL_V1_ConsrvationOfFuelAndPower,accord_official,ACCORD Official,28,177,1,0,1,0,0,0,1,0,1,1,1,0,0
The building control body should be provided with a report that demonstrates that the residential building passes CIBSEs TM59 assessment of overheating.,1,47_UK_DocO_Overheating,accord_official,ACCORD Official,22,152,1,0,0,0,0,0,1,0,1,1,0,0,0
The building control body should be provided with evidence that test equipment has been calibrated using a UKAS accredited facility or by the original manufacturer within either of the following periods.,0,341_UK_DocM_V2_AccessAndUseOfBuildings | 350_UK_DocL_V1_ConsrvationOfFuelAndPower,accord_official,ACCORD Official,31,203,1,0,1,0,0,0,1,0,1,1,0,0,0
The building control body should be provided with evidence that the person who pressure-tested the building meets both of the following.,0,353_UK_DocL_V1_ConsrvationOfFuelAndPower,accord_official,ACCORD Official,22,136,1,0,1,0,0,0,1,0,1,1,0,0,0
The building control body should be provided with evidence that the person who pressuretested the building meets both of the following.,0,344_UK_DocM_V2_AccessAndUseOfBuildings,accord_official,ACCORD Official,21,135,1,0,1,0,0,0,1,0,1,1,0,0,0
"The building emission rate and building primary energy rate submission should be accompanied by a report, signed by a suitably qualified person, detailing how the combined emission factor has been derived.",1,62_UK_DocM_V2_AccessAndUseOfBuildings,accord_official,ACCORD Official,31,205,1,0,0,0,0,0,1,0,1,1,2,0,0
The building envelope should be insulated to a degree that is reasonable in the particular case.,1,105_UK_DocM_V2_AccessAndUseOfBuildings,accord_official,ACCORD Official,16,96,1,0,0,0,0,0,1,0,1,1,0,0,0
The building fabric should be constructed so that the insulation is reasonably continuous across newly built elements.,1,132_UK_DocL_V1_ConsrvationOfFuelAndPower,accord_official,ACCORD Official,17,118,1,0,0,0,0,0,1,0,1,1,0,0,0
"The building fabric should be constructed so that thermal bridging, including at the party wall, is reasonably limited.",1,152_UK_DocL_V1_ConsrvationOfFuelAndPower,accord_official,ACCORD Official,18,119,1,0,0,0,0,0,1,0,1,1,2,0,0
The building has more than 10 associated parking spaces.,1,13_UK_DocS_InfrastructureForChargingOfElectricalVehicles,accord_official,ACCORD Official,9,56,0,0,0,0,0,0,0,0,1,1,0,0,1
"The building primary energy rate and building emission rate calculated using the measured air permeability must not be higher than the target primary energy rate and target emission rate, respectively.",1,357_UK_DocM_V2_AccessAndUseOfBuildings,accord_official,ACCORD Official,30,201,2,0,0,0,0,1,0,0,1,1,1,0,0
"The building primary energy rate and building emission rate submission should be accompanied by a report, signed by a suitably qualified person, detailing how the CO2 emission factors and primary energy factors have been derived.",1,70_UK_DocM_V2_AccessAndUseOfBuildings,accord_official,ACCORD Official,35,229,1,0,0,0,0,0,1,0,1,1,2,0,0
The building primary energy rate and the building emission rate must be calculated at both of the following points using the same calculation tool.,0,52_UK_DocM_V2_AccessAndUseOfBuildings,accord_official,ACCORD Official,24,147,1,0,1,0,0,1,0,0,1,1,0,0,0
"The building shall be constructed so that ground movement caused by: (a) swelling, shrinkage or freezing of the subsoil; or (b) land-slip or subsidence (Others than subsidence arising from shrinkage), in so far as the risk can be reasonably foreseen,will not impair the stability of any part of the building.",1,3_UK_DocA_Structure,accord_official,ACCORD Official,52,308,1,0,0,0,1,0,0,0,1,1,3,1,0
"The building shall be constructed so that the combined dead,imposed and wind loads are sustained and transmitted by it to the ground: (a) safely; and (b) without causing such deflection or deformation of any part of the building, or such movement of the ground, as will impair the stability of any part of anOthers building.",1,1_UK_DocA_Structure,accord_official,ACCORD Official,56,324,1,0,2,0,1,0,0,0,1,1,3,1,0
The building should be constructed to meet requirement O1 using passive means as far as reasonably practicable.,1,63_UK_DocO_Overheating,accord_official,ACCORD Official,17,111,1,0,0,0,0,0,1,0,1,1,0,0,0
"The building should be designed, within the overall constraints of space, so that the difference in level between the entrance storey and the site entry point is minimised.",1,37_UK_DocM_V2_AccessAndUseOfBuildings,accord_official,ACCORD Official,28,172,1,0,0,0,0,0,1,0,1,1,2,0,0
"The cistern should be accessible for maintenance, cleaning and replacement.",1,102_UK_DocG_Sanitation,accord_official,ACCORD Official,10,75,1,0,0,0,0,0,1,0,1,1,1,0,0
"The cold water storage cistern into which the vent pipe discharges should be supported on a flat, level, rigid platform which is capable of safely withstanding the weight of the cistern when filled with water to the rim and fully supporting the bottom of the cistern over the  whole of its area.",1,100_UK_DocG_Sanitation,accord_official,ACCORD Official,52,295,1,0,0,0,0,0,1,0,1,1,2,0,0
The combined dead and imposed load should not exceed 70kN/m at base of wall (see Diagram 11).,0,58_UK_DocA_Structure,accord_official,ACCORD Official,18,93,1,1,0,1,0,0,1,0,1,1,0,0,1
"The compartment should be fitted with support rails, and include a minimum activity space to accommodate people who use crutches, or Otherswise have impaired leg movements.",1,167_UK_DocM_V2_AccessAndUseOfBuildings,accord_official,ACCORD Official,26,172,1,1,0,0,0,0,1,0,1,1,2,0,0
"The competence of the commissioning manager should meet the list of knowledge and skills set out in CIBSEs Commissioning Code M.8.4  When installing a fixed building service, or on-site electricity generation that is subject to the energy efficiency requirements, a commissioning plan should be prepared that identifies all of the following.",0,376_UK_DocM_V2_AccessAndUseOfBuildings,accord_official,ACCORD Official,54,341,1,0,1,0,0,0,1,0,1,1,2,0,1
"The complete assembly, as installed, should be designed to meet the performance standards of this approved document.",0,56_UK_DocF_V1_Ventilation,accord_official,ACCORD Official,17,116,1,0,1,0,0,0,1,0,1,1,2,0,0
The cooker hood should span at least the full width of the cooker.,1,36_UK_DocF_V1_Ventilation,accord_official,ACCORD Official,13,66,1,1,0,0,0,0,1,0,1,1,0,0,0
The correct operation of each control function should be tested where it is practical.,1,218_UK_DocF_V1_Ventilation,accord_official,ACCORD Official,14,86,1,0,1,0,0,0,1,0,1,1,0,0,0
The cost of installing electric vehicle charge points and cable routes is not more than 7% of the total capital cost of the major renovation.,1,51_UK_DocS_InfrastructureForChargingOfElectricalVehicles,accord_official,ACCORD Official,25,141,0,0,0,0,0,0,0,0,1,1,0,0,1
The cost of providing a connection to a USO standard public electronic communications network connection would exceed the cost cap (see paragraph 2.21).,0,7_UK_DocR_V1_InfrastructureForElectircalCommunications,accord_official,ACCORD Official,24,152,0,0,0,2,0,0,0,0,1,1,0,0,1
"The cost of providing a connection to a gigabit-capable public electronic communications network exceeds the cost cap, with accompanying quotes provided by the suitable network operators.",1,60_UK_DocR_V1_InfrastructureForElectircalCommunications,accord_official,ACCORD Official,27,187,0,0,0,1,0,0,0,0,1,1,1,0,0
The cost to provide each dwelling on the development site with the following exceed(s) the cost cap:Tick all that apply Gigabit-capable public electronic communications network connection; High-speed public electronic communications network connection; USO-standard public electronic communications network connection.,0,71_UK_DocR_V1_InfrastructureForElectircalCommunications,accord_official,ACCORD Official,43,318,0,0,1,0,0,0,0,0,1,1,0,2,0
"The cost to the developer of installing gigabit-ready physical infrastructure in relation to each dwelling erected, including infrastructure in common areas in a building containing more than one dwelling, in accordance with requirement RA1.",0,52_UK_DocR_V1_InfrastructureForElectircalCommunications,accord_official,ACCORD Official,35,241,0,0,0,0,0,0,0,0,1,1,2,0,0
The dedicated storage volume of solar heated water relative to the area of the collector should be either of the following.,0,327_UK_DocL_V1_ConsrvationOfFuelAndPower,accord_official,ACCORD Official,21,123,1,0,1,0,0,0,1,0,1,1,0,0,0
The default condition should be off.,1,213_UK_DocM_V2_AccessAndUseOfBuildings | 276_UK_DocM_V2_AccessAndUseOfBuildings | 305_UK_DocM_V2_AccessAndUseOfBuildings,accord_official,ACCORD Official,6,36,1,0,0,0,0,0,1,0,1,1,0,0,0
The depth of the insulation plus any required air gap should be at least to the depth of the rafters.,1,128_UK_DocL_V1_ConsrvationOfFuelAndPower | 145_UK_DocM_V2_AccessAndUseOfBuildings,accord_official,ACCORD Official,20,101,1,1,0,0,0,0,1,0,1,1,0,0,0
The design air flow rates should be determined in accordance with Table 1.2.,0,212_UK_DocF_V1_Ventilation,accord_official,ACCORD Official,14,76,1,0,0,1,0,0,1,0,1,1,0,0,1
The design of the in-building physical infrastructure should take account of satellite and wireless technologies where there is evidence that the required network speeds could be met.,1,12_UK_DocR_V2_InfrastructureForElectircalCommunications,accord_official,ACCORD Official,28,183,1,0,0,0,0,0,1,0,1,1,0,0,0
The design should be based on identification of the hazards to which the structure is likely to be subjected and assessment of the risks.,0,4_UK_DocA_Structure,accord_official,ACCORD Official,24,137,1,0,0,0,0,0,1,0,1,1,0,0,0
The design solar load should be reduced by at least 20%.,1,499_UK_DocM_V2_AccessAndUseOfBuildings,accord_official,ACCORD Official,11,56,1,1,0,0,0,0,1,0,1,1,0,0,1
The design temperature difference for the community heating primary circuit should be a minimum of 20C.,1,292_UK_DocL_V1_ConsrvationOfFuelAndPower,accord_official,ACCORD Official,16,103,1,1,1,0,0,0,1,0,1,1,0,0,0
"The diameter of discharge pipe (D1) should be not less than the nominal outlet size of the safety device, e.g. temperature relief valve.",1,127_UK_DocG_Sanitation,accord_official,ACCORD Official,24,136,1,2,0,0,0,0,1,0,1,1,1,0,0
The discharge pipe (D2) from the tundish should:  a. have a vertical section of pipe at least 300mm long below the tundish before any elbows or bends in the pipework (see Diagram 1); and  b. be installed with a continuous fall of at least 1 in 200 thereafter.,0,137_UK_DocG_Sanitation,accord_official,ACCORD Official,48,259,1,1,0,2,0,0,1,0,1,1,0,1,3
The discharge pipe (D2) should be made of: a. metal; or  b. Others material that has been demonstrated to be capable of safely withstanding temperatures of the water discharged and is clearly and permanently marked to identify the product and performance standard (e.g. as specified in the relevant part of BS 7291- 1:2006 Thermostatic pipes and fittings for hot and cold water for domestic purposes and heating installations in buildings.),1,138_UK_DocG_Sanitation,accord_official,ACCORD Official,72,440,1,0,1,0,0,0,1,0,1,0,0,1,3
"The discharge pipe D2 should be at least one pipe size larger than the nominal outlet size of the safety device unless its total equivalent hydraulic resistance exceeds that of a straight pipe 9m long, i.e. for discharge pipes between 9m and 18m the equivalent resistance length should be at least two sizes larger than the nominal outlet size of the safety device; between 18 and 27m at least 3 sizes larger, and so on; bends must be taken into account in calculating  the flow resistance.",1,141_UK_DocG_Sanitation,accord_official,ACCORD Official,87,490,2,1,0,0,0,1,1,0,1,1,2,2,2
"The discharge pipe should not be connected to a soil discharge stack unless it can be demonstrated that the soil discharge stack is capable of safely withstanding temperatures of the water discharged, in which case, it should: a. contain a mechanical seal, not incorporating a water trap, which allows water into the  branch pipe without allowing foul air from the  drain to be ventilated through the tundish; b. be a separate branch pipe with no sanitary appliances connected to it;  c. if plastic pipes are used as branch pipes carrying discharge from a safety device, they should be either polybutalene (PB) or crosslinked polyethylene (PEX) complying with national standards such as Class S of BS  72912:2006 or Class S of BS 72913:2006 respectively; and d. be continuously marked with a warning that no sanitary appliances should be connected to the pipe.",0,145_UK_DocG_Sanitation,accord_official,ACCORD Official,143,860,1,0,3,0,0,0,1,0,1,1,5,3,4
The documentation should be all of the following.,0,402_UK_DocL_V1_ConsrvationOfFuelAndPower,accord_official,ACCORD Official,8,49,1,0,1,0,0,0,1,0,1,1,0,0,0
The documented results of the analysis should be retained for the building control body to inspect upon request.,0,116_UK_DocM_V2_AccessAndUseOfBuildings | 97_UK_DocL_V1_ConsrvationOfFuelAndPower,accord_official,ACCORD Official,18,112,1,0,0,0,0,0,1,0,1,1,0,0,0
The doorset should be manufactured from solid or laminated timber with a minimum density of 600kg/m3.,1,26_UK_DocQ_Security_Dwellings,accord_official,ACCORD Official,17,101,1,1,0,0,0,0,1,0,1,1,0,0,0
The dwelling emission rate must not exceed the individual dwellings target emission rate.,1,65_UK_DocL_V1_ConsrvationOfFuelAndPower,accord_official,ACCORD Official,13,89,2,1,0,0,0,1,0,0,1,1,0,0,0
The dwelling fabric energy efficiency rate must not exceed the individual dwellings target fabric energy efficiency rate.,1,66_UK_DocL_V1_ConsrvationOfFuelAndPower,accord_official,ACCORD Official,17,121,2,1,0,0,0,1,0,0,1,1,0,0,0
"The dwelling is wheelchair adaptable such that key parts of the accommodation, including sanitary facilities and kitchens, could be easily altered to meet the needs of a wheelchair user or, where required by a local planning authority, the dwelling is wheelchair accessible.",1,67_UK_DocM_V1_AccessAndUseOfBuildings,accord_official,ACCORD Official,42,274,0,0,1,1,0,0,0,0,1,1,4,0,0
The dwelling primary energy rate must not exceed the individual dwellings target primary energy rate.,1,64_UK_DocL_V1_ConsrvationOfFuelAndPower,accord_official,ACCORD Official,15,101,2,1,0,0,0,1,0,0,1,1,0,0,0
"The dwelling primary energy rate, dwelling emission rate and dwelling energy efficiency rate must be calculated at both of the following points using the same calculation tool.",0,57_UK_DocL_V1_ConsrvationOfFuelAndPower,accord_official,ACCORD Official,27,176,1,0,1,0,0,1,0,0,1,1,1,0,0
"The dwelling primary energy rate, dwelling emission rate and dwelling fabric energy efficiency rate, all calculated using the measured air permeability, must not be higher than the target primary energy rate, target emission rate and target fabric energy efficiency rate, respectively.",1,356_UK_DocL_V1_ConsrvationOfFuelAndPower,accord_official,ACCORD Official,41,285,2,0,0,0,0,1,0,0,1,1,5,0,0
The effective g-value should be no worse than 0.3.,1,350_UK_DocM_V2_AccessAndUseOfBuildings,accord_official,ACCORD Official,11,50,1,0,0,0,0,0,1,0,1,1,0,0,1
The effective rated output should be assessed based on the final installed capacity of the heating or air-conditioning system.,1,326_UK_DocM_V2_AccessAndUseOfBuildings,accord_official,ACCORD Official,20,126,1,0,0,0,0,0,1,0,1,1,0,0,0
The efficiency of biomass boilers at their nominal load and tested to BS EN 12809 should be no lower than the following.,0,254_UK_DocM_V2_AccessAndUseOfBuildings,accord_official,ACCORD Official,22,120,1,0,1,0,0,0,1,0,1,1,0,0,1
The efficiency of the secondary heating appliance with its appropriate fuel should be used in the calculation of the dwelling primary energy rate and dwelling emission rate.,1,73_UK_DocL_V1_ConsrvationOfFuelAndPower,accord_official,ACCORD Official,27,173,1,0,0,0,0,0,1,0,1,1,0,0,0
The efficiency should be based on the appropriate test standard set out in Section 5 or Section 6.b.,0,193_UK_DocM_V2_AccessAndUseOfBuildings,accord_official,ACCORD Official,19,100,1,0,0,1,0,0,1,0,1,1,0,0,2
The efficiency should be based on the appropriate test standard set out in Section 6. b.,0,221_UK_DocL_V1_ConsrvationOfFuelAndPower,accord_official,ACCORD Official,16,88,1,0,0,1,0,0,1,0,1,1,0,0,1
The electrical input power of the primary pump in the solar water heating system measured in watts should be less than the higher of the following.,0,322_UK_DocL_V1_ConsrvationOfFuelAndPower,accord_official,ACCORD Official,26,147,1,1,1,0,0,0,1,0,1,1,0,0,0
"The ends of every wall should be bonded or Otherswise securely tied throughout their full height to a buttressing wall, pier or chimney.",1,59_UK_DocA_Structure,accord_official,ACCORD Official,23,136,1,0,0,0,0,0,1,0,1,1,1,0,0
The energy efficiency of historic and traditional buildings should be improved only if doing so will not cause long-term deterioration of the buildings fabric or fittings.,1,17_UK_DocM_V2_AccessAndUseOfBuildings,accord_official,ACCORD Official,27,171,1,0,0,0,0,0,1,0,1,1,0,0,0
The energy efficiency of historic and traditional dwellings should be improved only if doing so will not cause long-term deterioration of the buildings fabric or fittings.,0,11_UK_DocL_V1_ConsrvationOfFuelAndPower,accord_official,ACCORD Official,27,171,1,0,0,0,0,0,1,0,1,1,0,0,0
The energy prices that are current when the application is made to the building control body should be used when evaluating energy savings.,1,465_UK_DocL_V1_ConsrvationOfFuelAndPower | 466_UK_DocM_V2_AccessAndUseOfBuildings,accord_official,ACCORD Official,23,139,1,0,0,0,0,0,1,0,1,1,0,0,0
The equivalent area of the opening should be assessed by either of the following means.,0,40_UK_DocO_Overheating,accord_official,ACCORD Official,15,87,1,0,1,0,0,0,1,0,1,1,0,0,0
The equivalent area of the opening should meet or exceed the free area of the opening.,1,39_UK_DocO_Overheating,accord_official,ACCORD Official,16,86,1,0,0,0,0,0,1,0,1,1,0,0,0
The erection of new residential buildings (1) A new residential building with associated parking must have access to electric vehicle charge points as provided for in paragraph (2).,0,7_UK_DocS_InfrastructureForChargingOfElectricalVehicles,accord_official,ACCORD Official,28,181,1,0,0,1,0,1,0,0,1,1,0,0,2
The estimated consumption of wholesome water of a new dwelling should be no more than 125 litres/person/day or 110 litres/person/day where the optional requirement applies.,0,74_UK_DocG_Sanitation,accord_official,ACCORD Official,29,172,1,1,0,0,0,0,1,0,1,1,0,0,2
"The estimated water consumption of a new dwelling should be calculated in accordance with the methodology set out in Appendix A, referred to as the water efficiency calculator.",0,73_UK_DocG_Sanitation,accord_official,ACCORD Official,28,176,1,0,0,1,0,0,1,0,1,1,1,0,0
The existing electrical installation should be checked to ensure that the following conditions are all satisfied.,0,16_UK_DocP_ElectricalSafety,accord_official,ACCORD Official,16,113,1,0,1,0,0,0,1,0,1,1,0,0,0
The extensions and the alterations of the existing building could be planned and carried out as a single project.,0,3_UK_DocM_V2_AccessAndUseOfBuildings,accord_official,ACCORD Official,19,113,0,0,0,0,0,0,0,0,1,1,0,0,0
The fan manufacturers instructions should be followed when balancing the system.,0,195_UK_DocF_V1_Ventilation,accord_official,ACCORD Official,11,80,1,0,0,0,0,0,1,0,1,1,0,0,0
The fan should be set at a speed that will approximately achieve the desired continuous flow rate.,1,201_UK_DocF_V1_Ventilation,accord_official,ACCORD Official,17,98,1,0,0,0,0,0,1,0,1,1,0,0,0
The fan speed should be set to achieve the desired continuous flow rate.,1,197_UK_DocF_V1_Ventilation | 205_UK_DocF_V1_Ventilation,accord_official,ACCORD Official,13,72,1,0,0,0,0,0,1,0,1,1,0,0,0
The floor area of the building or annexe does not exceed 36m.,1,78_UK_DocA_Structure,accord_official,ACCORD Official,12,61,0,1,0,1,0,0,0,0,1,1,0,0,0
The floor area of the extension does not exceed 30m2.,1,13_UK_DocL_V1_ConsrvationOfFuelAndPower | 16_UK_DocL_V1_ConsrvationOfFuelAndPower | 19_UK_DocM_V2_AccessAndUseOfBuildings | 22_UK_DocM_V2_AccessAndUseOfBuildings,accord_official,ACCORD Official,10,53,0,1,0,0,0,0,0,0,1,1,0,0,0
"The floor-area-weighted average of the target primary energy rate, target emission rate and target fabric energy efficiency rate for all the dwellings in the building should be calculated using the following formula.",0,51_UK_DocL_V1_ConsrvationOfFuelAndPower,accord_official,ACCORD Official,34,216,1,0,1,0,0,0,1,0,1,1,1,0,0
"The following applies: At least two suitable providers of public electronic communications networks have declined to provide a connection free of charge or at a cost not exceeding the cost cap, or have failed to respond to requests within 30 working days.",0,73_UK_DocR_V1_InfrastructureForElectircalCommunications,accord_official,ACCORD Official,42,255,0,2,1,1,0,0,0,0,1,1,1,0,1
The following are key terms used in this document.,0,33_UK_DocP_ElectricalSafety,accord_official,ACCORD Official,9,50,0,0,2,0,0,0,0,0,1,1,0,0,0
The following design provisions relate to foundations: a. the foundations should be situated centrally under the wall; b. for foundations in chemically aggressive soil conditions guidance in BS 85001 and BRE Special Digest 1 should be followed.,0,94_UK_DocA_Structure,accord_official,ACCORD Official,37,244,1,0,1,0,0,0,1,0,1,1,0,1,2
The following guidance should be used.,0,463_UK_DocL_V1_ConsrvationOfFuelAndPower | 464_UK_DocM_V2_AccessAndUseOfBuildings,accord_official,ACCORD Official,6,38,1,0,1,0,0,0,1,0,1,1,0,0,0
The following information should be provided where relevant.,0,101_UK_DocF_V2_Ventilation | 227_UK_DocF_V1_Ventilation,accord_official,ACCORD Official,8,60,1,0,1,0,0,0,1,0,1,1,0,0,0
"The following information should be provided, where relevant.",0,94_UK_DocO_Overheating,accord_official,ACCORD Official,8,61,1,0,1,0,0,0,1,0,1,1,1,0,0
The following information should be provided.,0,58_UK_DocR_V1_InfrastructureForElectircalCommunications,accord_official,ACCORD Official,6,45,1,0,1,0,0,0,1,0,1,1,0,0,0
The frequency of measurements should be sufficient to ensure that changes in the use of the room or space throughout the day are represented in the readings.,1,125_UK_DocF_V2_Ventilation,accord_official,ACCORD Official,27,157,1,0,0,0,0,0,1,0,1,1,0,0,0
The full area under a stair that forms part of the storage provision should be counted as 1m2.,1,79_UK_DocM_V1_AccessAndUseOfBuildings,accord_official,ACCORD Official,18,94,1,0,0,0,0,0,1,0,1,1,0,0,0
"The general ventilation rate for a new conservatory and, if necessary, adjoining rooms could be achieved using background ventilators.",1,160_UK_DocF_V1_Ventilation,accord_official,ACCORD Official,19,134,0,0,0,0,0,0,0,0,1,1,2,0,0
The gradient is as shallow as the site permits.,1,45_UK_DocM_V1_AccessAndUseOfBuildings,accord_official,ACCORD Official,9,47,1,0,0,0,1,0,0,0,1,1,0,0,0
The guidance for new elements in existing buildings.,0,7_UK_DocM_V2_AccessAndUseOfBuildings,accord_official,ACCORD Official,8,52,0,0,0,0,0,0,0,0,1,1,0,0,0
The guidance for new elements in existing dwellings in Section 10 should be followed.,0,6_UK_DocL_V1_ConsrvationOfFuelAndPower,accord_official,ACCORD Official,14,85,1,0,0,1,0,0,1,0,1,1,0,0,1
"The guidance for the whole new building should be followed, including for building primary energy rate and building emission rate calculations.",0,10_UK_DocM_V2_AccessAndUseOfBuildings,accord_official,ACCORD Official,21,143,1,0,0,0,0,0,1,0,1,1,1,0,0
"The guidance for the whole new dwelling should be followed, including for dwelling primary energy rate, dwelling emission rate and dwelling fabric energy efficiency rate calculations.",0,8_UK_DocL_V1_ConsrvationOfFuelAndPower,accord_official,ACCORD Official,26,183,1,0,0,0,0,0,1,0,1,1,2,0,0
The guidance in Approved Document J should be followed when installing and testing ventilation appliances.,0,10_UK_DocF_V1_Ventilation | 10_UK_DocF_V2_Ventilation,accord_official,ACCORD Official,15,106,1,0,0,0,0,0,1,0,1,1,0,0,0
"The guidance in Section 1 of Approved Document F, Volume 1: Dwellings should be followed for the minimum standards for purge ventilation.",0,68_UK_DocO_Overheating,accord_official,ACCORD Official,22,137,1,1,0,1,0,0,1,0,1,1,1,0,2
The guidance in paragraphs 1.42 to 1.44 should be followed regardless of the ventilation provisions in the existing room adjacent to the conservatory.,0,161_UK_DocF_V1_Ventilation,accord_official,ACCORD Official,25,150,1,0,0,1,0,0,1,0,1,1,0,0,2
The guidance in paragraphs 3.6 to 3.13 should be followed for refurbishment that includes energy efficiency measures and paragraphs 3.14 to 3.16 should be followed for window replacements.,0,170_UK_DocF_V1_Ventilation,accord_official,ACCORD Official,32,188,1,0,0,1,0,0,1,0,1,1,0,0,4
The guidance in this section applies to conservatories with a floor area that exceeds 30m2.,0,158_UK_DocF_V1_Ventilation,accord_official,ACCORD Official,15,91,0,0,1,1,0,0,0,0,1,1,0,0,0
"The guidance provided in this document covers stairs or ramps that form part of the means of access within an assembly building such as a sports stadium, theatre or cinema.",0,23_UK_DocK_ProtectionFromFalling,accord_official,ACCORD Official,30,172,0,0,2,0,0,0,0,0,1,1,1,0,0
"The handle to at least one window in the principal living area is 700-1000mm above floor level, unless fitted with a remote opening device that is within this height range.",1,127_UK_DocM_V1_AccessAndUseOfBuildings,accord_official,ACCORD Official,31,172,0,1,1,0,0,0,0,0,1,1,1,0,1
"The handle to at least one window in the principal living area is located between 450mm and 1200mm above floor level, unless the window is fitted with a remote opening device that is within this height range.",1,57_UK_DocM_V1_AccessAndUseOfBuildings,accord_official,ACCORD Official,37,208,0,1,1,0,0,0,0,0,1,1,1,0,0
The heat loss from electrically-heated cylinders (volume V litres) should not exceed either of the following.,0,184_UK_DocM_V2_AccessAndUseOfBuildings,accord_official,ACCORD Official,17,109,1,1,1,0,0,0,1,0,1,1,0,0,0
"The heat loss from the floor should be calculated using the sum of the thermal resistance of the floor finish and the underlying heated layer, multiplied by 10.",1,303_UK_DocL_V1_ConsrvationOfFuelAndPower,accord_official,ACCORD Official,28,160,1,0,0,0,0,0,1,0,1,1,1,0,1
The heat pump along with its accompanying pipework should be flushed and purged as a separate system while isolated from the ground array system.,1,387_UK_DocL_V1_ConsrvationOfFuelAndPower,accord_official,ACCORD Official,24,145,1,0,0,0,0,0,1,0,1,1,0,0,0
The heating plant emission rate of the micro combined heat and power system (microCHP) should be no greater than the emission rate of a regular boiler using the same fuel as the microCHP.,1,297_UK_DocL_V1_ConsrvationOfFuelAndPower,accord_official,ACCORD Official,33,187,1,1,0,0,0,0,1,0,1,1,0,0,0
The heating plant emission rate should be calculated using all of the following.,0,298_UK_DocL_V1_ConsrvationOfFuelAndPower,accord_official,ACCORD Official,13,80,1,0,1,0,0,0,1,0,1,1,0,0,0
The height of the building or annexe does not exceed the lower value derived from Diagram 2.,0,81_UK_DocA_Structure,accord_official,ACCORD Official,17,92,0,1,0,1,0,0,0,0,1,1,0,0,1
"The hot water supply temperature to a bath should be limited to a maximum of 48C by use of an inline blending valve or Others appropriate temperature control device, with a maximum temperature stop and a suitable arrangement of pipework.",1,152_UK_DocG_Sanitation,accord_official,ACCORD Official,40,237,1,1,0,1,0,0,1,0,1,1,1,0,0
The hot water supply to any fixed bath must be so designed and installed as to incorporate measures to ensure that the temperature of the water that can be delivered to that bath does not exceed 48C.,1,90_UK_DocG_Sanitation,accord_official,ACCORD Official,37,199,1,1,0,0,0,1,0,0,1,1,0,0,0
The index terminal flow rate should be set with the terminal fully open and all Others terminals should be adjusted to achieve the required flow rates at each terminal.,1,206_UK_DocF_V1_Ventilation,accord_official,ACCORD Official,29,168,1,0,0,0,0,0,1,0,1,1,0,0,0
The index terminal flow rate should be set with the terminal fully open and all Others terminals should be adjusted to achieve the required flows at each terminal.,1,198_UK_DocF_V1_Ventilation | 202_UK_DocF_V1_Ventilation,accord_official,ACCORD Official,28,163,1,0,0,0,0,0,1,0,1,1,0,0,0
The information in paragraph 4.2 should be provided in this section of the Home User Guide.,0,100_UK_DocO_Overheating,accord_official,ACCORD Official,17,91,1,0,1,2,0,0,1,0,1,1,0,0,1
"The information should be provided in a clear manner, for a non-technical audience.",1,93_UK_DocO_Overheating,accord_official,ACCORD Official,14,83,1,0,0,0,0,0,1,0,1,1,1,0,0
"The information should be provided in a clear manner, for a nontechnical audience.",0,224_UK_DocF_V1_Ventilation,accord_official,ACCORD Official,13,82,1,0,0,0,0,0,1,0,1,1,1,0,0
"The input charge for electric storage heaters should be adjusted automatically, based on the internal air temperature.",1,260_UK_DocM_V2_AccessAndUseOfBuildings,accord_official,ACCORD Official,17,118,1,0,0,0,0,0,1,0,1,1,1,0,0
The installation of an unvented system is notifiable building work which must be notified to the BCB before work commences.,0,123_UK_DocG_Sanitation,accord_official,ACCORD Official,20,123,1,0,0,0,0,1,0,0,1,1,0,0,0
The installation of anti-vibration instruments and flexible hose connections should be in accordance with the manufacturers guidance in order to limit the effects of harmful vibrations on building structures.,0,318_UK_DocL_V1_ConsrvationOfFuelAndPower,accord_official,ACCORD Official,30,208,1,0,1,0,0,0,1,0,1,1,0,0,0
"The installation of lifting devices will satisfy Requirement M1 or M2 if:a. there is an unobstructed manoeuvring space of 1500mm x 1500mm , or a straight access route 900mm wide , in front of each lifting device; b. the landing call buttons are located between 900mm and 1100mm from the floor of the landing and at least 500mm from any return wall ; c. the landing call button symbols , where provided, and lifting device control button symbols are raised to facilitate tactile reading ; d. all call and control buttons contrast visually with the surrounding face plate , andthe face plate similarly contrasts with the surface on which it is mounted ; e. the floor of the lifting device should not be of a dark colour and should have frictional qualities similar to, or higher than, the floor of the landing ; f. a handrail is provided on at least one wall of the lifting device with its top surface at 900mm (nominal) above the floor and located so that it does not obstruct the controls or the mirror ; g. a suitable emergency communication system is fitted.",0,110_UK_DocM_V2_AccessAndUseOfBuildings,accord_official,ACCORD Official,181,1060,1,1,1,1,0,0,1,0,1,1,7,6,0
The insulant should be chosen to achieve the lowest practicable U-value.,1,129_UK_DocL_V1_ConsrvationOfFuelAndPower | 146_UK_DocM_V2_AccessAndUseOfBuildings,accord_official,ACCORD Official,12,72,1,0,0,0,0,0,1,0,1,1,0,0,0
The insulation should be reasonably continuous across newly built elements.,1,149_UK_DocM_V2_AccessAndUseOfBuildings,accord_official,ACCORD Official,10,75,1,0,0,0,0,0,1,0,1,1,0,0,0
The internal temperature exceeds 23C at 11pm.,1,53_UK_DocO_Overheating,accord_official,ACCORD Official,7,45,0,0,0,0,0,0,0,0,1,1,0,0,0
The key focus should be on ensuring that applicants and building control bodies are agreed as to the appropriate level of provision in the completed building work.,0,21_UK_DocM_V2_AccessAndUseOfBuildings,accord_official,ACCORD Official,27,163,1,0,0,0,0,0,1,0,1,1,0,0,0
The larger of the window openings specified in Approved Document B or Approved Document F should be applied in all cases.,0,9_UK_DocF_V1_Ventilation | 9_UK_DocF_V2_Ventilation,accord_official,ACCORD Official,21,121,1,0,0,0,0,0,1,0,1,1,0,0,0
"The layout for  a room containing a sanitary convenience  only should be such that the room or space  containing its associated hand washing facilities  is accessed before entry to a food preparation  area, and is separated from that area by a door  (Diagram 3).",0,182_UK_DocG_Sanitation,accord_official,ACCORD Official,44,262,1,0,1,0,0,0,1,0,1,1,1,0,1
"The legal requirements of the Building Regulations must be met, regardless of whether the guidance in this approved document is followed or alternative measures are taken.",0,7_UK_DocO_Overheating,accord_official,ACCORD Official,26,171,1,0,1,0,0,1,0,0,1,1,1,0,0
The length of supply pipes between inline blending valves and outlets should be kept to a minimum in order to prevent the colonisation of waterborne pathogens.,1,157_UK_DocG_Sanitation,accord_official,ACCORD Official,26,159,1,1,0,0,0,0,1,0,1,1,0,0,0
"The length of the buttressing wall should be at least 1/6 of the overall height of the supported wall and be bonded or securely tied to the supporting wall and at the Others end to a buttressing wall, pier or chimney.",1,63_UK_DocA_Structure,accord_official,ACCORD Official,42,217,1,1,0,0,0,0,1,0,1,1,1,0,2
The load capacity is at least 400kg.,1,23_UK_DocM_V1_AccessAndUseOfBuildings,accord_official,ACCORD Official,7,36,0,1,0,0,0,0,0,0,1,1,0,0,0
The lobby should be large enough and of a shape to allow a wheelchair user or a person pushing a pram to move clear of one door before opening the second door.,1,80_UK_DocM_V2_AccessAndUseOfBuildings,accord_official,ACCORD Official,32,159,1,0,0,0,0,0,1,0,1,1,0,0,0
"The local authority's conservation officer should be asked to help assess whether complying with the requirements of the electric vehicle charge point installation regulations is reasonably practicable, on a casebycase basis.",0,39_UK_DocS_InfrastructureForChargingOfElectricalVehicles,accord_official,ACCORD Official,32,225,1,0,0,0,0,0,1,0,1,1,1,0,0
The local authoritys conservation officer should be consulted when undertaking work to a building in paragraphs 0.5a or 0.5b.,1,2_UK_DocF_V1_Ventilation | 2_UK_DocF_V2_Ventilation,accord_official,ACCORD Official,21,125,1,0,0,1,0,0,1,0,1,1,0,0,2
The locations of extract ventilators should be both of the following.,0,49_UK_DocF_V2_Ventilation,accord_official,ACCORD Official,11,69,1,0,1,0,0,0,1,0,1,1,0,0,0
"The main doors for entering a dwelling (usually the front door) should have a door viewer unless Others means exist to see callers, such as clear glass within the door or a window next to the doorset.",1,11_UK_DocQ_Security_Dwellings | 40_UK_DocQ_Security_Dwellings,accord_official,ACCORD Official,37,200,1,0,1,1,0,0,1,0,1,1,1,0,0
"The main doors for entering a dwelling (usually the front doorset) should be fitted with a multipoint locking system that meets the requirements of:   PAS 3621 (key locking on both sides), or PAS 8621 (non-key locking on the internal face), or PAS 10621 (non-key locking on the internal face, but with an external locking override facility).",1,35_UK_DocQ_Security_Dwellings,accord_official,ACCORD Official,58,341,1,0,0,0,0,0,1,0,1,1,3,0,3
The maximum length or width of the buildingor annexe does not exceed 9m.,1,80_UK_DocA_Structure,accord_official,ACCORD Official,13,72,0,2,0,1,0,0,0,0,1,1,0,0,0
The maximum number of electric vehicle charge points that can be installed before the extra grid connections costs exceed 3600 per charge point per dwelling.,1,23_UK_DocS_InfrastructureForChargingOfElectricalVehicles,accord_official,ACCORD Official,25,157,0,1,0,0,0,0,0,0,1,1,0,0,1
The measured values should be compared with their respective design values to determine the following.,0,257_UK_DocF_V1_Ventilation,accord_official,ACCORD Official,15,102,1,0,1,0,0,0,1,0,1,1,0,0,0
The methodology for determining costs should be consistent between all elements of the calculation to allow a fair comparison between the cost of the major renovation and the cost of electric vehicle charge point infrastructure.,1,54_UK_DocS_InfrastructureForChargingOfElectricalVehicles | 88_UK_DocS_InfrastructureForChargingOfElectricalVehicles,accord_official,ACCORD Official,35,228,1,0,0,0,0,0,1,0,1,1,0,0,0
The minimum equivalent area for background ventilators from Table 1.7 should be identified and recorded.,0,188_UK_DocF_V1_Ventilation,accord_official,ACCORD Official,16,104,1,1,0,1,0,0,1,0,1,1,0,0,1
The minimum full load EER of the absorption chillers should be no worse than 0.7.,1,285_UK_DocM_V2_AccessAndUseOfBuildings,accord_official,ACCORD Official,16,81,1,1,0,0,0,0,1,0,1,1,0,0,1
The minimum standards in paragraphs 4.7 and 4.8 and Table 4.2 should be met for both of the following.,0,417_UK_DocL_V1_ConsrvationOfFuelAndPower,accord_official,ACCORD Official,22,102,1,1,1,2,0,0,1,0,1,1,0,0,3
The minimum thickness and maximum height of parapet walls should beas given in Diagram 4.,0,42_UK_DocA_Structure,accord_official,ACCORD Official,15,89,1,2,0,0,0,0,1,0,1,1,0,0,1
"The morticed bolts should have a minimum projection of 20mm, should be at least 100mm from the top and bottom corners of the door, and should avoid any door construction joints.",1,38_UK_DocQ_Security_Dwellings,accord_official,ACCORD Official,31,177,1,2,0,0,0,0,1,0,1,1,2,0,0
The need to conserve the special characteristics of such historic buildings must be recognised.,0,17_UK_DocM_V2_AccessAndUseOfBuildings,accord_official,ACCORD Official,14,95,1,0,1,0,0,1,0,0,1,1,0,0,0
"The nominal length of loadbearing wall construction referred to in 5.1d should be taken as follows: in the case of a reinforced concrete wall, the distance between lateral supports subject toa maximum length not exceeding 2.25H, in the case of an external masonry wall, or timber or steel stud wall, the length measured between vertical lateral supports, in the case of an internal masonry wall,or timber or steel stud wall, a length not exceeding 2.25H, where H is the storey height in metres.",0,129_UK_DocA_Structure,accord_official,ACCORD Official,87,494,1,2,0,0,0,0,1,0,1,1,8,0,3
"The non-primary doors for entering a dwelling (for example, back door or garage inter-connecting doors) should be fitted with a multipoint locking system that meets the requirements of: PAS 3621 (key locking on both sides), or PAS 8621 (non-key locking on the internal face), or PAS 10621 (non-key locking on the internal face, but with an external locking override facility).",1,37_UK_DocQ_Security_Dwellings,accord_official,ACCORD Official,64,376,1,0,0,0,0,0,1,0,1,1,4,0,3
The normal relationship between the dimensions of the rise and going is: twice the rise plus the going (2R G) equals between 550mm and 700mm.,1,19_UK_DocK_ProtectionFromFalling,accord_official,ACCORD Official,25,141,0,0,0,0,0,0,0,0,1,1,0,0,0
The notice of completion of commissioning should be given as follows.,0,377_UK_DocL_V1_ConsrvationOfFuelAndPower,accord_official,ACCORD Official,11,69,1,0,0,0,0,0,1,0,1,1,0,0,0
The notional extension should be the same size and shape as the proposed extension and comply with paragraph 10.7.,0,427_UK_DocL_V1_ConsrvationOfFuelAndPower,accord_official,ACCORD Official,20,114,1,0,0,1,0,0,1,0,1,1,0,0,1
The notional extension should be the same size and shape as the proposed extension and comply with paragraph 10.9.,0,421_UK_DocM_V2_AccessAndUseOfBuildings,accord_official,ACCORD Official,20,114,1,0,0,1,0,0,1,0,1,1,0,0,1
The number of appliances should not exceed one per 100m2 of dwelling floor area.,1,273_UK_DocL_V1_ConsrvationOfFuelAndPower,accord_official,ACCORD Official,14,80,1,1,0,0,0,0,1,0,1,1,0,0,0
"The number of associated parking spaces which have access to electric vehicle charge points must be (a) the total number of associated parking spaces, where there are fewer associated parking spaces than there are dwellings contained in the residential building; or (b) the number of associated parking spaces that is equal to the total number of dwellings contained in the residential building, where there are the same number of associated parking spaces as, or more associated parking spaces than, there are dwellings.",1,8_UK_DocS_InfrastructureForChargingOfElectricalVehicles,accord_official,ACCORD Official,82,521,1,1,0,0,0,1,0,0,1,1,4,1,0
The number of electric vehicle charge points that must be installed is the maximum number of electric vehicle charge points that it is possible to install at an average sum of 3600 or less for the connection cost of each electric vehicle charge point connection (the 3600 cap).,1,10_UK_DocS_InfrastructureForChargingOfElectricalVehicles,accord_official,ACCORD Official,48,277,1,1,1,0,0,1,0,0,1,1,0,0,2
The number of fixed baths or showers and washbasins in buildings with rooms for residential purposes should be in accordance with BS 64651:2006 and A1:2009 Sanitary  installations.,1,195_UK_DocG_Sanitation,accord_official,ACCORD Official,29,180,1,0,0,0,0,0,1,0,1,1,0,0,3
The number of occupants  entered into the table should be based on two  in the first bedroom and one in each additional  room.,0,228_UK_DocG_Sanitation,accord_official,ACCORD Official,23,126,1,0,0,1,0,0,1,0,1,1,0,0,0
"The numeric values of safety factors, whether expressed explicitly or implicitly in design equations, or design values, should be derived from considerations of the above aspects ofdesign and construction as a whole.",0,7_UK_DocA_Structure,accord_official,ACCORD Official,32,216,1,0,1,0,0,0,1,0,1,1,3,0,0
"The opening should be assessed using Table D9, assuming an opening angle of  90 degrees.",0,113_UK_DocO_Overheating,accord_official,ACCORD Official,15,88,1,0,0,1,0,0,1,0,1,1,1,0,1
"The openings in the notional extension should conform with paragraph 10.7d, with the door area set as equal to the door area of the proposed extension and the remainder of the openings being classified as windows.",0,428_UK_DocL_V1_ConsrvationOfFuelAndPower,accord_official,ACCORD Official,37,213,1,1,0,1,0,0,1,0,1,1,1,0,1
The outputs of any renewable systems should be separately monitored.,1,228_UK_DocM_V2_AccessAndUseOfBuildings,accord_official,ACCORD Official,10,68,1,0,0,0,0,0,1,0,1,1,0,0,0
The overall length of kitchen worktop meets at least the provisions of Table 3.3.,0,92_UK_DocM_V1_AccessAndUseOfBuildings,accord_official,ACCORD Official,15,81,0,1,0,1,0,0,0,0,1,1,0,0,1
The package and components should be appropriate to the  circumstances in which they are used and  should satisfy an appropriate standard that  will ensure the requirement of regulation G3(2)  and G3(3) will be met (e.g. BS EN 12897:2006 Water Supply.),0,111_UK_DocG_Sanitation,accord_official,ACCORD Official,44,252,1,0,1,0,0,0,1,0,1,0,0,0,4
The package and components should be appropriate to the circumstances in which they are used and should satisfy an appropriate standard that will ensure  the requirements of regulation G3(2) and G3(3) will be met (e.g. BS EN 12897:2006 Water Supply).,0,105_UK_DocG_Sanitation,accord_official,ACCORD Official,44,250,1,0,1,0,0,0,1,0,1,1,0,0,4
The panel should be securely held in place.,1,31_UK_DocQ_Security_Dwellings,accord_official,ACCORD Official,8,43,1,0,0,0,0,0,1,0,1,1,0,0,0
The part of the dwelling above ground level should be considered separately.,1,71_UK_DocF_V1_Ventilation,accord_official,ACCORD Official,12,76,1,0,0,0,0,0,1,0,1,1,0,0,0
The penetrating services should be sealed to the air barrier using proprietary grommets or collars with air-sealing tape or sealant.,1,181_UK_DocL_V1_ConsrvationOfFuelAndPower,accord_official,ACCORD Official,21,132,1,0,0,0,0,0,1,0,1,1,0,0,0
The performance of the separate components should be measured according to the relevant parts of BS EN 13141 and Others relevant standards.,0,57_UK_DocF_V1_Ventilation,accord_official,ACCORD Official,22,139,1,0,0,0,0,0,1,0,1,1,0,0,1
The person carrying out building work must inform the building control body where any optional requirements apply.,0,4_UK_DocM_V1_AccessAndUseOfBuildings,accord_official,ACCORD Official,17,114,1,0,0,0,0,1,0,0,1,1,0,0,0
The photographs should be made available to the energy assessor and the building control body.,1,478_UK_DocL_V1_ConsrvationOfFuelAndPower,accord_official,ACCORD Official,15,94,1,0,0,0,0,0,1,0,1,1,0,0,0
"The point where a cable duct enters a building should be sealed to prevent water ingress and attack by vermin, and to comply with all relevant Building Regulations requirements (including Approved Document B).",0,114_UK_DocS_InfrastructureForChargingOfElectricalVehicles,accord_official,ACCORD Official,33,209,1,0,0,0,0,0,1,0,1,1,1,0,0
The pollutant values in the location of the building exceed any of the limits in Table 2.1.,0,69_UK_DocF_V2_Ventilation,accord_official,ACCORD Official,18,91,0,0,0,1,0,0,0,0,1,1,0,0,1
The pollutant values in the location of the dwelling exceed any of the limits in Table 2.1.,0,121_UK_DocF_V1_Ventilation,accord_official,ACCORD Official,18,91,0,0,0,1,0,0,0,0,1,1,0,0,1
The potential consumption of wholesome water by persons occupying a new dwelling must not exceed the requirement in paragraph (2).,0,64_UK_DocG_Sanitation,accord_official,ACCORD Official,20,130,2,1,0,1,0,1,0,0,1,1,0,0,1
"The presence of doors, whether open or closed, should be apparent to visually impaired people through the careful choice of colour and material for the door and its surroundings.",1,91_UK_DocM_V2_AccessAndUseOfBuildings,accord_official,ACCORD Official,29,178,1,0,0,0,0,0,1,0,1,1,2,0,0
The presence of the door should be apparent not only when it is shut but also when it is open.,1,77_UK_DocM_V2_AccessAndUseOfBuildings,accord_official,ACCORD Official,20,94,1,0,1,0,0,0,1,0,1,1,0,0,0
The primary energy factor for the heat output should be taken as: 1/H  (F  PEF  E  PEE) where: H is the useful heat (excluding heat rejected) in kWhF is the fuel input in kWhPEF is the primary energy factor for the input fuel in kWhPE/kWhE is the electricity production from the scheme in kWhPEE is the primary energy factor for district heat CHP generated electricity in kWhPE/kWh.,0,71_UK_DocM_V2_AccessAndUseOfBuildings,accord_official,ACCORD Official,70,382,1,0,0,0,0,0,1,0,1,1,0,0,1
The proportionate figure limits the flow  rate/volume that can be specified to a proportion  equal to 70 per cent of the highest flow rate/  volume.,0,221_UK_DocG_Sanitation,accord_official,ACCORD Official,26,148,0,1,0,1,0,0,0,0,1,1,0,0,1
The provision made must be sufficient to (a) allow simple adaptation of the dwelling to meet the needs of occupants who use wheelchairs; or (b)  meet the needs of occupants who use wheelchairs.,1,65_UK_DocM_V1_AccessAndUseOfBuildings,accord_official,ACCORD Official,33,193,1,0,0,0,0,1,0,0,1,1,0,1,0
"The provision made must be sufficient to (a) meet the needs of occupants with differing needs, including some older or disabled people; and (b) to allow adaptation of the dwelling to meet the changing needs of occupants over time.",1,36_UK_DocM_V1_AccessAndUseOfBuildings,accord_official,ACCORD Official,39,230,1,0,0,0,0,1,0,0,1,1,1,1,0
"The provision of toilet accommodation will satisfy Requirement M1or M3 if:a. where there is space for only one toilet in a building, it is of a wheelchair-accessible unisex type, but of greater width to accommodate a standing height wash basin ; b. at least one wheelchair-accessible unisex toilet is provided at each location in a building where sanitary facilities are provided for use by customers and visitors to a building, or by people working in the building ; c. at least one WC cubicle is provided in separate-sex toilet accommodation for use by ambulant disabled people ; d. where there are four or more WC cubicles in separate-sex toilet accommodation, one of these is an enlarged cubicle for use by people who need extra space , in addition to any provision under 5.7(c); e. at least one changing places toilet is provided in the following types of building: a. assembly , recreation and entertainment buildings (see note) with a capacity for 350 or more people ; or a collection of smaller buildings associated with a site used for assembly , recreation or entertainment , such as zoos, theme parks and venues for sport and exhibitions, with a capacity of 2000 people or more ; b. shopping centres / malls or retail parks with a gross floor area of 30,000m2 or more ; c. retail premises with a gross floor area of 2500m2 or more; d. sport and leisure buildings with a gross floor area more than 5000m2; e. hospitals and primary care centres; f. crematoria and cemetery buildings.",0,161_UK_DocM_V2_AccessAndUseOfBuildings,accord_official,ACCORD Official,255,1492,0,1,4,1,0,0,0,0,1,1,11,10,4
The quality of the installation of the ventilator product should be checked to ensure it is correctly mounted within the wall or window aperture.,1,191_UK_DocF_V1_Ventilation,accord_official,ACCORD Official,24,145,1,0,1,0,0,0,1,0,1,1,0,0,0
"The rate of heat release from the appliance should be adjustable, using an adjustable damper or Others thermostatically controlled method.",1,280_UK_DocL_V1_ConsrvationOfFuelAndPower,accord_official,ACCORD Official,20,138,1,0,0,1,0,0,1,0,1,1,1,0,0
"The relationship between the kitchen, dining and living areas should be convenient and step-free.",1,91_UK_DocM_V1_AccessAndUseOfBuildings,accord_official,ACCORD Official,15,97,1,0,0,0,0,0,1,0,1,1,1,0,0
The relevant parts of Part 2 and 3 should be signed by a person who is competent to design the residential building.,1,109_UK_DocO_Overheating,accord_official,ACCORD Official,22,116,1,0,0,0,0,0,1,0,1,1,0,0,2
The relevant section of this checklist should be selected depending on the ventilation strategy selected.,0,266_UK_DocF_V1_Ventilation,accord_official,ACCORD Official,15,105,1,0,1,1,0,0,1,0,1,1,0,0,0
The relevant sections of Parts 2 and 3 should be signed by a person who is both competent to install the system and responsible for installing and commissioning the system.,0,263_UK_DocF_V1_Ventilation,accord_official,ACCORD Official,30,172,1,0,0,1,0,0,1,0,1,1,0,0,2
The renovation of a building where more than 25% of the surface area of the building envelope undergoes renovation.,1,123_UK_DocS_InfrastructureForChargingOfElectricalVehicles,accord_official,ACCORD Official,19,115,0,0,0,0,0,0,0,0,1,1,0,0,1
"The resilient layer should be timber sheathing at least 9mm thick, expanded metal or a similar resilient material.",1,14_UK_DocQ_Security_Dwellings,accord_official,ACCORD Official,18,114,1,1,0,0,0,0,1,0,1,1,1,0,0
The resilient layer should be to the full height of the door and 600mm either side of the doorset.,1,15_UK_DocQ_Security_Dwellings,accord_official,ACCORD Official,19,98,1,0,0,0,0,0,1,0,1,1,0,0,0
"The results of all pressure tests on buildings, including any test failures, should be reported to the building control body.",1,360_UK_DocM_V2_AccessAndUseOfBuildings,accord_official,ACCORD Official,20,125,1,0,0,0,0,0,1,0,1,1,2,0,0
"The results of all pressure tests on dwellings, including any test failures, should be reported to the building control body.",1,359_UK_DocL_V1_ConsrvationOfFuelAndPower,accord_official,ACCORD Official,20,125,1,0,0,0,0,0,1,0,1,1,2,0,0
The results should be recorded and  given to the building owner.,0,410_UK_DocL_V1_ConsrvationOfFuelAndPower,accord_official,ACCORD Official,11,64,1,0,0,0,0,0,1,0,1,1,0,0,0
The results should be recorded and given to the building owner with the manufacturers supporting literature.,0,408_UK_DocL_V1_ConsrvationOfFuelAndPower,accord_official,ACCORD Official,16,108,1,0,0,0,0,0,1,0,1,1,0,0,0
The results should be recorded and given to the building owner.,1,399_UK_DocM_V2_AccessAndUseOfBuildings,accord_official,ACCORD Official,11,63,1,0,0,0,0,0,1,0,1,1,0,0,0
The roof insulation should be installed when the eaves are still accessible.,1,169_UK_DocL_V1_ConsrvationOfFuelAndPower,accord_official,ACCORD Official,12,76,1,0,0,0,0,0,1,0,1,1,0,0,0
"The roof is braced at rafter level, horizontally at eaves level and at the base of any gable by roof decking, rigid sarking or diagonal timber bracing, as appropriate, in accordance with BS EN 199511:2004 with its UK National Annex and additional guidance given in BSI Published Document PD 66931:2012 or BS81033:2009.",0,69_UK_DocA_Structure,accord_official,ACCORD Official,55,318,0,0,0,1,0,0,0,0,1,1,4,0,5
The same CO2 emission factors used to calculate the dwelling emission rate should be used to check against the minimum performance standards described in Section 6 of this approved document.,0,78_UK_DocL_V1_ConsrvationOfFuelAndPower,accord_official,ACCORD Official,30,190,1,1,1,1,0,0,1,0,1,1,0,0,1
"The same approved calculation tool must be used to calculate the target primary energy rate, target emission rate and target fabric energy efficiency rate and the dwelling primary energy rate, dwelling emission rate and dwelling fabric energy efficiency rate.",1,56_UK_DocL_V1_ConsrvationOfFuelAndPower,accord_official,ACCORD Official,39,259,1,0,0,0,0,1,0,0,1,1,2,0,0
"The same approved calculation tool must be used to calculate the target primary energy rate, the target emission rate, the building primary energy rate and the building emission rate.",1,51_UK_DocM_V2_AccessAndUseOfBuildings,accord_official,ACCORD Official,29,183,1,0,0,0,0,1,0,0,1,1,2,0,0
"The seasonal efficiency of the appliance being replaced, if unknown, should be established by following the hierarchy set out below.",0,503_UK_DocM_V2_AccessAndUseOfBuildings,accord_official,ACCORD Official,20,132,1,0,0,0,0,0,1,0,1,1,2,0,0
The seasonal efficiency of the boiler should be determined using equation 6.1.,0,237_UK_DocM_V2_AccessAndUseOfBuildings,accord_official,ACCORD Official,13,78,1,0,0,0,0,0,1,0,1,1,0,0,1
The seasonal energy efficiency ratio of an air conditioner working in cooling mode should be a minimum of 4.0.,1,332_UK_DocL_V1_ConsrvationOfFuelAndPower,accord_official,ACCORD Official,20,110,1,1,0,0,0,0,1,0,1,1,0,0,1
The selection of fixings for supporting cladding should be determined from a consideration of the proven performance of the fixing and the risks associated with the particular application.,0,110_UK_DocA_Structure,accord_official,ACCORD Official,28,188,1,0,0,0,0,0,1,0,1,1,0,0,0
The selection of relevant critical situations for design should be made reflecting the conditions that can reasonably be foreseen during future use.,1,5_UK_DocA_Structure,accord_official,ACCORD Official,22,148,1,0,0,0,0,0,1,0,1,1,0,0,0
The service should be appropriate to the requirements of the space.,1,212_UK_DocM_V2_AccessAndUseOfBuildings,accord_official,ACCORD Official,11,67,1,0,0,0,0,0,1,0,1,1,0,0,0
The sign should be sited where a person installing an electric vehicle charge point in future will see it.,1,120_UK_DocS_InfrastructureForChargingOfElectricalVehicles,accord_official,ACCORD Official,19,106,1,0,0,1,0,0,1,0,1,1,0,0,0
The sign should be suitably weatherproof for its location.,1,119_UK_DocS_InfrastructureForChargingOfElectricalVehicles,accord_official,ACCORD Official,9,58,1,0,0,0,0,0,1,0,1,1,0,0,0
"The simplified method for limiting solar gains and providing a means of removing excess heat, as set out in Section 1.",0,21_UK_DocO_Overheating,accord_official,ACCORD Official,21,118,0,0,0,1,0,0,0,0,1,1,1,0,1
The sink is not more than 150mm deep with insulation to the underside to prevent scalding  of a wheelchair users legs.,1,96_UK_DocM_V1_AccessAndUseOfBuildings,accord_official,ACCORD Official,21,118,0,0,0,0,0,0,0,0,1,1,0,0,0
The site level of accessible entrances should be determined accordingly.,0,39_UK_DocM_V2_AccessAndUseOfBuildings,accord_official,ACCORD Official,10,72,1,0,0,0,0,0,1,0,1,1,0,0,0
The size of any opening in the buttressing wall should be restricted as shown in Diagram 12.,0,64_UK_DocA_Structure,accord_official,ACCORD Official,17,92,1,0,0,0,0,0,1,0,1,1,0,0,1
The smaller dimension of each panel  which can be either the width or height of the panel  should be 230mm or less.,1,33_UK_DocQ_Security_Dwellings,accord_official,ACCORD Official,22,115,1,0,0,0,0,0,1,0,1,1,0,0,0
The solar control provisions should be upgraded if either of the following criteria is met.,0,494_UK_DocM_V2_AccessAndUseOfBuildings,accord_official,ACCORD Official,15,91,1,0,1,0,0,0,1,0,1,1,0,0,0
"The solar gain per unit floor area averaged over the period 06:30 to 16:30 GMT, and when the building is subject to solar irradiances for July as given in the table of design irradiancies in CIBSEs Guide A, should not be greater than 25W/m2.",0,498_UK_DocM_V2_AccessAndUseOfBuildings,accord_official,ACCORD Official,47,241,1,1,1,1,0,0,1,0,1,1,2,0,4
The space between the air barrier and the insulation layer should be filled with solid material.,1,152_UK_DocM_V2_AccessAndUseOfBuildings | 191_UK_DocL_V1_ConsrvationOfFuelAndPower,accord_official,ACCORD Official,16,96,1,0,0,0,0,0,1,0,1,1,0,0,0
The specific fan power for mechanical ventilation systems should not exceed the following.,0,336_UK_DocL_V1_ConsrvationOfFuelAndPower,accord_official,ACCORD Official,13,90,1,1,1,0,0,0,1,0,1,1,0,0,0
"The specific fan power of air distribution systems at the design air flow rate should be no greater than in Table 6.9, as adjusted by the appropriate factors within this table.",0,301_UK_DocM_V2_AccessAndUseOfBuildings,accord_official,ACCORD Official,32,176,1,1,1,1,0,0,1,0,1,1,1,0,1
The specification of comfort cooling systems should be based on a heat gain calculation for the dwelling.,1,330_UK_DocL_V1_ConsrvationOfFuelAndPower,accord_official,ACCORD Official,17,105,1,0,0,0,0,0,1,0,1,1,0,0,0
"The specification of comfort cooling systems should be based on an appropriate heat gain calculation for the building, based on CIBSEs Guide A.",0,270_UK_DocM_V2_AccessAndUseOfBuildings,accord_official,ACCORD Official,23,143,1,0,0,0,0,0,1,0,1,1,1,0,0
"The specification of space heating systems should be based on an appropriate heat loss calculation for the building, based on BS EN 128311 and CIBSEs Guide B1.",0,207_UK_DocM_V2_AccessAndUseOfBuildings,accord_official,ACCORD Official,27,159,1,0,0,0,0,0,1,0,1,1,1,0,1
The specification of space heating systems should be based on both of the following.,0,236_UK_DocL_V1_ConsrvationOfFuelAndPower,accord_official,ACCORD Official,14,84,1,0,1,0,0,0,1,0,1,1,0,0,0
"The specification of ventilation systems should be based on the ventilation needs of the building, in accordance with Approved Document F, Volume 2: Buildings Others than dwellings.",0,296_UK_DocM_V2_AccessAndUseOfBuildings,accord_official,ACCORD Official,27,181,1,0,0,0,0,0,1,0,1,1,2,0,1
The standards in BS EN 509 should be met.,0,272_UK_DocL_V1_ConsrvationOfFuelAndPower,accord_official,ACCORD Official,9,41,1,0,0,0,0,0,1,0,1,1,0,0,1
"The strength of fixings should be derived from tests using materials representative of the material into which the fixing is to be anchored, taking account of any inherent weaknesses that may affect the strength of the fixing, e.g. cracks in concrete due to shrinkage and flexure, or voids in masonry construction.",1,112_UK_DocA_Structure,accord_official,ACCORD Official,52,314,2,0,0,0,0,0,1,1,1,1,3,0,0
The submission should demonstrate how the building could reasonably meet the energy efficiency requirements after fitout.,0,95_UK_DocM_V2_AccessAndUseOfBuildings,accord_official,ACCORD Official,16,121,1,0,0,0,0,0,1,0,1,1,0,0,0
The sum of all extract ventilation in the dwelling on its continuous rate should be at least the whole dwelling ventilation rate given in Table 1.3.,0,39_UK_DocF_V1_Ventilation,accord_official,ACCORD Official,27,148,1,1,0,1,0,0,1,0,1,1,0,0,1
The supply rate to the additional room should be determined as follows.,0,154_UK_DocF_V1_Ventilation,accord_official,ACCORD Official,12,71,1,0,0,0,0,0,1,0,1,1,0,0,0
The system can be overridden by a door reactivating device that relies on appropriate electronic methods (but not a door edge pressure system); provided that the lift door remains fully open for at least three seconds.,1,24_UK_DocM_V1_AccessAndUseOfBuildings,accord_official,ACCORD Official,36,218,0,1,0,0,0,0,0,0,1,1,0,1,0
The system should be installed in accordance with BS 5864.,0,266_UK_DocL_V1_ConsrvationOfFuelAndPower,accord_official,ACCORD Official,10,58,1,0,0,0,0,0,1,0,1,1,0,0,1
The system should be specified and installed according to the manufacturers instructions to ensure that its overall performance meets a reasonable standard.,0,339_UK_DocL_V1_ConsrvationOfFuelAndPower,accord_official,ACCORD Official,22,156,1,0,0,0,0,0,1,0,1,1,0,0,0
The system should be specified and installed according to the manufacturers instructions to ensure that the overall performance of the system meets a reasonable standard.,0,343_UK_DocL_V1_ConsrvationOfFuelAndPower,accord_official,ACCORD Official,25,170,1,0,0,0,0,0,1,0,1,1,0,0,0
The system should be specified and installed according to the manufacturers instructions to ensure the overall performance of the system meets a reasonable standard.,1,332_UK_DocM_V2_AccessAndUseOfBuildings,accord_official,ACCORD Official,24,165,1,0,0,0,0,0,1,0,1,1,0,0,0
The systems should be subdivided into separate control zones for areas of the building for which any of the following are significantly different.,0,273_UK_DocM_V2_AccessAndUseOfBuildings | 303_UK_DocM_V2_AccessAndUseOfBuildings,accord_official,ACCORD Official,23,146,1,0,1,0,0,0,1,0,1,1,0,0,0
The systems should be subdivided into separate control zones for areas of the building in which any of the following are significantly different.,0,210_UK_DocM_V2_AccessAndUseOfBuildings,accord_official,ACCORD Official,23,145,1,0,1,0,0,0,1,0,1,1,0,0,0
"The target primary energy rate and target emission rate must be calculated using one of the calculation tools in the approved methodology, used in line with the version policy as stated in the methodology.",1,49_UK_DocM_V2_AccessAndUseOfBuildings,accord_official,ACCORD Official,34,205,1,0,0,0,0,1,0,0,1,1,1,0,0
"The term controlled fitting refers to the entire unit of a window, roof window, rooflight or door, including the frame.",1,423_UK_DocL_V1_ConsrvationOfFuelAndPower,accord_official,ACCORD Official,20,119,0,0,1,0,0,0,0,0,1,1,3,0,0
The termination points of cable duct should be sited where access to maintain in future is unrestricted.,1,113_UK_DocS_InfrastructureForChargingOfElectricalVehicles,accord_official,ACCORD Official,17,104,1,0,0,0,0,0,1,0,1,1,0,0,0
The test data should be certified by a notified body.,1,194_UK_DocM_V2_AccessAndUseOfBuildings | 222_UK_DocL_V1_ConsrvationOfFuelAndPower,accord_official,ACCORD Official,10,53,1,0,0,0,0,0,1,0,1,1,0,0,0
The text should be displayed over three lines.,1,118_UK_DocS_InfrastructureForChargingOfElectricalVehicles,accord_official,ACCORD Official,8,46,1,0,0,0,0,0,1,0,1,1,0,0,0
"The thickness of walls constructedin uncoursed stone, flints, clunches, bricks orOthers burnt or vitrified material should not beless than 1.33 times the thickness determined by paragraph 2C6.",0,33_UK_DocA_Structure,accord_official,ACCORD Official,28,192,1,1,0,1,0,0,1,0,1,1,3,0,1
The three-part form should be completed for each installation address.,1,264_UK_DocF_V1_Ventilation,accord_official,ACCORD Official,11,70,1,0,0,0,0,0,1,0,1,1,0,0,0
The time of day that different parts of the strategy should be used.,0,95_UK_DocO_Overheating,accord_official,ACCORD Official,13,68,1,0,0,0,0,0,1,0,1,1,0,0,0
The total combined rate of continuous mechanical extract ventilation in the dwelling should be at least the whole dwelling ventilation rate in Table 1.3.,0,103_UK_DocF_V1_Ventilation,accord_official,ACCORD Official,25,153,1,1,0,1,0,0,1,0,1,1,0,0,1
The total number of associated parking spaces which have access to either: a. cable routes; b. an electric vehicle charge point should be the greater of the following: a. the number of dwellings in the residential building; b. the number of associated parking spaces.,1,59_UK_DocS_InfrastructureForChargingOfElectricalVehicles,accord_official,ACCORD Official,44,267,1,0,1,0,0,0,1,0,1,1,0,2,0
"The total number of ventilators installed in a dwellings habitable rooms and kitchens should be no fewer than five, except in one bedroom properties, where there should be no fewer than four.",1,96_UK_DocF_V1_Ventilation,accord_official,ACCORD Official,32,191,1,0,0,1,0,0,1,0,1,1,2,0,0
The total number of ventilators installed in the dwellings habitable rooms and kitchens should be at least the following: Five ventilators if the dwelling has more than one bedroom.,1,89_UK_DocF_V1_Ventilation,accord_official,ACCORD Official,29,181,1,1,1,1,0,0,1,0,1,1,0,0,0
The total supply air flow should be distributed proportionately to the volume of each habitable room.,1,105_UK_DocF_V1_Ventilation,accord_official,ACCORD Official,16,101,1,0,0,1,0,0,1,0,1,1,0,0,0
"The tundish should be vertical, located in the same space as the unvented hot water storage system and be fitted as close as possible to, and lower than, the safety device, with no more than 600mm of pipe between the valve outlet and the tundish (see Diagram 1).",0,132_UK_DocG_Sanitation,accord_official,ACCORD Official,48,262,1,1,0,1,0,0,1,0,1,1,4,0,1
"The type and quality of public address, hearing enhancement and telephone systems should be chosen carefully to ensure intelligibility.",1,151_UK_DocM_V2_AccessAndUseOfBuildings,accord_official,ACCORD Official,19,135,1,0,0,0,0,0,1,0,1,1,1,0,0
The upgraded system should meet at least one of the following four criteria.,0,497_UK_DocM_V2_AccessAndUseOfBuildings,accord_official,ACCORD Official,13,76,1,1,1,0,0,0,1,0,1,1,0,0,0
The use of boards with lapped or tongue and groove edges should be considered.,1,146_UK_DocL_V1_ConsrvationOfFuelAndPower,accord_official,ACCORD Official,14,78,1,0,0,0,0,0,1,0,1,1,0,0,0
The use of this section.,0,24_UK_DocA_Structure,accord_official,ACCORD Official,5,24,0,0,1,1,0,0,0,0,1,1,0,0,0
The use of this table is not appropriate in any of the following situations and expert advice should be sought.,0,92_UK_DocF_V1_Ventilation,accord_official,ACCORD Official,20,111,1,0,2,1,0,0,1,0,1,1,0,0,0
The use of visually and acoustically reflective wall surfaces should be minimised within the lifting platform to prevent discomfort for people with visual and hearing impairment.,1,116_UK_DocM_V2_AccessAndUseOfBuildings,accord_official,ACCORD Official,26,178,1,0,0,0,0,0,1,0,1,1,0,0,0
The value of the consequential improvement works should not be less than 10 of the value of the principal works.,1,452_UK_DocM_V2_AccessAndUseOfBuildings,accord_official,ACCORD Official,20,112,1,1,0,0,0,0,1,0,1,1,0,0,1
The value of the seasonal energy efficiency ratio (SEER) and the seasonal coefficient of performance (SCOP) should be determined using BS EN 14825 with average climate data; in conjunction with the Ecodesign Commission Regulation No.,0,278_UK_DocM_V2_AccessAndUseOfBuildings,accord_official,ACCORD Official,35,233,1,0,0,0,0,0,1,0,1,1,0,1,1
"The value of these consequential improvements should not be less than 10 of the value of the principal works, excluding the value of any work to improve Others energy efficiency aspects of the building served by the services in meeting paragraph 12.6b.",0,454_UK_DocM_V2_AccessAndUseOfBuildings,accord_official,ACCORD Official,43,252,1,1,1,1,0,0,1,0,1,1,1,0,2
The value used in the calculation for the fraction of heat provided by the secondary heating system must be as defined by the Standard Assessment Procedure for the particular combination of main heating system and secondary heating appliance.,0,72_UK_DocL_V1_ConsrvationOfFuelAndPower,accord_official,ACCORD Official,38,242,1,0,0,0,0,1,0,0,1,1,0,0,0
"The various enduse categories, such as heating, lighting and cooling, should be submetered in such a way that at least 90 of the annual energy consumption of each fuel can be assigned to an enduse.",1,227_UK_DocM_V2_AccessAndUseOfBuildings,accord_official,ACCORD Official,35,197,1,1,1,0,0,0,1,0,1,1,3,0,1
"The wall ties should have a horizontal spacing of 900mm and a vertical spacing of 450mm, or alternatively should be spaced such that the number of wall ties per square metre is not less than 2.5 ties/m2.",1,36_UK_DocA_Structure,accord_official,ACCORD Official,39,203,1,2,1,0,0,0,1,0,1,1,1,0,1
The warning should be placed sufficiently in advance of the hazard to allow time to stop and not be so narrow that it might be missed in a single stride.,1,53_UK_DocM_V2_AccessAndUseOfBuildings,accord_official,ACCORD Official,30,153,1,0,1,0,0,0,1,0,1,1,0,0,0
The water heater is close to the draw-off points and has a storage capacity no greater than 100 litres.,1,463_UK_DocM_V2_AccessAndUseOfBuildings,accord_official,ACCORD Official,20,103,0,1,0,0,0,0,0,0,1,1,0,0,1
The water heater is situated centrally with a distribution system to supply water to the drawoff points and has a capacity greater than 300 litres.,1,456_UK_DocM_V2_AccessAndUseOfBuildings,accord_official,ACCORD Official,25,147,0,1,0,0,0,0,0,0,1,1,0,0,1
The water used by sanitary appliances and relevant white goods in a new dwelling should be calculated using the manufacturers declared value for water consumption of each of those appliances and white goods.,1,72_UK_DocG_Sanitation,accord_official,ACCORD Official,33,207,1,0,1,0,0,0,1,0,1,1,0,0,0
The weighting should be based on the anticipated usage of those fuels.,0,61_UK_DocM_V2_AccessAndUseOfBuildings,accord_official,ACCORD Official,12,70,1,0,1,0,0,0,1,0,1,1,0,0,0
The whole building ventilation rate should be met.,1,47_UK_DocF_V2_Ventilation,accord_official,ACCORD Official,8,50,1,0,0,0,0,0,1,0,1,1,0,0,0
The width of a single opening or the combined width of two openings should not exceed 5m.,1,84_UK_DocA_Structure,accord_official,ACCORD Official,17,89,1,1,0,0,0,0,1,0,1,1,0,0,0
The written guidance should be as described in the following paragraphs.,0,177_UK_DocF_V1_Ventilation,accord_official,ACCORD Official,11,72,1,0,2,1,0,0,1,0,1,1,0,0,0
"There are no limits on the design of display windows and similar glazing, but for new buildings their impact must be taken into account in the calculation of primary energy and CO2 emissions.",1,138_UK_DocM_V2_AccessAndUseOfBuildings,accord_official,ACCORD Official,33,191,1,0,0,0,0,1,0,0,1,1,1,0,0
There is a minimum of 400mm of worktop to at least one side of the oven and fridge or fridge freezer where this is taller than the worktop height (or to one side of a pair of tall appliances where they are located together at the end of a run).,1,98_UK_DocM_V1_AccessAndUseOfBuildings,accord_official,ACCORD Official,50,244,0,2,2,0,0,0,0,0,1,1,0,0,0
"There must be a suitable installation for the provision of heated wholesome water or heated softened wholesome water to: (a) any washbasin or bidet provided in or adjacent to a room containing a sanitary convenience; (b) any washbasin, bidet, fixed bath and shower in a bathroom; and (c) any sink provided in any area where food is prepared.",1,87_UK_DocG_Sanitation,accord_official,ACCORD Official,58,341,1,0,0,1,0,1,0,0,1,1,2,2,0
There must be a suitable installation for the provision of water of suitable quality to any sanitary convenience fitted with a flushing device.,1,60_UK_DocG_Sanitation,accord_official,ACCORD Official,23,143,1,0,0,1,0,1,0,0,1,1,0,0,0
"There must be a suitable installation for the provision of: (a) wholesome water to any place where drinking water is  drawn off; (b) wholesome water or softened wholesome water to any  washbasin or bidet provided in or adjacent to a room containing a sanitary convenience; (c) wholesome water or softened wholesome water to any washbasin, bidet, fixed bath or shower in a bathroom; and (d) wholesome water to any sink provided in any area where food is prepared.",1,59_UK_DocG_Sanitation,accord_official,ACCORD Official,78,462,1,0,0,1,0,1,0,0,1,1,2,3,0
There shall be adequate means of ventilation provided for people in the building.,1,15_UK_DocF_V1_Ventilation | 15_UK_DocF_V2_Ventilation,accord_official,ACCORD Official,13,81,1,0,0,0,1,0,0,0,1,1,0,0,0
"There should be a supply rate, in the absence of tobacco smoke or Others excessive pollutants, of 10 litres per second per person.",1,114_UK_DocF_V2_Ventilation,accord_official,ACCORD Official,23,130,1,0,0,0,0,0,1,0,1,1,2,0,1
There should be no visible mould on the inner surfaces of external walls of a properly heated building with typical moisture generation.,1,115_UK_DocF_V2_Ventilation,accord_official,ACCORD Official,22,136,1,0,0,0,0,0,1,0,1,1,0,0,0
"There should be sufficient space for people to approach the building, pass Otherss who are travelling in the opposite direction and carry out all necessary manoeuvres.",1,43_UK_DocM_V2_AccessAndUseOfBuildings,accord_official,ACCORD Official,26,167,1,0,0,0,0,0,1,0,1,1,1,0,0
There should not be: a. non-engineered fill (as described in BREDigest 427) or wide variation in ground conditions within the loaded area; nor b. weaker or more compressible ground at such a depth below the foundation as could impair the stability of the structure.,0,92_UK_DocA_Structure,accord_official,ACCORD Official,45,265,1,0,2,0,0,0,1,0,1,1,0,1,1
"Therefore the maximum permitted length equates to 5.8m  which, is less than the actual length of 7m therefore calculate  the next largest size.",0,143_UK_DocG_Sanitation,accord_official,ACCORD Official,24,143,0,2,0,0,0,0,0,0,1,1,1,0,1
"Therefore, when extending or altering an electrical installation, only the new work must meet current standards.",0,14_UK_DocP_ElectricalSafety,accord_official,ACCORD Official,16,112,1,0,0,0,0,1,0,0,1,1,2,0,0
Thermal bridges should be assessed in a new dwelling using one of the following methods.,0,172_UK_DocL_V1_ConsrvationOfFuelAndPower,accord_official,ACCORD Official,15,88,1,0,1,0,0,0,1,0,1,1,0,0,0
"Thermal bridging, including at the party wall, should be reasonably limited.",1,150_UK_DocM_V2_AccessAndUseOfBuildings,accord_official,ACCORD Official,11,76,1,0,0,0,0,0,1,0,1,1,2,0,0
"Thermal elements within heated areas served that have Uvalues higher than those set out in Table 4.2, column (a), should be replaced or renovated following the guidance in Section 10 or Section 11 of this approved document.",0,493_UK_DocM_V2_AccessAndUseOfBuildings,accord_official,ACCORD Official,38,223,1,0,2,2,0,0,1,0,1,1,2,0,3
"Thermal elements within the area served that have Uvalues higher than those in Table 4.2, column (a), should be replaced or renovated following the guidance in Section 10 or Section 11 of this approved document.",0,491_UK_DocM_V2_AccessAndUseOfBuildings,accord_official,ACCORD Official,36,211,1,0,2,2,0,0,1,0,1,1,2,0,3
Thermostatic room controls.,0,219_UK_DocM_V2_AccessAndUseOfBuildings | 249_UK_DocL_V1_ConsrvationOfFuelAndPower,accord_official,ACCORD Official,3,27,0,0,0,0,0,0,0,0,1,1,0,0,0
These calculations should be submitted to the building control body.,0,94_UK_DocM_V2_AccessAndUseOfBuildings,accord_official,ACCORD Official,10,68,1,0,1,0,0,0,1,0,1,1,0,0,0
These factors should be used in the calculations of the dwelling primary energy rate and dwelling emission rate.,0,77_UK_DocL_V1_ConsrvationOfFuelAndPower,accord_official,ACCORD Official,18,112,1,0,1,0,0,0,1,0,1,1,0,0,0
These fittings should not exceed a centre pane U-value of 1.2W/(m2K).,1,118_UK_DocL_V1_ConsrvationOfFuelAndPower | 134_UK_DocM_V2_AccessAndUseOfBuildings,accord_official,ACCORD Official,14,69,1,1,1,0,0,0,1,0,1,1,0,0,1
These limits should be applied when following the guidance in CIBSEs TM59.,0,48_UK_DocO_Overheating,accord_official,ACCORD Official,12,74,1,0,1,0,0,0,1,0,1,1,0,0,0
"These measures should be installed at least to the extent outlined to meet the reasonable provision criterion, based on the value of the principal works, as outlined in Section 12.ItemImprovement measureIf the installed capacity per unit area of a heating system is increased, both of the following apply.",0,490_UK_DocM_V2_AccessAndUseOfBuildings,accord_official,ACCORD Official,49,305,1,1,3,1,0,0,1,0,1,1,3,0,1
These shall be in addition to  any thermostat provided to control the desired  temperature of the stored water.,0,103_UK_DocG_Sanitation,accord_official,ACCORD Official,18,111,1,0,1,0,1,0,0,0,1,1,0,0,0
These should be capable of  being used to separately adapt the heating output in each room served by the heating appliance.,0,251_UK_DocL_V1_ConsrvationOfFuelAndPower,accord_official,ACCORD Official,21,123,1,0,1,0,0,0,1,0,1,1,0,0,0
These should be capable of being used to separately adapt the heating or cooling output in each room served by the heating or cooling appliance.,1,221_UK_DocM_V2_AccessAndUseOfBuildings,accord_official,ACCORD Official,25,144,1,0,1,0,0,0,1,0,1,1,0,0,0
"These should be installed at least to the extent outlined in Table D1, based on the value of the principal works, as outlined in Section 12.",0,479_UK_DocM_V2_AccessAndUseOfBuildings,accord_official,ACCORD Official,26,140,1,1,1,2,0,0,1,0,1,1,2,0,1
They have a U-value higher than either of the following.,0,444_UK_DocM_V2_AccessAndUseOfBuildings | 450_UK_DocL_V1_ConsrvationOfFuelAndPower,accord_official,ACCORD Official,11,56,0,0,2,0,0,0,0,0,1,1,0,0,0
"They should be provided with spaces into which they can manoeuvre easily, and which offer them a clear view of an event, while ensuring they are not segregated into special areas.",0,130_UK_DocM_V2_AccessAndUseOfBuildings,accord_official,ACCORD Official,31,179,1,0,1,0,0,0,1,0,1,1,2,0,0
"Thickness of masonry walls in certain residential buildings of not more than three storeys, small single-storey non-residential buildings and annexes.",0,11_UK_DocA_Structure,accord_official,ACCORD Official,22,150,0,0,0,1,0,0,0,0,1,1,1,0,0
"This  may be used for those building types not set out  in paragraph 4.12 above or for those workplaces  where the applicant wishes to provide more than the  minimum recommended in the Approved Code of  Practice, for example, to deliver equivalent provision  for men and women.",0,186_UK_DocG_Sanitation,accord_official,ACCORD Official,47,277,1,1,2,1,0,0,0,1,1,1,2,0,1
This Approved Document deals with the following Requirement from Part D of Schedule 1 to the Building Regulations 2010.,0,5_UK_DocD_ToxicSubstances,accord_official,ACCORD Official,19,119,0,0,2,1,0,0,0,0,1,1,0,0,2
This analysis should be considered when designing the building.,0,114_UK_DocM_V2_AccessAndUseOfBuildings,accord_official,ACCORD Official,9,63,1,0,1,0,0,0,1,0,1,1,0,0,0
This analysis should be considered when designing the dwelling.,0,95_UK_DocL_V1_ConsrvationOfFuelAndPower,accord_official,ACCORD Official,9,63,1,0,1,0,0,0,1,0,1,1,0,0,0
This approved document sets standards that should be met when installing fixed building services or onsite electricity generation.,0,231_UK_DocM_V2_AccessAndUseOfBuildings | 258_UK_DocL_V1_ConsrvationOfFuelAndPower,accord_official,ACCORD Official,18,130,1,0,1,0,0,0,1,0,1,1,0,0,0
This can be done within one system of gigabit-ready physical infrastructure with capacity to host more than one type of connection.,0,40_UK_DocR_V1_InfrastructureForElectircalCommunications,accord_official,ACCORD Official,22,131,0,0,1,0,0,0,0,0,1,1,0,0,0
"This could take the form of schematic diagrams, maps setting out the site layout and written evidence.",0,18_UK_DocR_V1_InfrastructureForElectircalCommunications,accord_official,ACCORD Official,17,102,0,0,1,0,0,0,0,0,1,1,1,0,0
This evidence should be written confirmation obtained from either the distribution network operator or a suitable expert.,0,42_UK_DocS_InfrastructureForChargingOfElectricalVehicles,accord_official,ACCORD Official,17,121,1,0,1,1,0,0,1,0,1,1,0,0,0
This figure should be  determined from manufacturers product  details.,0,226_UK_DocG_Sanitation,accord_official,ACCORD Official,9,70,1,0,1,1,0,0,1,0,1,1,0,0,0
This grippable handrail is 8501000mm above the pitch line of the flight and extends at least 300mm beyond the top and bottom nosings.,1,73_UK_DocM_V1_AccessAndUseOfBuildings,accord_official,ACCORD Official,23,133,0,1,1,0,0,0,0,0,1,1,0,0,0
"This is restricted  to a single appliance and any associated  controls and must not be connected to, or  form part of, any Others fixed building service.",0,53_UK_DocG_Sanitation,accord_official,ACCORD Official,26,153,2,0,1,0,0,1,0,0,1,1,2,0,0
"This is so that, where the average flow  rate/volume is significantly lower than the highest  flow rate/volume specified, the calculation sets a  limitation for what figure can be assumed.",0,222_UK_DocG_Sanitation,accord_official,ACCORD Official,31,188,0,0,1,1,0,0,0,0,1,1,2,0,0
This may be achieved using CO2 monitors or Others means of measuring indoor air quality.,0,38_UK_DocF_V2_Ventilation,accord_official,ACCORD Official,15,88,1,0,1,0,0,0,0,1,1,1,0,0,0
"This may be determined using any of the following methods, and should be recorded in the building log book: a. design calculations; b. energy benchmarks; c. an energy forecasting methodology such as CIBSEs TM54; d. Others building modelling or spreadsheet toolse.  any combination of (a) to (d).",0,395_UK_DocM_V2_AccessAndUseOfBuildings,accord_official,ACCORD Official,47,295,2,0,3,0,0,0,1,1,1,1,1,3,0
"This means a complete installation that measures, records, transmits, analyses, reports and communicates meaningful energy management information to enable the operator to manage the energy it uses.",0,74_UK_DocM_V2_AccessAndUseOfBuildings,accord_official,ACCORD Official,27,198,0,0,2,0,0,0,0,0,1,1,4,0,0
"This means that alterations to features relevant to the compliance of a building with Part M, such as entrances or arrangements for people to get from one level to anOthers within the building, must result in features that comply with Requirement M1.",0,7_UK_DocM_V2_AccessAndUseOfBuildings,accord_official,ACCORD Official,42,250,1,0,2,0,0,1,0,0,1,1,2,0,0
This means that in some cases the existing electrical installation will need to be upgraded to meet current standards.,0,11_UK_DocP_ElectricalSafety,accord_official,ACCORD Official,19,118,0,0,1,0,0,0,0,0,1,1,0,0,0
This means that whenever such changes occur  the building must be brought up to the standards  required by Parts G1 and G3 to G6.,0,50_UK_DocG_Sanitation,accord_official,ACCORD Official,24,129,1,0,2,0,0,1,0,0,1,1,0,0,0
This must be carried out both at the design stage and when work is complete.,0,47_UK_DocL_V1_ConsrvationOfFuelAndPower | 48_UK_DocM_V2_AccessAndUseOfBuildings,accord_official,ACCORD Official,15,76,1,0,1,0,0,1,0,0,1,1,0,0,0
"This ratio, in steadystate conditions, is numerically equal to the equilibrium relative humidity of the air, except that the latter is commonly expressed as a percentage.",0,112_UK_DocF_V2_Ventilation | 247_UK_DocF_V1_Ventilation,accord_official,ACCORD Official,26,170,0,1,1,0,0,0,0,0,1,1,3,0,0
"This section applies only to buildings having proportions within the following parameters (see Diagrams 1 and 2): a. residential buildings of not more than three storeys: i. the maximum height of the building measured from the lowest finished ground level adjoining the building to the highest point of any wall or roof should not begreater than 15m, subject to the limits of paragraph 2C16.",0,28_UK_DocA_Structure,accord_official,ACCORD Official,64,391,1,2,2,3,0,0,1,0,1,1,1,0,2
This section deals with requirement RA2 from Part R of Schedule 1 and regulation 44ZC of the Building Regulations 2010.,0,30_UK_DocR_V1_InfrastructureForElectircalCommunications,accord_official,ACCORD Official,20,119,0,0,1,2,0,0,0,0,1,1,0,0,2
"This shall comprise both vertical supportand horizontal restraint, andc. provision is made, where necessary, toaccommodate differential movement of thecladding and the supporting structure of thebuilding, andd. the cladding and its fixings (includingany support components) are of durablematerials; the design life of the fixings beingnot less than that of the cladding.",0,101_UK_DocA_Structure,accord_official,ACCORD Official,50,370,1,2,1,0,1,0,0,0,1,1,4,1,0
This should be demonstrated through seeking expert advice or using anOthers suitable method.,0,139_UK_DocF_V1_Ventilation,accord_official,ACCORD Official,13,92,1,0,1,1,0,0,1,0,1,1,0,0,0
This should be determined according to BS EN 145112.,0,272_UK_DocM_V2_AccessAndUseOfBuildings,accord_official,ACCORD Official,9,52,1,0,1,0,0,0,1,0,1,1,0,0,1
This should be determined using the orientation of the faade that has the largest area of glazing.,0,29_UK_DocO_Overheating | 30_UK_DocO_Overheating,accord_official,ACCORD Official,17,98,1,0,1,0,0,0,1,0,1,1,0,0,0
"This should include an explanation of how new dwellings are in an area that is isolated from a relevant connection, that the cost of providing a USOstandard public electronic communications network connection exceeds the cost cap and why the prospect of a connection to a relevant network in the isolated area is considered too remote to justify equipping the building with the relevant gigabit-ready physical infrastructure.",0,9_UK_DocR_V1_InfrastructureForElectircalCommunications,accord_official,ACCORD Official,67,425,1,0,1,0,0,0,1,0,1,1,1,0,0
"This test should be conducted on the entire system, which typically comprises the heat pump, header pipes, manifold and all ground arrays.",0,389_UK_DocL_V1_ConsrvationOfFuelAndPower,accord_official,ACCORD Official,22,138,1,0,1,0,0,0,1,0,1,1,3,0,0
This value should be used to calculate the building emission rate and primary energy rate.,0,287_UK_DocM_V2_AccessAndUseOfBuildings,accord_official,ACCORD Official,15,90,1,0,1,0,0,0,1,0,1,1,0,0,0
Through-floor lifting device provision.,0,80_UK_DocM_V1_AccessAndUseOfBuildings,accord_official,ACCORD Official,5,39,0,0,0,0,0,0,0,0,1,1,0,0,0
Timber joist hangers should be considered as an alternative to penetrating through the inner leaf.,0,183_UK_DocL_V1_ConsrvationOfFuelAndPower,accord_official,ACCORD Official,15,98,1,0,0,0,0,0,1,0,1,1,0,0,0
Timing and temperature demand control should be provided.,1,257_UK_DocM_V2_AccessAndUseOfBuildings,accord_official,ACCORD Official,8,57,1,0,0,0,0,0,1,0,1,1,0,0,0
"To allow for basic hygiene, hand washing  facilities should be located in: a. the room containing the sanitary convenience; or  b. an adjacent room or place that provides the sole means of access to the room containing the sanitary convenience (provided that it is not used for the preparation of food).",1,180_UK_DocG_Sanitation,accord_official,ACCORD Official,51,303,1,0,1,0,0,0,1,0,1,1,1,1,0
"To avoid air movement within thermal elements in new and existing buildings, either of the following measures should be implemented.",0,151_UK_DocM_V2_AccessAndUseOfBuildings,accord_official,ACCORD Official,20,132,1,0,1,0,0,0,1,0,1,1,1,0,0
"To avoid air movement within thermal elements, either of the following measures should be implemented.",0,190_UK_DocL_V1_ConsrvationOfFuelAndPower,accord_official,ACCORD Official,15,102,1,0,1,0,0,0,1,0,1,1,1,0,0
To avoid this one of the following should be adopted.,0,106_UK_DocK_ProtectionFromFalling,accord_official,ACCORD Official,10,53,1,0,2,0,0,0,1,0,1,1,0,0,0
"To correctly assess whether an element meets the limiting U-value, the U-value must be calculated for the element in the appropriate plane  either horizontal or vertical.",1,128_UK_DocM_V2_AccessAndUseOfBuildings,accord_official,ACCORD Official,28,170,1,0,0,0,0,1,0,0,1,1,1,0,0
"To correctly assess whether an element meets the limiting U-value, the U-value must be calculated for the element in the appropriate plane - either horizontal or vertical.",1,109_UK_DocL_V1_ConsrvationOfFuelAndPower,accord_official,ACCORD Official,28,171,1,0,0,0,0,1,0,0,1,1,1,0,0
"To ensure that provision can be made for a wheelchair user to access to all parts of a dwelling on more than one floor level, the dwelling should comply with either the requirements of paragraph 3.28 for a wheelchair adaptable dwelling or 3.29 for a wheelchair accessible dwelling.",0,81_UK_DocM_V1_AccessAndUseOfBuildings,accord_official,ACCORD Official,50,281,1,0,0,2,0,0,1,0,1,1,1,0,2
"To make suitable and convenient provision for a wheelchair user to use a WC, the dwelling should comply with all of the following.",0,111_UK_DocM_V1_AccessAndUseOfBuildings,accord_official,ACCORD Official,23,130,1,0,1,1,0,0,1,0,1,1,1,0,0
To provide an appropriate means of removing excess heat from the indoor environment  follow paragraphs 1.10 to 1.13.,0,26_UK_DocO_Overheating,accord_official,ACCORD Official,20,116,0,0,0,1,0,0,0,0,1,1,0,0,2
"To provide easy access between rooms on the entrance storey, a stepped change of level within the entrance storey should be avoided where possible.",1,27_UK_DocM_V1_AccessAndUseOfBuildings,accord_official,ACCORD Official,24,147,1,0,0,0,0,0,1,0,1,1,1,0,0
To reduce the risks to the health of persons in buildings formaldehyde fumes given off by urea formaldehyde foams should not penetrate to occupied parts of buildings to an extent which would give rise to an irritant concentration.,1,4_UK_DocD_ToxicSubstances,accord_official,ACCORD Official,38,230,1,0,0,0,0,0,1,0,1,1,0,0,0
To reduce the risks to the health of persons in buildings formaldehyde fumes given off by urea formaldehyde foams should not penetrate to the occupied parts of buildings to an extent which would give rise to an irritant concentration.,1,12_UK_DocD_ToxicSubstances,accord_official,ACCORD Official,39,234,1,0,0,0,0,0,1,0,1,1,0,0,0
To show that the connection cost is greater than 3600 at least two formal quotes should be given to the building control body during the notice/plans stage as follows.,0,21_UK_DocS_InfrastructureForChargingOfElectricalVehicles,accord_official,ACCORD Official,30,167,1,2,0,0,0,0,1,0,1,1,0,0,1
"To support the approaches in paragraph 4.11a, it should be demonstrated to the building control body that an appropriate system of site inspection is in place to give confidence that the construction procedures achieve the required standards.",0,157_UK_DocM_V2_AccessAndUseOfBuildings,accord_official,ACCORD Official,38,242,1,0,1,1,0,0,1,0,1,1,1,0,1
"To use the tables for bottom and top hung windows, the h and w should be reversed.",0,111_UK_DocO_Overheating,accord_official,ACCORD Official,17,82,1,0,0,1,0,0,1,0,1,1,1,0,0
"To verify that the design and installation of electrical work is adequate, and that installations will be safe to use, maintain and alter, the electrical work should be inspected and tested in accordance with the procedures in BS 7671.",0,23_UK_DocP_ElectricalSafety,accord_official,ACCORD Official,39,235,1,0,0,0,0,0,1,0,1,1,3,0,1
Tolerance around a window or door unit and the surrounding opening should be minimal and be in accordance with BS 82134.,0,138_UK_DocL_V1_ConsrvationOfFuelAndPower,accord_official,ACCORD Official,21,120,1,0,1,0,0,0,1,0,1,1,0,0,1
"Tundish means a device, installed in the  discharge pipe from a valve, that provides an  air break allowing discharge to be conducted  safely to a place of termination.",0,37_UK_DocG_Sanitation,accord_official,ACCORD Official,28,168,0,0,0,0,0,0,0,0,1,1,2,0,0
Tundish.,0,131_UK_DocG_Sanitation,accord_official,ACCORD Official,1,8,0,0,0,0,0,0,0,0,1,1,0,0,0
Turning circle should be clear of top step of any adjacent flight of steps.,1,87_UK_DocM_V1_AccessAndUseOfBuildings,accord_official,ACCORD Official,14,75,1,0,0,0,0,0,1,0,1,1,0,0,0
"U-values for rooflights or rooflight-and-kerb assemblies should be based on the developed surface area of the rooflight (U-values), which is often greater than the area of the roof opening.",1,114_UK_DocL_V1_ConsrvationOfFuelAndPower,accord_official,ACCORD Official,33,189,1,1,0,0,0,0,1,0,1,1,1,0,0
"U-values for rooflights or rooflight-and-kerb assemblies should be based on the developed surface area of the rooflight (U_d values), which is often greater than the area of the roof opening.",1,140_UK_DocM_V2_AccessAndUseOfBuildings,accord_official,ACCORD Official,33,191,1,1,0,0,0,0,1,0,1,1,1,0,0
"U-values for rooflights or rooflight-and-kerb assemblies should be based on the outer developed surface area, which  is often greater than the area of the roof opening.",1,122_UK_DocL_V1_ConsrvationOfFuelAndPower,accord_official,ACCORD Official,29,168,1,1,0,0,0,0,1,0,1,1,1,0,0
"U-values should be assessed for the whole fabric element (e.g. in the case of a window, the combined performance of the glazing and the frame).",1,104_UK_DocL_V1_ConsrvationOfFuelAndPower,accord_official,ACCORD Official,27,143,1,0,0,0,0,0,1,0,1,1,1,0,0
"U-values should be assessed for the whole thermal element (e.g. in the caseof a window, the combined performance of the glazing and the frame).",1,123_UK_DocM_V2_AccessAndUseOfBuildings,accord_official,ACCORD Official,26,143,1,0,0,0,0,0,1,0,1,1,1,0,0
U-values should be assessed using the methods and conventions set out in the Building Research Establishments BR 443.,0,122_UK_DocM_V2_AccessAndUseOfBuildings,accord_official,ACCORD Official,19,117,1,0,0,0,0,0,1,0,1,1,0,0,1
UKAS or an equivalent national accreditation body belonging to the EA may accredit the testing laboratories; this accreditation provides a means of showing that tests can be relied on.,0,11_UK_Doc7_Materials_and_workmanship,accord_official,ACCORD Official,29,184,1,0,2,0,0,0,0,1,1,1,0,1,0
USO-standard public electronic communications network: A public electronic communications network that provides at least the minimum download speed for the time being specified by virtue of section 65(2B)(a) of the Communications Act 2003 in the universal service order (as defined by section 151(1) of that Act).,0,67_UK_DocR_V1_InfrastructureForElectircalCommunications,accord_official,ACCORD Official,50,313,0,2,0,1,0,0,0,0,1,1,0,0,4
Unauthorised access.,0,3_UK_DocQ_Security_Dwellings,accord_official,ACCORD Official,2,20,0,0,0,0,0,0,0,0,1,1,0,0,0
"Under Requirement M3, if sanitary conveniences are provided in any building that is to be extended, reasonable provision must be made within the extension for sanitary conveniences.",0,4_UK_DocM_V2_AccessAndUseOfBuildings,accord_official,ACCORD Official,27,181,1,0,0,0,0,1,0,0,1,1,2,0,0
"Under regulation 4 of the Building Regulations  2010, building work should be carried out in such  a way that, on completion of work,  i. the building complies with the applicable  Parts of Schedule 1 of the Building Regulations.",0,46_UK_DocG_Sanitation,accord_official,ACCORD Official,38,229,1,0,1,1,0,0,1,0,1,1,3,0,3
"Under regulation 4, where an alteration of a non-domestic building is a material alteration, the work itself must comply, where relevant, with Requirement M1.",0,6_UK_DocM_V2_AccessAndUseOfBuildings,accord_official,ACCORD Official,25,158,1,0,0,0,0,1,0,0,1,1,4,0,1
"Under regulation 6, as amended, if an existing building undergoes a change of use such that part is used as a hotel or boarding house, an institution, a public building or a shop, such work if any shall be carried out as is necessary to ensure that:a. there is reasonable provision for people to gain access to that part from the site boundary and from on-site car parking where provided, either by means of an independent access or by means of a route to and through the building;b. that part itself complies with M1 (access and use); andc. any sanitary conveniences provided in, or in connection with, that part comply with Requirement M1: if users of that part have the use of sanitary conveniences elsewhere in the building, there must be reasonable provision for people to gain access to and use that sanitary accommodation, upgraded if need be.",0,13_UK_DocM_V2_AccessAndUseOfBuildings,accord_official,ACCORD Official,151,850,2,0,1,0,1,1,0,0,1,1,10,2,1
"Under regulation 6, as amended, where there is a material change of use of the whole of a building to a hotel or boarding house, an institution, a public building or a shop, the building must be upgraded, if necessary, so as to comply with M1 (Access and use).",0,11_UK_DocM_V2_AccessAndUseOfBuildings,accord_official,ACCORD Official,49,260,1,0,0,0,0,1,0,0,1,1,7,0,1
Under-floor heating systems intended for intermittent or cyclical operation and/or installed over unheated rooms should be separated from the structural floor by a layer of insulation with a thermal resistance of at least 1.25(m2K)/W.,1,304_UK_DocL_V1_ConsrvationOfFuelAndPower,accord_official,ACCORD Official,39,234,1,1,0,0,0,0,1,0,1,1,0,0,1
Underfloor heating.,0,395_UK_DocL_V1_ConsrvationOfFuelAndPower,accord_official,ACCORD Official,2,19,0,0,0,0,0,0,0,0,1,1,0,0,0
"Unit length should be measured through midline of the worktop, not the front or rear edge.",1,94_UK_DocM_V1_AccessAndUseOfBuildings,accord_official,ACCORD Official,16,90,1,0,1,0,0,0,1,0,1,1,1,0,0
Units should be draught-proofed.,1,408_UK_DocM_V2_AccessAndUseOfBuildings | 418_UK_DocL_V1_ConsrvationOfFuelAndPower,accord_official,ACCORD Official,5,32,1,0,0,0,0,0,1,0,1,1,0,0,0
"Unless Otherswise set out elsewhere in this document for particular situations, you can achieve this by the following:a. in dwellings: provide pedestrian guarding that is capable of preventing people from being injured by falling from a height of more than 600mmb.  in buildings Others than dwellings: provide pedestrian guarding that is capable of preventing people from falling more than the height of two risers (or 380mm, if not part of a stair).",0,75_UK_DocK_ProtectionFromFalling,accord_official,ACCORD Official,73,450,0,0,2,0,0,0,0,0,1,1,2,0,0
"Unless there are compelling reasons for not doing so, there should be at least as many en-suite shower rooms as en-suite bathrooms, as mobility-impaired people may find it easier to use a shower than a bath.",0,146_UK_DocM_V2_AccessAndUseOfBuildings,accord_official,ACCORD Official,39,207,2,1,1,0,0,0,1,1,1,1,2,0,0
"Unless, therefore, a ramp is short, has a shallow gradient and the rise is no more than the minimum that can be provided by two risers, steps should be provided as well as a ramp.",0,125_UK_DocM_V2_AccessAndUseOfBuildings,accord_official,ACCORD Official,35,179,2,2,0,0,1,0,1,0,1,1,4,0,0
Unvented (closed) hot water storage system  means a vessel fed with cold water from a supply  pipe or dedicated storage cistern (without a  vent pipe) and in which water is heated directly  or indirectly.,0,39_UK_DocG_Sanitation,accord_official,ACCORD Official,34,204,0,0,0,0,0,0,0,0,1,1,0,0,0
Upgrading airhandling systems that are more than 15 years old by providing new plant or improved controls.,0,483_UK_DocM_V2_AccessAndUseOfBuildings,accord_official,ACCORD Official,17,106,0,0,0,0,0,0,0,0,1,1,0,0,1
Upgrading cooling systems that are more than 15 years old by providing new plant or improved controls.,0,482_UK_DocM_V2_AccessAndUseOfBuildings,accord_official,ACCORD Official,17,102,0,0,0,0,0,0,0,0,1,1,0,0,1
Upgrading general lighting systems that have an average lamp efficacy of less than 60 light source lumens per circuitwatt and that serve areas greater than 100m2 by providing new luminaires and/or controls following the guidance in Section 6.,0,484_UK_DocM_V2_AccessAndUseOfBuildings,accord_official,ACCORD Official,39,242,0,2,0,1,0,0,0,0,1,1,0,0,2
Upgrading heating systems that are more than 15 years old by providing new plant or improved controls.,0,481_UK_DocM_V2_AccessAndUseOfBuildings,accord_official,ACCORD Official,17,102,0,0,0,0,0,0,0,0,1,1,0,0,1
"Upgrading thermal elements that have Uvalues higher than those in Table 4.2, column (a), following the guidance in paragraphs 4.7 and 4.8.",0,485_UK_DocM_V2_AccessAndUseOfBuildings,accord_official,ACCORD Official,25,138,0,0,1,2,0,0,0,0,1,1,2,0,3
Uplighters mounted at low or floor level can disorientate some visually impaired people and should be avoided.,1,153_UK_DocM_V2_AccessAndUseOfBuildings,accord_official,ACCORD Official,17,110,1,0,0,0,0,0,1,0,1,1,0,0,0
Urea formaldehyde (UF) foam.,0,13_UK_DocD_ToxicSubstances,accord_official,ACCORD Official,4,28,0,0,0,0,0,0,0,0,1,1,0,0,0
Urinal means an appliance used for reception  and disposal of urine.,0,41_UK_DocG_Sanitation,accord_official,ACCORD Official,11,68,0,0,0,0,0,0,0,0,1,1,0,0,0
Variable volume control systems should be used to reduce the volume of water and the pressure difference required from the pumps under part load.,1,293_UK_DocL_V1_ConsrvationOfFuelAndPower,accord_official,ACCORD Official,24,145,1,0,0,0,0,0,1,0,1,1,0,0,0
Vented (open) hot water storage system means  a vessel fed with cold water from a dedicated  storage cistern.,0,42_UK_DocG_Sanitation,accord_official,ACCORD Official,18,109,0,0,0,0,0,0,0,0,1,1,0,0,0
"Vented hot water storage systems should incorporate a vent pipe of an adequate size, but not less than 19mm internal diameter, connecting the top of the hot water storage  vessel to a point open to the atmosphere above and over the level of the water in the cold water storage cistern.",1,98_UK_DocG_Sanitation,accord_official,ACCORD Official,51,285,1,2,0,0,0,0,1,0,1,1,2,0,0
Ventilation The supply and removal of air (by natural and/or mechanical means) to and from a space or spaces in a building.,0,246_UK_DocF_V1_Ventilation,accord_official,ACCORD Official,23,123,0,0,0,0,0,0,0,0,1,1,0,0,0
Ventilation ductwork should be made and assembled so as to be reasonably airtight.,1,299_UK_DocM_V2_AccessAndUseOfBuildings,accord_official,ACCORD Official,13,82,1,0,0,0,0,0,1,0,1,1,0,0,0
Ventilation intakes should be located away from the direct impact of the sources of local pollution.,1,124_UK_DocF_V1_Ventilation | 72_UK_DocF_V2_Ventilation,accord_official,ACCORD Official,16,100,1,0,0,0,0,0,1,0,1,1,0,0,0
Ventilation of car parks.,0,61_UK_DocF_V2_Ventilation,accord_official,ACCORD Official,4,25,0,0,0,0,0,0,0,0,1,1,0,0,0
"Ventilation opening: Any means of purpose-provided ventilation (whether permanent or closable) that opens directly to external air, such as the openable parts of a window, a louvre or a background ventilator.",0,111_UK_DocF_V2_Ventilation,accord_official,ACCORD Official,32,208,0,0,1,0,0,0,0,0,1,1,2,0,0
Ventilation rates.,0,102_UK_DocF_V1_Ventilation,accord_official,ACCORD Official,2,18,0,0,0,0,0,0,0,0,1,1,0,0,0
Ventilation should be controllable.,1,63_UK_DocF_V1_Ventilation,accord_official,ACCORD Official,4,35,1,0,0,0,0,0,1,0,1,1,0,0,0
Ventilation systems should be designed to minimise the intake of external air pollutants following paragraphs 2.2 to 2.6 if either of the following applies.,0,68_UK_DocF_V2_Ventilation,accord_official,ACCORD Official,26,156,1,0,1,1,0,0,1,0,1,1,0,0,2
Ventilation systems should be designed to minimise the intake of external air pollutants following paragraphs 2.2 to 2.9 if either of the following applies.,0,120_UK_DocF_V1_Ventilation,accord_official,ACCORD Official,26,156,1,0,1,1,0,0,1,0,1,1,0,0,2
Ventilation systems should be inspected and tested in accordance with paragraphs 4.5 to 4.12.,0,185_UK_DocF_V1_Ventilation,accord_official,ACCORD Official,16,93,1,0,0,1,0,0,1,0,1,1,0,0,2
Ventilation systems should be installed to meet both of the following conditions.,0,109_UK_DocF_V1_Ventilation | 29_UK_DocF_V2_Ventilation,accord_official,ACCORD Official,12,81,1,0,1,0,0,0,1,0,1,1,0,0,0
Ventilation systems that provide supply and extract ventilation should be fitted with a heat recovery system where technically feasible.,1,309_UK_DocM_V2_AccessAndUseOfBuildings,accord_official,ACCORD Official,19,136,1,0,0,0,0,0,1,0,1,1,0,0,0
"Ventilation systems that, under normal operation, recirculate air between more than one space, room or zone should also be able to operate in a mode that reduces the risk of the transmission of airborne infection.",1,60_UK_DocF_V2_Ventilation,accord_official,ACCORD Official,35,213,1,0,0,0,0,0,1,0,1,1,3,0,0
Ventilation.,0,219_UK_DocF_V1_Ventilation,accord_official,ACCORD Official,1,12,0,0,0,0,0,0,0,0,1,1,0,0,0
Ventilation: The supply and removal of air (by natural and/or mechanical means) to and from a space or spaces in a building.,0,113_UK_DocF_V2_Ventilation,accord_official,ACCORD Official,23,124,0,0,0,0,0,0,0,0,1,1,0,0,0
Vertical loading on walls should be distributed.,1,55_UK_DocA_Structure,accord_official,ACCORD Official,7,48,1,0,0,0,0,0,1,0,1,1,0,0,0
Vertical strapping at least 1m in length should be provided at eaves level at intervals not exceeding 2m as shown in Diagram 16(c) and (d).,0,74_UK_DocA_Structure,accord_official,ACCORD Official,26,139,1,2,0,0,0,0,1,0,1,1,0,0,1
"Vertical strapping may be omitted if the roof: a. has a pitch of 15 or more, and b. is tiled or slated, and c. is of a type known by local experience to be resistant to wind gusts, and d. has main timber members spanning onto the supported wall at not more than 1.2m centres.",1,75_UK_DocA_Structure,accord_official,ACCORD Official,56,275,1,0,0,0,0,0,0,1,1,1,3,0,2
"Vertical, horizontal and slinky ground arrays in particular should be flushed in both directions.",1,385_UK_DocL_V1_ConsrvationOfFuelAndPower,accord_official,ACCORD Official,14,97,1,0,0,0,0,0,1,0,1,1,1,0,0
Vessels that store heated water for a heating or domestic hot water system should have standing losses that do not exceed the heat loss given in Table 4.5 for that system type.,0,207_UK_DocL_V1_ConsrvationOfFuelAndPower | 210_UK_DocL_V1_ConsrvationOfFuelAndPower,accord_official,ACCORD Official,33,176,1,1,0,1,0,0,1,0,1,1,0,0,1
Voids between insulation at the top of the external wall and the cavity wall/timber frame insulation should be fully filled with insulation.,1,171_UK_DocL_V1_ConsrvationOfFuelAndPower,accord_official,ACCORD Official,23,140,1,0,0,0,0,0,1,0,1,1,0,0,0
WATER EFFICIENCY.,0,67_UK_DocG_Sanitation,accord_official,ACCORD Official,2,17,0,0,0,0,0,0,0,0,1,1,0,0,0
"WC compartment doors, and doors to wheelchair-accessible unisex toilets, changing rooms or shower rooms have an emergency release mechanism so that they are capable of being opened outwards, from the outside , in case of emergency.",1,159_UK_DocM_V2_AccessAndUseOfBuildings,accord_official,ACCORD Official,36,231,0,0,1,0,0,0,0,0,1,1,4,0,0
"WC compartments within separate-sex toilet washrooms will satisfy Requirement M1 or M3 if:a. the swing of any inward opening doors to standard WC compartments is such that a 450mm diameter manoeuvring space is maintained between the swing of the door, the WC pan and the side wall of the compartment; b. the minimum dimensions of compartments for ambulant disabled people, including the activity space, and the arrangement of grab bars and Others fittings within the compartment, comply with Diagram 21; c. doors to compartments for ambulant disabled people are preferably outward opening and are fitted with a horizontal closing bar fixed to the inside face ; d. an enlarged compartment for those who need extra space (based on the compartment for ambulant disabled people) is 1200mm wide and includes a horizontal grab bar adjacent to the WC, a vertical grab bar on the rear wall and space for a shelf and fold-down changing table ; e. any compartment for use by ambulant disabled people has a WC pan that conforms to BS EN 997:2012 in terms of key dimensions, in order to accommodate the use of a variable height toilet seat riser (see 5.9 and 5.11); f. a wheelchair-accessible compartment (where provided) has the same layout and fittings as the unisex toilet ; g. any wheelchair-accessible washroom has at least one washbasin with its rim set at 720 to 740mm above the floor and, for men , at least one urinal with its rim set at 380mm above the floor, with two 600mm long vertical grab bars with their centre lines at 1100mm above the floor , positioned either side of the urinal .",0,175_UK_DocM_V2_AccessAndUseOfBuildings,accord_official,ACCORD Official,276,1587,0,2,2,2,0,0,0,0,1,1,10,6,6
WC doors must be capable of opening outwards.,1,124_UK_DocM_V1_AccessAndUseOfBuildings,accord_official,ACCORD Official,8,45,1,0,0,0,0,1,0,0,1,1,0,0,0
WC facilities on the entrance storey.,0,110_UK_DocM_V1_AccessAndUseOfBuildings,accord_official,ACCORD Official,6,37,0,0,0,0,0,0,0,0,1,1,0,0,0
"Wall insulation should be installed to the top of the wall plate; in some places, such as the eaves, this may be above the cavity closure or barrier.",1,167_UK_DocL_V1_ConsrvationOfFuelAndPower,accord_official,ACCORD Official,28,149,2,0,2,0,0,0,1,1,1,1,2,1,0
"Wall ties should also be provided, spaced not more than 300mm apart vertically, within a distance of 225mm from the vertical edges of all openings, movement joints and roof verges.",1,37_UK_DocA_Structure,accord_official,ACCORD Official,30,180,1,0,0,0,0,0,1,0,1,1,3,0,0
Wall ties should be selected in accordancewith Table 5 of this .,0,51_UK_DocA_Structure,accord_official,ACCORD Official,11,64,1,0,1,1,0,0,1,0,1,1,0,0,1
Wall ties: Wall ties should comply withBS EN 8451 and should be material references1 or 3 in BS EN 8451 Table A1 austenitic stainless steel.,0,50_UK_DocA_Structure,accord_official,ACCORD Official,25,140,1,0,0,1,0,0,1,0,1,1,0,0,3
Wall types.,0,22_UK_DocA_Structure,accord_official,ACCORD Official,2,11,0,0,0,0,0,0,0,0,1,1,0,0,0
"Wall-mounted socket-outlets, switches and consumer units in new dwellings should be easy to reach, in accordance with Part M of the Building Regulations (Access to and use of buildings).",0,9_UK_DocP_ElectricalSafety,accord_official,ACCORD Official,31,186,1,0,0,0,0,0,1,0,1,1,2,0,0
"Walls should be tied horizontally at no more than2m centres to the roof structure at eaves level, base of gables and along roof slopes as shown in Diagram 19 with straps fixed in accordance with paragraphs 2C35 and 2C36.",0,87_UK_DocA_Structure,accord_official,ACCORD Official,39,220,1,1,0,1,0,0,1,0,1,1,1,0,1
"Walls should not be subjected to lateral load Others than from wind, and that covered by paragraph 2C24(b).",0,57_UK_DocA_Structure,accord_official,ACCORD Official,19,107,1,0,0,1,0,0,1,0,1,1,1,0,0
Walls which do not contain a major opening but exceed 2.5m in length or height should be bonded or tied to piers for their full height at not more than 3m centres as shown in Diagram 18a.,0,85_UK_DocA_Structure,accord_official,ACCORD Official,38,187,1,0,0,0,0,0,1,0,1,1,0,0,1
"Walls: insulation should be fitted without any air gaps and tight to the structure, cavity closers, lintels and cavity trays.",1,141_UK_DocL_V1_ConsrvationOfFuelAndPower,accord_official,ACCORD Official,20,125,1,0,0,0,0,0,1,0,1,1,2,0,0
Water-closet (WC) means a closet that has a separate fixed receptacle connected to a  drainage system and separate provision for  flushing from a supply of clean water either by the operation of a mechanism or by automatic action.,0,43_UK_DocG_Sanitation,accord_official,ACCORD Official,39,230,0,0,0,0,0,0,0,0,1,1,0,0,0
What constitutes a substantial proportion should be assessed on a case-by-case basis by the building control body.,1,18_UK_DocL_V1_ConsrvationOfFuelAndPower | 24_UK_DocM_V2_AccessAndUseOfBuildings | 5_UK_DocO_Overheating | 8_UK_DocF_V1_Ventilation | 8_UK_DocF_V2_Ventilation,accord_official,ACCORD Official,19,114,1,0,0,0,0,0,1,0,1,1,0,0,0
"Whatever lifting device is chosen, internal stairs should always be provided as an alternative means of vertical access, and designed to suit ambulant disabled people and those with impaired sight.",1,106_UK_DocM_V2_AccessAndUseOfBuildings,accord_official,ACCORD Official,30,197,1,0,2,0,0,0,1,0,1,1,2,0,0
Wheelchair accessible dwellings must also provide both a level access shower and a bath.,1,108_UK_DocM_V1_AccessAndUseOfBuildings,accord_official,ACCORD Official,14,88,1,0,0,0,0,1,0,0,1,1,0,0,0
"Wheelchair platform stairlifts will satisfy Requirement M1 or M2 ifa. they conform to the requirements of the Supply of Machinery (Safety) Regulations 1992, SI 1992/3073 (Note: These regulations may be met by compliance, among Others things, with the relevant British Standards, EN81 series of standards or where necessary Notified Body approval); b. in a building with a single stairway, the required clear width of the flight of stairs and landings for means of escape is maintained when the wheelchair platform is in the parked position (see also Approved Document B); c. the rated speed of the platform does not exceed 0.15m/s; d. continuous pressure controls are provided; e. the minimum clear dimensions of the platform are 800mm wide and 1250mm deep; f. they are fitted with clear instructions for use; g. access with an effective clear width of at least 800mm is provided; h. controls are designed to prevent unauthorised use.",0,122_UK_DocM_V2_AccessAndUseOfBuildings,accord_official,ACCORD Official,154,934,1,3,2,1,0,0,0,1,1,1,5,7,4
Wheelchair users and ambulant disabled people should be able to wash or bathe either independently or with assistance from Otherss.,1,181_UK_DocM_V2_AccessAndUseOfBuildings,accord_official,ACCORD Official,20,131,1,0,0,0,0,0,1,0,1,1,0,0,0
"Wheelchair users should be able to approach, transfer to and use the sanitary facilities provided within a building.",1,163_UK_DocM_V2_AccessAndUseOfBuildings,accord_official,ACCORD Official,18,116,1,0,0,0,0,0,1,0,1,1,1,0,0
"Wheelchair users should be able to manoeuvre around and use the facilities in the room, and operate switches and controls.",1,145_UK_DocM_V2_AccessAndUseOfBuildings,accord_official,ACCORD Official,20,122,1,0,0,0,0,0,1,0,1,1,1,0,0
Wheelchair users should be able to reach all the facilities available within the building.,1,141_UK_DocM_V2_AccessAndUseOfBuildings,accord_official,ACCORD Official,14,90,1,0,0,0,0,0,1,0,1,1,0,0,0
"Wheelchair-accessible bathrooms will satisfy Requirement M1 or M3 if:a. the minimum overall dimensions of, and the arrangement of fittings within, a bathroom for individual use incorporating a corner WC comply with Diagrams 25 and 26 ; b. a choice of layouts suitable for left-hand and right-hand transfer is provided when more than one bathroom for individual use incorporating a corner WC is available; c. the floor of a bathroom is slip resistant when dry or when wet; d. the bath is provided with a transfer seat , 400mm deep and equal to the width of the bath; e. doors are preferably outward opening and are fitted with a horizontal closing bar fixed to the inside face ; f. an emergency assistance pull-cord complying with 4.30(e) is easily identifiable and reachable from the bath or from the floor ; g. an emergency assistance alarm system complying with 5.4(h) is provided.",0,182_UK_DocM_V2_AccessAndUseOfBuildings,accord_official,ACCORD Official,154,883,0,2,0,1,0,0,0,0,1,1,3,6,4
"Wheelchair-accessible bedrooms should be sufficiently spacious to enable a wheelchair user to transfer to one side of a bed, with or without assistance.",1,144_UK_DocM_V2_AccessAndUseOfBuildings,accord_official,ACCORD Official,24,152,1,0,0,0,0,0,1,0,1,1,1,0,0
"Wheelchair-accessible changing and shower facilities will satisfy Requirement M1 or M3 if:a. a choice of layouts suitable for left-hand and right-hand transfer is provided when more than one individual changing compartment or shower compartment is available ; b. they are provided with wall-mounted drop-down support rails and wall-mounted slip-resistant tip-up seats (not spring loaded ); c. in communal shower facilities and changing facilities, they are provided with subdivisions that have the same configuration of space and equipment as for self-contained facilities but without doors ; d. in sports facilities , individual self-contained shower facilities and changing facilities are available in addition to communal separate-sex facilities ; e. an emergency assistance pull cord , complying with 4.30(e) , is easily identifiable and reachable from the wall-mounted tip-up seat , or from the floor ; f. an emergency assistance alarm system complying with 5.4(h) is provided; g. facilities for limb storage are included for the benefit of amputees; a. the minimum overall dimensions of, and the arrangement of equipment and controls within, individual self-contained changing facilities comply with Diagram 22; b. when associated with shower facilities , the floor of a changing area is level and slip resistant when dry or when wet; c. there is a manoeuvring space 1500mm deep in front of lockers in self-contained or communal changing areas; An example of a self-contained changing room for individual use a. individual self-contained shower facilities comply with Diagram 23; b. where showers are provided in commercial developments for the benefit of staff , at least one wheelchair-accessible shower compartment complying with Diagram 23 should be provided; c. a shower curtain , which encloses the seat and the rails when they are in a horizontal position , can be operated from the shower seat ; d. a shelf that can be reached from the shower seat or from the wheelchair, before or after transfer , is provided for toiletries ; e. the floor of the shower and shower area is slip resistant and self-draining ; f. a shower terminal fitting complies with Guidance Note G18.5 of the Guidance Document relating to Schedule 2: Requirement for Water Fittings, of the Water Supply (Water Fittings) Regulations 1999, SI 1999/1148 , and the markings on the shower control are logical and clear ; g. where wheelchair-accessible shower facilities are available in communal areas , shower controls are positioned between 750 and 1000mm above the floor ; An example of a self-contained shower room for individual use a. the minimum overall dimensions of, and the arrangement of fittings within, an individual self-contained shower area incorporating a corner WC , e.g.",0,179_UK_DocM_V2_AccessAndUseOfBuildings,accord_official,ACCORD Official,442,2768,1,2,2,2,0,0,1,0,1,1,20,17,11
"Wheelchair-accessible unisex toilets will satisfy Requirement M1 or M3 if:a. one is located as close as possible to the entrance and/or waiting area of the building; b. they are not located in a way that compromises the privacy of users ; c. they are located in a similar position on each floor of a multi-storey building , and allow for right- and left-hand transfer on alternate floors ; d. when more than one unisex toilet is available in Others than multi-storey buildings , a choice of layouts suitable for left-hand and right-hand transfer is provided ; e. when it is the only toilet facility in the building , the width is increased from 1.5m to 2m and it includes a standing height washbasin , in addition to the finger rinse basin associated with the WC ; f. they are located on accessible routes that are direct and obstruction free ; g. doors are preferably outward opening and are fitted with a horizontal closing bar fixed to the inside face ; h. any wheelchair user does not have to travel:a. more than 40m on the same floor , unless a greater distance can be agreed with the building control body on the grounds that the circulation route is unobstructed, e.g.",0,165_UK_DocM_V2_AccessAndUseOfBuildings,accord_official,ACCORD Official,209,1175,0,0,2,1,0,0,0,0,1,1,6,7,1
"When a building undergoes a major renovation, the technical, environmental and economic feasibility of installing high-efficiency alternative systems should be considered.",1,117_UK_DocM_V2_AccessAndUseOfBuildings,accord_official,ACCORD Official,22,171,1,0,0,0,0,0,1,0,1,1,2,0,0
"When a dwelling undergoes a major renovation, the technical, environmental and economic feasibility of installing high-efficiency alternative systems should be considered.",1,98_UK_DocL_V1_ConsrvationOfFuelAndPower,accord_official,ACCORD Official,22,171,1,0,0,0,0,0,1,0,1,1,2,0,0
"When a new residential building is erected, information about the building must be given to the owner of the building to allow them to use the overheating mitigation strategy effectively.",1,90_UK_DocO_Overheating,accord_official,ACCORD Official,30,187,1,0,0,0,0,1,0,0,1,1,1,0,0
"When a room is occupied during the day (8am to 11pm), openings should be modelled to do all of the following.",0,49_UK_DocO_Overheating,accord_official,ACCORD Official,21,109,1,0,1,0,0,0,1,0,1,1,1,0,0
"When a wet room is added to an existing dwelling, whole dwelling ventilation should be extended and extract ventilation should be provided by one of the following means.",0,164_UK_DocF_V1_Ventilation,accord_official,ACCORD Official,28,169,1,0,1,0,0,0,1,0,1,1,1,0,0
"When an existing building with a total useful floor area of over 1000m2 is being extended or the habitable area is being increased, consequential improvements should be installed.",1,451_UK_DocM_V2_AccessAndUseOfBuildings,accord_official,ACCORD Official,28,179,1,0,0,1,0,0,1,0,1,1,1,0,0
"When calculating the building primary energy rate and building emission rate for a factorymade modular building as described above, the value that should be used for design air permeability is the average air permeability test result at 50Pa plus 1.0m3/(hm2).",0,353_UK_DocM_V2_AccessAndUseOfBuildings,accord_official,ACCORD Official,42,259,1,0,1,0,0,0,1,0,1,1,1,0,1
"When calculating the dwelling primary energy rate, dwelling emission rate and dwelling fabric energy efficiency rate, a party wall U-value for the type of construction adopted should be applied as set out in Table 2.1.",0,86_UK_DocL_V1_ConsrvationOfFuelAndPower,accord_official,ACCORD Official,37,218,1,0,0,1,0,0,1,0,1,1,2,0,1
"When calculating total useful floor area, both of the following should be taken into account.",0,468_UK_DocL_V1_ConsrvationOfFuelAndPower | 469_UK_DocM_V2_AccessAndUseOfBuildings,accord_official,ACCORD Official,15,93,1,0,1,0,0,0,1,0,1,1,1,0,0
"When carrying out energy efficiency measures on an existing dwelling, Table 3.1 should be used to calculate the number of major and minor energy efficiency measures involved.",0,140_UK_DocF_V1_Ventilation,accord_official,ACCORD Official,28,174,1,0,0,1,0,0,1,0,1,1,1,0,1
"When carrying out work in existing buildings, care should be taken to reduce unwanted heat loss through air infiltration by doing all of the following.",0,160_UK_DocM_V2_AccessAndUseOfBuildings,accord_official,ACCORD Official,25,151,1,0,1,0,0,0,1,0,1,1,1,0,0
"When carrying out work in existing dwellings, care should be taken to reduce unwanted heat loss through air infiltration by doing all of the following.",0,193_UK_DocL_V1_ConsrvationOfFuelAndPower,accord_official,ACCORD Official,25,151,1,0,1,0,0,0,1,0,1,1,1,0,0
"When carrying out work in existing dwellings, care should be taken to reduce unwanted heat loss through thermal bridging.",0,174_UK_DocL_V1_ConsrvationOfFuelAndPower,accord_official,ACCORD Official,19,121,1,0,0,0,0,0,1,0,1,1,1,0,0
"When carrying out work in new dwellings, care should be taken to reduce unwanted heat loss through air infiltration.",0,175_UK_DocL_V1_ConsrvationOfFuelAndPower,accord_official,ACCORD Official,19,116,1,0,0,0,0,0,1,0,1,1,1,0,0
"When carrying out work which is likely to increase the airtightness of the building, it should be demonstrated to the building control body that the work meets the requirements of Part F1(1), where it is an applicable requirement.",0,82_UK_DocF_V2_Ventilation,accord_official,ACCORD Official,39,230,1,0,1,0,0,0,1,0,1,1,2,0,1
"When connecting an existing dwelling to an existing district heat network or community heating system, the carbon intensity and primary energy of the system should be assessed and the guidance in paragraphs 5.4 and 5.5 should be followed.",0,290_UK_DocL_V1_ConsrvationOfFuelAndPower,accord_official,ACCORD Official,40,238,1,0,0,1,0,0,1,0,1,1,1,0,2
"When determining the free area available for ventilation during sleeping hours, only the proportion of openings that can be opened securely should be considered to provide useful ventilation.",1,82_UK_DocO_Overheating,accord_official,ACCORD Official,28,191,1,0,0,0,0,0,1,0,1,1,1,0,0
"When following this simplified method, applying the guidance in paragraphs 1.10 to 1.12 will usually result in free areas that exceed the free areas in Approved Document F, Volume 1: Dwellings.",0,42_UK_DocO_Overheating,accord_official,ACCORD Official,33,193,0,0,1,1,0,0,0,0,1,1,2,0,3
"When installing controlled fittings, the controlled fitting should be well fitted and reasonably draught-proof.",1,162_UK_DocM_V2_AccessAndUseOfBuildings,accord_official,ACCORD Official,15,111,1,0,0,0,0,0,1,0,1,1,1,0,0
"When installing or renovating thermal elements, the element being installed should be draught-proofed and airleakage gaps should be filled.",1,161_UK_DocM_V2_AccessAndUseOfBuildings,accord_official,ACCORD Official,20,139,1,0,0,0,0,0,1,0,1,1,1,0,0
"When installing or renovating thermal elements, the element being installed should be draught-proofed, and air-leakage gaps should be filled.",1,194_UK_DocL_V1_ConsrvationOfFuelAndPower,accord_official,ACCORD Official,21,141,1,0,0,0,0,0,1,0,1,1,2,0,0
"When installing windows, roof windows, rooflights or doors (all of which are controlled fittings), the controlled fitting should be well fitted and reasonably draught-proof.",1,195_UK_DocL_V1_ConsrvationOfFuelAndPower,accord_official,ACCORD Official,25,173,1,0,0,0,0,0,1,0,1,1,3,0,0
"When new ventilation is installed in an existing dwelling, information about it should be provided to the building owner in accordance with paragraphs 4.13 to 4.17.",0,235_UK_DocF_V1_Ventilation,accord_official,ACCORD Official,28,164,1,0,1,1,0,0,1,0,1,1,1,0,2
"When replacing an existing system, the installed generation capacity of the new system should be no less than that of the existing system, except where a smaller system can be demonstrated to be more appropriate or effective (e.g. replacing an existing system with a system which is better matched to the building?s energy demand).",1,333_UK_DocM_V2_AccessAndUseOfBuildings,accord_official,ACCORD Official,56,331,1,1,0,0,0,0,1,0,1,1,2,0,0
"When replacing an existing system, the installed generation capacity of the new system should be no less than that of the existing system, except where a smaller system can be demonstrated to be more appropriate or effective (e.g. replacing an existing system with one which is better matched to the dwelling's energy demand).",1,344_UK_DocL_V1_ConsrvationOfFuelAndPower,accord_official,ACCORD Official,55,326,1,1,0,0,0,0,1,0,1,1,2,0,0
"When the lift serves more than three storeys, it provides visual and audible indicators to identify the floor reached.",1,25_UK_DocM_V1_AccessAndUseOfBuildings,accord_official,ACCORD Official,19,118,0,0,1,0,0,0,0,0,1,1,1,0,0
"When there will be a change in heat source up to 31 December 2027, a submission to the building control body should be made to show both of the following.",0,82_UK_DocL_V1_ConsrvationOfFuelAndPower,accord_official,ACCORD Official,30,154,1,0,1,0,0,0,1,0,1,1,1,0,2
"When thermal elements are replaced or renovated, a report should be produced, signed by a suitably qualified person, which confirms all of the following.",0,158_UK_DocM_V2_AccessAndUseOfBuildings,accord_official,ACCORD Official,24,153,1,0,1,0,0,0,1,0,1,1,3,0,0
"When undertaking work on or in connection with  buildings with special historic or architectural  value, the aim should be to improve sanitation  and hot water safety where and to the extent  that it is possible provided that the work does  not prejudice the character of the host building  or increase the risk of longterm deterioration to  the buildings fabric or fittings.",0,51_UK_DocG_Sanitation,accord_official,ACCORD Official,61,375,1,0,1,0,0,0,1,0,1,1,1,0,0
"When using the approach in (a) or (b) above, an appropriate system of site inspection should be in place.",0,173_UK_DocL_V1_ConsrvationOfFuelAndPower,accord_official,ACCORD Official,19,105,1,0,0,0,0,0,1,0,1,1,1,0,0
"When windows are replaced as part of the work connected with a material change of use, Section 1 of this approved document should be followed in addition to paragraphs 3.14 and 3.15.",0,146_UK_DocF_V1_Ventilation,accord_official,ACCORD Official,34,182,1,0,1,2,0,0,1,0,1,1,1,0,3
"When work is complete, there will be more than 10 associated parking spaces for the use of the dwellings.",1,48_UK_DocS_InfrastructureForChargingOfElectricalVehicles,accord_official,ACCORD Official,19,105,0,0,0,0,0,0,0,0,1,1,1,0,1
"Whenever the building is moved to a new location, in which its intended time of use is less than two years, these calculations can be provided as evidence that the energy efficiency requirements are met.",1,87_UK_DocM_V2_AccessAndUseOfBuildings,accord_official,ACCORD Official,35,203,0,1,1,0,0,0,0,0,1,1,2,0,0
Where  there is a material change of use the Building  Regulations set requirements that must be met  before the building can be used for its new purpose.,0,47_UK_DocG_Sanitation,accord_official,ACCORD Official,27,154,1,0,0,0,0,1,0,0,1,1,0,0,0
"Where a building automation and control system is installed, its control capabilities should be appropriate for the building, its expected usage and the building services specification.",1,329_UK_DocM_V2_AccessAndUseOfBuildings,accord_official,ACCORD Official,26,185,1,0,0,0,0,0,1,0,1,1,2,0,0
Where a building consists of more than one dwelling (such as a block of flats) it should be designed so that the estimated consumption of wholesome water resulting from the design of the cold and hot water systems for each individual dwelling should be no greater than the target.,1,70_UK_DocG_Sanitation,accord_official,ACCORD Official,49,280,1,1,2,0,0,0,1,0,1,1,0,0,0
"Where a building is erected it must not exceed the target primary energy rate for the building which has been approved pursuant to regulation 25(c), applying the methodology of calculation and expression of the energy performance of buildings approved pursuant to regulation 24.",0,31_UK_DocL_V1_ConsrvationOfFuelAndPower | 35_UK_DocM_V2_AccessAndUseOfBuildings,accord_official,ACCORD Official,44,278,2,1,1,0,0,1,0,0,1,1,1,0,2
"Where a building is erected, it must be a nearly zero-energy building.",1,27_UK_DocL_V1_ConsrvationOfFuelAndPower | 33_UK_DocM_V2_AccessAndUseOfBuildings,accord_official,ACCORD Official,13,70,1,0,1,0,0,1,0,0,1,1,1,0,0
"Where a building is erected, it shall not exceed the target CO2 emission rate for the building that has been approved pursuant to regulation 25, applying the methodology of calculation and expression of the energy performance of buildings approved pursuant to regulation 24.",0,29_UK_DocL_V1_ConsrvationOfFuelAndPower | 34_UK_DocM_V2_AccessAndUseOfBuildings,accord_official,ACCORD Official,43,274,2,1,1,0,1,0,0,0,1,1,2,0,2
"Where a building is extended by adding a carport that is open on at least two sides, a covered yard, covered walkway or covered driveway, the work is exempt from the energy efficiency requirements if both of the following apply.",0,21_UK_DocM_V2_AccessAndUseOfBuildings,accord_official,ACCORD Official,40,228,0,1,1,0,0,0,0,0,1,1,3,0,0
"Where a building is supplied with water from a source Others than a water undertaker or licensed water supplier, the water shall be  considered to be wholesome if it meets the criteria  set out in the Private Water Supplies Regulations  2009 (SI 2009/3101) in England or the Private  Water Supplies (Wales) Regulations (SI 2010/66)  in Wales.",0,61_UK_DocG_Sanitation,accord_official,ACCORD Official,58,342,1,0,1,0,1,0,0,0,1,1,1,0,5
"Where a building undergoing major renovation, which is not a residential building or a mixeduse building, will have more than 10 parking spaces after the major renovation is completed (a) one of those parking spaces must have access to one electric vehicle charge point; and (b) cable routes for electric vehicle charge points must be installed in a minimum of one fifth of the total number of remaining parking spaces.",1,73_UK_DocS_InfrastructureForChargingOfElectricalVehicles,accord_official,ACCORD Official,70,419,1,1,1,0,0,1,0,0,1,1,2,1,1
"Where a car park is constructed or work is carried out to an existing car park, care must be taken to ensure that the fire safety requirements of the Building Regulations have been met.",1,1_UK_DocS_InfrastructureForChargingOfElectricalVehicles,accord_official,ACCORD Official,34,185,1,0,0,0,0,1,0,0,1,1,1,0,0
"Where a chimney is not adequately supported by ties or securely restrained in anyway, its height if measured from the highest point of intersection with the roof surface, gutter, etc. should not exceed 4.5W, provided the density of the masonry is greater than 1500kg/m3, where: W is the least horizontal dimension of the chimney measured at the same point of intersection, and H is measured to the top of any chimney pot or Others flue terminal (see Diagram 20).",0,88_UK_DocA_Structure,accord_official,ACCORD Official,81,462,1,2,0,2,0,0,1,0,1,1,6,0,2
"Where a cooker hood is used to extract to the outside, the height of the extract hood above the hob surface should be either as specified in the manufacturers instructions or, if no specification is available, between 650mm and 750mm.",0,35_UK_DocF_V1_Ventilation,accord_official,ACCORD Official,40,234,1,0,1,0,0,0,1,0,1,1,3,0,0
"Where a developer seeks to rely on the building being in an isolated area as a reason to exempt new dwellings from requirement RA1, the developer must provide evidence in support of the exemption.",0,8_UK_DocR_V1_InfrastructureForElectircalCommunications,accord_official,ACCORD Official,34,196,1,0,0,0,0,1,0,0,1,1,1,0,0
"Where a driveway forms all, or part of, the approach route, an additional allowance of at least 900mm wide should be provided so that a wheelchair user can pass a parked car.",1,17_UK_DocM_V1_AccessAndUseOfBuildings,accord_official,ACCORD Official,32,174,1,1,0,0,0,0,1,0,1,1,3,0,0
"Where a dwelling is erected, it shall not exceed the target fabric energy efficiency rate for the dwelling that has been approved pursuant to regulation 25, applying the methodology of calculation and expression of the energy performance of buildings approved pursuant to regulation 24.",0,30_UK_DocL_V1_ConsrvationOfFuelAndPower,accord_official,ACCORD Official,44,286,2,1,1,0,1,0,0,0,1,1,2,0,2
"Where a dwelling is extended by adding a carport that is open on at least two sides, a covered yard, a covered walkway or a covered driveway, the work is exempt from the energy efficiency requirements if both of the following apply.",0,15_UK_DocL_V1_ConsrvationOfFuelAndPower,accord_official,ACCORD Official,42,232,0,1,1,0,0,0,0,0,1,1,3,0,0
"Where a dwelling is subject to a material alteration, the building should be no less compliant with requirement M4(1) than it was prior to the building work taking place.",0,6_UK_DocM_V1_AccessAndUseOfBuildings,accord_official,ACCORD Official,30,170,1,0,1,0,0,0,1,0,1,1,1,0,1
"Where a gas combination boiler is used, the boiler type should be selected to modulate down to the typical heating load of the dwelling.",1,237_UK_DocL_V1_ConsrvationOfFuelAndPower,accord_official,ACCORD Official,24,136,1,0,0,0,0,0,1,0,1,1,1,0,0
"Where a gigabit-capable connection is not installed pursuant to requirement RA2, the gigabit-ready physical infrastructure should be installed in such a way that it is protected from any deterioration resulting from exposure to the elements, so that it is ready to host connection to a gigabit-capable public electronic communications network in the future.",0,25_UK_DocR_V1_InfrastructureForElectircalCommunications,accord_official,ACCORD Official,56,357,1,0,2,0,0,0,1,0,1,1,2,0,0
"Where a gigabit-capable public electronic communications network connection is not being installed because a connection is not offered within the 2000 cost cap, developers should work with network operators to provide the next fastest broadband connection which can be installed without exceeding the 2000 cost cap.",1,39_UK_DocR_V1_InfrastructureForElectircalCommunications,accord_official,ACCORD Official,47,315,1,0,0,0,0,0,1,0,1,1,1,0,2
"Where a kitchen and living room accommodation are not separate rooms (i.e. open plan), no fewer than three ventilators of the same equivalent area as for Others habitable rooms should be provided within the open-plan space.",1,94_UK_DocF_V1_Ventilation,accord_official,ACCORD Official,38,223,1,0,0,1,0,0,1,0,1,1,1,0,0
"Where a lift is provided, it should be suitable for a wheelchair user.",1,22_UK_DocM_V1_AccessAndUseOfBuildings,accord_official,ACCORD Official,13,70,1,0,1,1,0,0,1,0,1,1,1,0,0
Where a local planning authority sets a planning condition for Category 3 (wheelchair user) housing it can specify which dwellings should be wheelchair accessible by including in the planning permission a condition stating that optional requirement M4(3)(2)(b) applies.,0,2_UK_DocM_V1_AccessAndUseOfBuildings,accord_official,ACCORD Official,41,269,1,0,1,0,0,0,1,0,1,1,0,0,3
Where a manifold is used it should be sized to accept and discharge the total discharge from the discharge pipes connected to it.,1,129_UK_DocG_Sanitation,accord_official,ACCORD Official,23,129,1,0,1,0,0,0,1,0,1,1,0,0,0
"Where a material change of use results in a building being used in part as a hotel or boarding house, institution, public building or shop, and in part as a dwelling, regard should be had to the guidance in Sections 1 to 5 of this Approved Document in relation to the relevant non-domestic accommodation and to the common parts (see also MIXED USE DEVELOPMENT under Use of Guidance).",0,14_UK_DocM_V2_AccessAndUseOfBuildings,accord_official,ACCORD Official,69,383,1,0,1,2,0,0,1,0,1,1,4,0,2
"Where a new building contains more than one dwelling, a common access point for a gigabit-capable public electronic communications network is required as a part of the buildings gigabit-ready physical infrastructure.",1,6_UK_DocR_V1_InfrastructureForElectircalCommunications,accord_official,ACCORD Official,33,216,1,0,0,0,0,0,0,0,1,1,1,0,0
Where a new building which is not a residential building or a mixed-use building has more than 10 parking spaces (a) one of those parking spaces must have access to one electric vehicle charge point; and (b) cable routes for electric vehicle charge points must be installed in a minimum of one fifth of the total number of remaining parking spaces.,1,61_UK_DocS_InfrastructureForChargingOfElectricalVehicles,accord_official,ACCORD Official,62,348,1,1,1,0,0,1,0,0,1,1,0,1,1
Where a residential building undergoing major renovation will have more than 10 associated parking spaces after the major renovation is completed (a) at least one associated parking space for the use of each dwelling must have access to an electric vehicle charge point; (b) cable routes for electric vehicle charge points must be installed in all additional associated parking spaces.,1,31_UK_DocS_InfrastructureForChargingOfElectricalVehicles,accord_official,ACCORD Official,60,385,1,1,0,0,0,1,0,0,1,1,0,1,1
"Where a room serves more than one activity, e.g. open-plan kitchen and living room, the area with the largest glazing area should be assessed and the room area calculated based on a room depth no greater than 4.5m from the glazed facade.",1,103_UK_DocO_Overheating,accord_official,ACCORD Official,45,237,1,1,0,0,0,0,1,0,1,1,2,0,1
"Where a separate-sex toilet washroom can be accessed by wheelchair users, it should be possible for them to use both a urinal, where appropriate, and a washbasin at a lower height than is provided for Others users.",1,171_UK_DocM_V2_AccessAndUseOfBuildings,accord_official,ACCORD Official,38,214,1,0,1,0,0,0,1,0,1,1,3,0,0
"Where a service building has a reception or sales counter, there should be convenient access to it and part of it should be at a level suitable for a wheelchair user or a seated person.",1,84_UK_DocM_V2_AccessAndUseOfBuildings,accord_official,ACCORD Official,35,185,1,0,1,1,0,0,1,0,1,1,1,0,0
"Where a single common discharge pipe serves more than one system, it should be at least one pipe size larger than the largest individual discharge pipe (D2) to be connected.",1,144_UK_DocG_Sanitation,accord_official,ACCORD Official,30,173,1,1,1,0,0,0,1,0,1,1,1,0,0
Where a system for on-site electricity generation is installed (a) reasonable provision must be made to ensure that (i) the system and its electrical output are appropriately sized for the site and available infrastructure; (ii) the system has effective controls; and (b) it must be commissioned by testing and adjusting as necessary to ensure that it produces the maximum electricity that is reasonable in the circumstances.,1,370_UK_DocM_V2_AccessAndUseOfBuildings,accord_official,ACCORD Official,67,425,1,1,1,0,0,1,0,0,1,1,0,2,0
Where a system for onsite electricity generation is installed (a) reasonable provision must be made to ensure that (i) the system and its electrical output are appropriately sized for the site and available infrastructure; (ii) the system has effective controls; and (b) it must be commissioned by testing and adjusting as necessary to ensure that it produces the maximum electricity that is reasonable in the circumstances.,1,188_UK_DocM_V2_AccessAndUseOfBuildings | 214_UK_DocL_V1_ConsrvationOfFuelAndPower | 369_UK_DocL_V1_ConsrvationOfFuelAndPower,accord_official,ACCORD Official,66,424,1,1,1,0,0,1,0,0,1,1,0,2,0
"Where a wet heating system is either: a. newly installed b. fully replaced in an existing building, including the heating appliance, emitters and associated pipework all parts of the system including pipework and emitters should be sized to allow the space heating system to operate effectively and in a manner that meets the heating needs of the dwelling, at a maximum flow temperature of 55C or lower.",1,238_UK_DocL_V1_ConsrvationOfFuelAndPower,accord_official,ACCORD Official,67,403,1,1,0,0,0,0,1,0,1,1,3,0,0
"Where a wet heating system is either: a. newly installed; b. fully replaced in an existing building, including the heating appliance, emitters and associated pipework all parts of the system, including pipework and emitters, should be sized to allow the space heating system to operate effectively, and in a manner that meets the heating needs of the building, at a maximum flow temperature of 55C or lower.",1,208_UK_DocM_V2_AccessAndUseOfBuildings,accord_official,ACCORD Official,67,407,1,1,0,0,0,0,1,0,1,1,6,1,0
"Where access and circulation routes form part of a means of escape for people in case offire, refer to Approved Document B: Fire safety, Volume 1  Dwelling-houses, and Volume 2 Buildings Others than dwelling-houses.",0,11_UK_DocK_ProtectionFromFalling,accord_official,ACCORD Official,36,215,0,0,0,1,0,0,0,0,1,1,3,0,2
"Where access to the dwelling can be gained via an interconnecting doorset from the garage, then either the garage doorset (pedestrian and vehicular) or the interconnecting doorset should be a secure doorset.",1,8_UK_DocQ_Security_Dwellings,accord_official,ACCORD Official,32,207,1,0,0,0,0,0,1,0,1,1,1,0,0
"Where accessible parking spaces are associated with the building and either a. future connection locations b. electric vehicle charge points are being provided to meet the requirements of this Approved Document, at least one accessible parking space should have access to eitherc.  a future connection location.",0,103_UK_DocS_InfrastructureForChargingOfElectricalVehicles,accord_official,ACCORD Official,46,311,1,1,1,0,0,0,1,0,1,1,1,0,0
"Where alternative sources of water are to be used in the dwelling design, this should be reflected in the estimate of water use.",1,75_UK_DocG_Sanitation,accord_official,ACCORD Official,23,128,1,0,1,0,0,0,1,0,1,1,1,0,0
"Where an access point is installed at a dwelling to facilitate connection to a gigabit-capable public electronic communications network, the ingress of moisture into the building and air leakage from the building should be prevented.",1,21_UK_DocR_V1_InfrastructureForElectircalCommunications,accord_official,ACCORD Official,36,233,1,0,0,0,0,0,1,0,1,1,1,0,0
"Where an opening in a floor or roof for a stairway or the like adjoins a supported wall and interrupts the continuity of lateral support, the following conditions should be satisfied for the purposes of Section 2C: a. the maximum permitted length of the openingis to be 3m, measured parallel to the supported wall, and b. where a connection is provided by means Others than by anchor, this should be provided throughout the length of each portion of the wall situated on each side of the opening, and c. where a connection is provided by mild steel anchors, these should be spaced closer than2m on each side of the opening to providethe same number of anchors as if there were no opening, and d. there should be no Others interruption of lateral support.",0,77_UK_DocA_Structure,accord_official,ACCORD Official,133,754,1,1,3,1,0,0,1,0,1,1,7,0,0
"Where any of the parking spaces for new buildings Others than residential or mixed-use buildings are in a covered car park, the requirement to install an electric vehicle charge point should be met by installing a charge point in a parking space that is not within a covered car park.",1,70_UK_DocS_InfrastructureForChargingOfElectricalVehicles,accord_official,ACCORD Official,51,284,1,0,0,0,0,0,1,0,1,1,1,0,0
Where applicable the following cross-referencing should be made.,0,13_UK_DocK_ProtectionFromFalling,accord_official,ACCORD Official,9,64,1,0,1,0,0,0,1,0,1,1,0,0,0
"Where appropriate, these should be automated (with manual override) so that energy savings are maximised.",1,322_UK_DocM_V2_AccessAndUseOfBuildings,accord_official,ACCORD Official,15,105,1,0,1,0,0,0,1,0,1,1,1,0,0
"Where associated parking spaces are provided for a new residential building, the number of associated parking spaces that have access to an electric vehicle charge point must be a minimum of either of the following.",0,16_UK_DocS_InfrastructureForChargingOfElectricalVehicles,accord_official,ACCORD Official,35,215,1,1,1,0,0,1,0,0,1,1,1,0,0
"Where building work is carried out in a kitchen or bathroom, any existing fans (including cooker hoods, where they extract to the outside) should be retained or replaced.",1,168_UK_DocF_V1_Ventilation,accord_official,ACCORD Official,28,170,1,0,1,0,0,0,1,0,1,1,2,0,0
"Where building work is carried out on first fitout (for example, shell and core buildings or partially occupied buildings) the building logbook should be updated, following paragraphs 9.7 to 9.11, and provided to the building owner.",0,401_UK_DocM_V2_AccessAndUseOfBuildings,accord_official,ACCORD Official,38,232,1,0,0,1,0,0,1,0,1,1,3,0,2
"Where closing devices are needed for fire control, electrically powered hold-open devices or swing-free closing devices should be used as appropriate.",1,90_UK_DocM_V2_AccessAndUseOfBuildings,accord_official,ACCORD Official,23,150,1,0,0,0,0,0,1,0,1,1,1,0,0
Where commissioning is carried out it must be done in accordance with a procedure approved by the Secretary of State.,1,163_UK_DocG_Sanitation,accord_official,ACCORD Official,20,117,1,0,1,0,0,1,0,0,1,1,0,0,0
"Where communal parking is provided to blocks of flats, at least one standard parking bay is provided close to the communal entrance of each core of the block (or to the lift core where the parking bay is internal).",1,44_UK_DocM_V1_AccessAndUseOfBuildings,accord_official,ACCORD Official,39,214,0,1,0,0,0,0,0,0,1,1,1,0,0
"Where contact is intermittent, the points of contact should be in line or nearly in line on plan (see Diagram 15(e)).",0,72_UK_DocA_Structure,accord_official,ACCORD Official,22,117,1,0,0,1,0,0,1,0,1,1,1,0,1
"Where controls are external to the heater, the system should be provided with a time switch/programmer and room thermostat, or programmable room thermostat.",1,265_UK_DocL_V1_ConsrvationOfFuelAndPower,accord_official,ACCORD Official,24,156,1,0,0,0,0,0,1,0,1,1,2,0,0
"Where controls are integrated in the heater, the system should be provided with a time switch/programmer and room temperature sensor linked to heater firing and fan speed control.",1,268_UK_DocL_V1_ConsrvationOfFuelAndPower,accord_official,ACCORD Official,29,179,1,0,0,0,0,0,1,0,1,1,1,0,0
"Where efficiency data is not readily available, efficiencies should be calculated using manufacturers recovery rates and equations 6.5 and 6.6.",0,267_UK_DocM_V2_AccessAndUseOfBuildings,accord_official,ACCORD Official,22,143,1,0,0,0,0,0,1,0,1,1,1,0,2
"Where electric cable underfloor heating night energy storage systems are used, both of the following should be met.",0,312_UK_DocL_V1_ConsrvationOfFuelAndPower,accord_official,ACCORD Official,18,115,1,0,1,0,0,0,1,0,1,1,1,0,0
"Where electrical work is carried out for a dwelling, Part P of the Building Regulations must be met.",1,5_UK_DocS_InfrastructureForChargingOfElectricalVehicles,accord_official,ACCORD Official,18,100,1,0,0,0,0,1,0,0,1,1,1,0,0
"Where full fibre connections are not available, Others means of providing gigabit-capable public electronic communications network connections such as Data Over Cable Service Interface Specification (DOCSIS 3.1) or a fixed wireless access technology  should be explored before pursuing a next fastest broadband connection.",1,20_UK_DocR_V1_InfrastructureForElectircalCommunications,accord_official,ACCORD Official,45,322,1,0,1,0,0,0,1,0,1,1,1,0,1
"Where greywater is  only being collected from a proportion of fittings,  such as just some of the taps, the calculations in  Tables A4.3 to A4.5 should be followed and the  results entered into Table A4.6.",0,232_UK_DocG_Sanitation,accord_official,ACCORD Official,38,205,1,0,1,1,0,0,1,0,1,1,2,0,3
"Where hot and cold taps are provided on a sanitary appliance, the hot tap should be on the left.",1,176_UK_DocG_Sanitation | 191_UK_DocG_Sanitation,accord_official,ACCORD Official,19,96,1,0,0,0,0,0,1,0,1,1,1,0,0
"Where illuminance on surfaces is greater than 200 lux, a difference in light reflectance value should be a minimum of 20 points.",1,29_UK_DocM_V2_AccessAndUseOfBuildings,accord_official,ACCORD Official,22,128,1,2,0,0,0,0,1,0,1,1,1,0,2
"Where in-situ noise measurements are used as evidence that these limits are not exceeded, measurements should be taken in accordance with the Association of Noise Consultants Measurement of Sound Levels in Buildings with the overheating mitigation strategy in use.",0,78_UK_DocO_Overheating,accord_official,ACCORD Official,40,264,1,1,1,0,0,0,1,0,1,1,1,0,0
"Where it applies, the estimated consumption of wholesome water calculated in accordance with the methodology in the water efficiency calculator, should not exceed 110 litres/person/day.",1,79_UK_DocG_Sanitation,accord_official,ACCORD Official,27,185,1,1,1,0,0,0,1,0,1,1,2,0,1
"Where it can be held open, steps should be taken to avoid people being harmed by walking into the door.",1,78_UK_DocM_V2_AccessAndUseOfBuildings,accord_official,ACCORD Official,20,103,1,0,1,0,0,0,1,0,1,1,1,0,0
"Where it is not feasible to install a space heating system that can operate at this temperature (e.g. where there is insufficient space for larger radiators, or the existing distribution system is provided with higher temperature heat from a low carbon district heat network), the space heating system should be designed to the lowest design temperature possible that will still meet the heating needs of the building.",1,209_UK_DocM_V2_AccessAndUseOfBuildings,accord_official,ACCORD Official,68,418,1,0,2,0,0,0,1,0,1,1,2,0,0
"Where it is not reasonable to achieve a step-free approach route to the principal private entrance, a step-free approach route should be provided to a suitable alternative private entrance instead.",1,41_UK_DocM_V1_AccessAndUseOfBuildings,accord_official,ACCORD Official,32,197,1,0,1,1,0,0,1,0,1,1,1,0,0
"Where lower ventilation rates are proposed, expert advice should be obtained to demonstrate that the solution meets the performance standards in Appendix B.",0,27_UK_DocF_V2_Ventilation | 31_UK_DocF_V1_Ventilation,accord_official,ACCORD Official,23,156,1,0,0,1,0,0,1,0,1,1,1,0,0
"Where management control cannot be exercised, particular attention should be paid to the products designed duty cycle.",0,115_UK_DocM_V2_AccessAndUseOfBuildings,accord_official,ACCORD Official,17,118,2,0,0,0,0,0,1,0,1,1,1,0,0
"Where membranes are penetrated, careful detailing should be used to achieve a robust and durable seal at these penetrations.",1,182_UK_DocL_V1_ConsrvationOfFuelAndPower,accord_official,ACCORD Official,19,124,1,0,1,0,0,0,1,0,1,1,1,0,0
"Where modelling or monitoring data is required, expert advice should be sought.",0,122_UK_DocF_V1_Ventilation | 70_UK_DocF_V2_Ventilation,accord_official,ACCORD Official,12,79,2,0,0,0,0,0,1,0,1,1,1,0,0
"Where multiple WCs are specified with various flushing capacities, the average effective flushing volume must be used as set out in paragraphs A8 and A11.",0,203_UK_DocG_Sanitation,accord_official,ACCORD Official,25,154,1,0,0,1,0,1,0,0,1,1,1,0,0
"Where multiple baths are specified with  various capacities, the average must be  used as set out in paragraphs A8 to A10.",0,205_UK_DocG_Sanitation,accord_official,ACCORD Official,21,122,1,0,0,1,0,1,0,0,1,1,1,0,0
"Where multiple dishwashers are specified  with various consumptions, the average  must be used as set out in paragraphs  A8 to A10.",0,207_UK_DocG_Sanitation,accord_official,ACCORD Official,21,131,1,0,0,1,0,1,0,0,1,1,1,0,0
"Where multiple showers are specified with  various flow rates, the average must be  used as set out in paragraphs A8 to A10.",0,210_UK_DocG_Sanitation,accord_official,ACCORD Official,22,124,1,0,0,1,0,1,0,0,1,1,1,0,0
"Where multiple washing machines are  specified with various consumptions,  the average must be used as set out in  paragraphs A8 to A10.",0,209_UK_DocG_Sanitation,accord_official,ACCORD Official,22,136,1,0,0,1,0,1,0,0,1,1,1,0,0
"Where necessary, flexible ducts may be used for final connections, but their lengths should be kept to a minimum.",1,31_UK_DocF_V2_Ventilation,accord_official,ACCORD Official,19,113,2,1,0,0,0,0,1,1,1,1,2,0,0
"Where new features relevant to the compliance of a building with Part M are provided, these must also comply with Requirement M1.",0,8_UK_DocM_V2_AccessAndUseOfBuildings,accord_official,ACCORD Official,22,129,1,0,1,0,0,1,0,0,1,1,1,0,0
"Where no dishwasher is to be provided  and therefore consumption figures are  unknown, a figure of 1.25 litres per place  setting must be assumed.",0,206_UK_DocG_Sanitation,accord_official,ACCORD Official,25,146,1,0,0,1,0,1,0,0,1,1,1,0,1
"Where no such condition is applied, optional requirement M4(3)(2)(a) will apply by default requiring that dwellings should be wheelchair adaptable.",0,3_UK_DocM_V1_AccessAndUseOfBuildings,accord_official,ACCORD Official,23,147,1,0,1,1,0,0,1,0,1,1,1,0,2
"Where no washing machine is to be  provided and therefore consumption  figures are unknown, a figure of 8.17 litres  per kilogram must be assumed.",0,208_UK_DocG_Sanitation,accord_official,ACCORD Official,25,146,1,0,0,1,0,1,0,0,1,1,1,0,1
"Where on-site electricity generation and storage is installed, such as photovoltaic panels or battery storage, systems should be an appropriate size for the site, available infrastructure and on-site energy demand.",1,331_UK_DocM_V2_AccessAndUseOfBuildings,accord_official,ACCORD Official,32,214,1,0,1,0,0,0,1,0,1,1,3,0,0
"Where one or more associated parking spaces are within a covered car park, the requirement to install electric vehicle charge points should be met by installing charge points in associated parking spaces that are not within a covered car park.",0,57_UK_DocS_InfrastructureForChargingOfElectricalVehicles,accord_official,ACCORD Official,40,243,1,0,0,0,0,0,1,0,1,1,1,0,0
"Where one or more dwellings with associated parking result from a building, or a part of a building, undergoing a material change of use at least one associated parking space for the use of each such dwelling must have access to an electric vehicle charge point.",1,26_UK_DocS_InfrastructureForChargingOfElectricalVehicles,accord_official,ACCORD Official,46,262,1,1,1,0,0,1,0,0,1,1,2,0,0
"Where one or more parking spaces are within a covered car park, the requirement to install electric vehicle charge points should be met by installing charge points in parking spaces that are not within a covered car park.",1,89_UK_DocS_InfrastructureForChargingOfElectricalVehicles,accord_official,ACCORD Official,38,221,1,0,0,0,0,0,1,0,1,1,1,0,0
"Where onsite electricity generation and storage is installed, such as photovoltaic panels or battery storage, systems should be an appropriate size for the site, available infrastructure and onsite energy demand.",1,342_UK_DocL_V1_ConsrvationOfFuelAndPower,accord_official,ACCORD Official,30,212,1,0,1,0,0,0,1,0,1,1,3,0,0
"Where openings are used, the amount of ventilation for removing excess heat is likely to be higher than the purge ventilation required for Part F. The higher amount of ventilation applies  see Section 1 or Section 2 of this approved document, depending on the method of compliance.",0,10_UK_DocO_Overheating,accord_official,ACCORD Official,47,281,0,0,1,2,0,0,0,0,1,1,2,0,2
"Where permanent or removable seating is provided as part of the design, allowance should be made for disabled people to have a choice of seating location at spectator events.",1,126_UK_DocM_V2_AccessAndUseOfBuildings,accord_official,ACCORD Official,29,174,1,0,0,0,0,0,1,0,1,1,1,0,0
"Where pipework is above ground, the performance of the pipe insulation should be at least as high as the insulating performance of pipework in the buried part of the system.",1,205_UK_DocL_V1_ConsrvationOfFuelAndPower,accord_official,ACCORD Official,30,173,1,1,0,0,0,0,1,0,1,1,1,0,0
"Where possible, light switches with large push pads should be used in preference to pull cords (see 4.28).",0,157_UK_DocM_V2_AccessAndUseOfBuildings,accord_official,ACCORD Official,19,106,1,0,0,1,0,0,1,0,1,1,1,0,1
"Where present, a standard consumption  of 3.08 litres per person per day must be  assumed.",0,211_UK_DocG_Sanitation,accord_official,ACCORD Official,16,90,1,0,0,0,0,1,0,0,1,1,1,0,1
"Where purge ventilation is delivered through openings in a habitable room, the minimum opening areas in Table 1.4 should be achieved.",0,49_UK_DocF_V1_Ventilation,accord_official,ACCORD Official,22,133,1,1,0,1,0,0,1,0,1,1,1,0,1
"Where relevant work is undertaken on a mixed-use building, it should be determined which parking spaces are associated parking spaces for the use of occupants of the dwellings, and which parking spaces are for use by users of the non-residential function of the building.",1,94_UK_DocS_InfrastructureForChargingOfElectricalVehicles,accord_official,ACCORD Official,46,271,1,0,1,0,0,0,1,0,1,1,2,0,0
"Where requirement S3 applies, the number of associated parking spaces that have access to an electric vehicle charge point must be a minimum of either of the following.",0,49_UK_DocS_InfrastructureForChargingOfElectricalVehicles,accord_official,ACCORD Official,28,168,1,1,1,0,0,1,0,0,1,1,1,0,0
"Where sanitary facilities are wheelchair accessible, WC pans should be a minimum of 400mm high.",1,104_UK_DocM_V1_AccessAndUseOfBuildings,accord_official,ACCORD Official,15,95,1,1,0,0,0,0,1,0,1,1,1,0,0
"Where sanitary facilities are wheelchair accessible, basins and sinks should be wall hung (typically with their rim 770-850mm above finished floor level) and the clear zone beneath basins, services and pedestals is maximised to enable wheelchair users to approach.",1,105_UK_DocM_V1_AccessAndUseOfBuildings,accord_official,ACCORD Official,40,264,1,0,0,0,0,0,1,0,1,1,2,0,1
"Where sheathing board forms the air barrier, airsealing tape should be applied at junctions and edges.",1,186_UK_DocL_V1_ConsrvationOfFuelAndPower,accord_official,ACCORD Official,16,102,1,0,0,0,0,0,1,0,1,1,1,0,0
"Where solar water heating systems are used, an additional heat source should be available.",1,124_UK_DocG_Sanitation,accord_official,ACCORD Official,14,90,1,0,0,0,0,0,1,0,1,1,1,0,0
"Where such checking of the existing roof structure indicates that the construction is unable to sustain any proposed increase in loading (e.g. due to overstressed members or unacceptable deflection leading to ponding), appropriate strengthening work or replacement of roofing members should be undertaken.",0,119_UK_DocA_Structure,accord_official,ACCORD Official,44,305,1,0,1,1,0,0,1,0,1,1,1,0,0
"Where terminal fittings with varying flow rates and capacities are specified (e.g. hot and cold taps with different flow rates, two types of shower etc. ), the average consumption should be  calculated as set out in Tables A2.1 to A2.7:  a) Enter the full flow rate or volume of each type  of fitting into column (a) of the relevant table.",0,216_UK_DocG_Sanitation,accord_official,ACCORD Official,62,339,1,0,0,1,0,0,1,0,1,1,2,0,2
"Where the Health and Safety Executive gives guidance for specific situations, that guidance should be followed in preference to the guidance given here.",0,119_UK_DocF_V2_Ventilation,accord_official,ACCORD Official,23,152,1,0,0,0,0,0,1,0,1,1,1,0,0
"Where the change of level is: a. 300mm or more: in addition to the ramp, provide two or more clearly signposted steps; b. less than 300mm: provide a ramp instead of a single step.",0,62_UK_DocK_ProtectionFromFalling,accord_official,ACCORD Official,34,179,0,1,0,0,0,0,0,0,1,1,1,1,0
"Where the cladding is required to support Others fixtures, e.g. handrails, and fittings, e.g. antennae and signboards, account should be taken of the loads and forces arising from such fixtures and fittings.",0,105_UK_DocA_Structure,accord_official,ACCORD Official,34,207,2,0,1,0,0,0,1,0,1,1,4,0,0
"Where the connection cost is greater than 3600 per electric vehicle charge point connection, the maximum number of electric vehicle charge points should be installed before the extra grid connection costs exceed 3600 per electric vehicle charge point connection.",1,20_UK_DocS_InfrastructureForChargingOfElectricalVehicles,accord_official,ACCORD Official,39,262,1,2,0,0,0,0,1,0,1,1,1,0,2
"Where the cost of installing at least one electric vehicle charge point and cable routes for at least one in every five remaining parking spaces is not more than 7 of the total cost of the major renovation, the requirements apply, as described in paragraphs 4.1 and 4.2. b.",0,85_UK_DocS_InfrastructureForChargingOfElectricalVehicles,accord_official,ACCORD Official,51,273,0,1,1,1,0,0,0,0,1,1,2,0,3
"Where the cost of installing electric vehicle charge points and cable routes is more than 7% of the total cost of the major renovation, requirement S3 can be met by installing only cable routes in all associated parking spaces.",0,52_UK_DocS_InfrastructureForChargingOfElectricalVehicles,accord_official,ACCORD Official,39,227,0,0,0,0,0,0,0,0,1,1,1,0,1
"Where the cost of installing electric vehicle charge points and cable routes is more than 7% of the total cost of the major renovation, requirement S4 and regulation 44H can be met by installing only cable routes in a minimum of one in five parking spaces.",0,86_UK_DocS_InfrastructureForChargingOfElectricalVehicles,accord_official,ACCORD Official,46,256,0,1,0,0,0,0,0,0,1,1,1,0,1
"Where the cost of installing only cable routes is more than 7% of the total cost of the major renovation, there is no requirement to install either electric vehicle charge points or cable routes.",1,53_UK_DocS_InfrastructureForChargingOfElectricalVehicles | 87_UK_DocS_InfrastructureForChargingOfElectricalVehicles,accord_official,ACCORD Official,34,195,0,0,0,0,0,0,0,0,1,1,1,0,1
"Where the demand is greater  than the greywater supply, the savings are  equal to the supply.",0,234_UK_DocG_Sanitation,accord_official,ACCORD Official,16,93,0,1,0,0,0,0,0,0,1,1,1,0,0
"Where the developer has no right over the land in question and where no connection to a gigabit-capable public electronic communications network is being provided because requirement RA2 is excluded or modified, and would be even if the gigabit-ready physical infrastructure was required to reach as close as is reasonably practicable to the distribution point, the developer is required to install the infrastructure to a point as close as is reasonably practicable to a location at which it reasonably expects a distribution point to be installed within the relevant 2-year period, i.e. a likelyfuture location (see Diagram 3a).",0,13_UK_DocR_V1_InfrastructureForElectircalCommunications,accord_official,ACCORD Official,102,630,1,0,1,1,0,0,0,0,1,1,3,0,1
"Where the dwelling is defined as wheelchair accessible, a suitable through-floor lift or lifting platform should be installed and commissioned and the dwelling should comply with all of the following.",0,84_UK_DocM_V1_AccessAndUseOfBuildings,accord_official,ACCORD Official,31,200,1,0,1,1,0,0,1,0,1,1,1,0,0
"Where the dwelling is defined as wheelchair adaptable, it should be easy to install a lift.",1,82_UK_DocM_V1_AccessAndUseOfBuildings,accord_official,ACCORD Official,16,91,1,0,1,1,0,0,1,0,1,1,1,0,0
"Where the fittings approach is used, the water consumption of the fittings provided must not exceed the values in Table 2.2.",0,81_UK_DocG_Sanitation,accord_official,ACCORD Official,22,124,2,1,0,1,0,1,0,0,1,1,1,0,1
Where the floor area of the building or annexe exceeds 10m the walls have a mass of not less than 130kg/m.,1,79_UK_DocA_Structure,accord_official,ACCORD Official,22,106,0,2,0,1,0,0,0,0,1,1,0,0,0
"Where the gradient of the approach, whether over its whole length or in part, is 1:20 or steeper, that part of the approach should be designed as ramped access.",1,41_UK_DocM_V2_AccessAndUseOfBuildings,accord_official,ACCORD Official,30,160,1,0,0,0,0,0,1,0,1,1,3,0,2
"Where the greywater supply is greater than  the demand, the greywater savings are equal  to the demand.",0,233_UK_DocG_Sanitation,accord_official,ACCORD Official,17,103,0,1,0,0,0,0,0,0,1,1,1,0,0
"Where the new residential building has, or will have, associated parking that is situated within a covered car park (a) if there are or will be any associated parking spaces situated in a position Others than in a covered car park (i) the requirements of paragraph S1 of Schedule 1 must first be applied in relation to those parking spaces; then(ii)   if the number of associated parking spaces, which are situated in a position Others than in a covered car park, is insufficient to completely fulfil the requirements of paragraph S1(2) of Schedule 1, cable routes for electric vehicle charge points must be installed in(aa)  the number of parking spaces in the covered car park which, when added to the number of associated parking spaces which are situated in a position Others than in the covered car park, corresponds to the total number of dwellings with associated parking, where the total number of associated parking spaces is 10 or less;(bb)   all the associated parking spaces in the covered car park, where the total number of associated parking spaces is both less than the number of dwellings with associated parking and 10 or less; and(cc) all the associated parking spaces in the covered car park, where the total number of associated parking spaces is more than 10;(b) if all the associated parking spaces are situated in a covered car park, cable routes for electric vehicle charge points must be installed(i)   where there are 10 or fewer parking spaces(aa) in the number of associated parking spaces in the covered car park which corresponds to the total number of dwellings with associated parking;(bb)   in all the parking spaces where there are fewer parking spaces than there are dwellings;(ii)  in all the parking spaces in the covered car park, where there are more than 10 parking spaces.",0,12_UK_DocS_InfrastructureForChargingOfElectricalVehicles,accord_official,ACCORD Official,313,1814,1,1,1,2,0,1,0,0,1,1,12,6,8
"Where the notional removal of such columns and lengths of walls would result in an extent of damage in excess of the above limit, then such elements should be designed as a key element as defined in paragraph 5.3 below.",0,124_UK_DocA_Structure,accord_official,ACCORD Official,41,219,1,0,2,1,0,0,1,0,1,1,1,0,1
"Where the operating temperature of domestic hot water in the storage vessel in a dwelling is capable of exceeding 80C under normal operating conditions (a situation that may occur in vessels used as heat stores and those connected to solar heat collectors or solid fuel boilers that do not have intervening controls between the boiler and the vessel containing the hot water) the outlet from the storage vessel should be fitted with a device, such as an inline hot water supply tempering valve in accordance with BS EN 15092:2008 Building Valves.",1,148_UK_DocG_Sanitation,accord_official,ACCORD Official,92,546,2,0,2,0,0,0,1,1,1,1,1,0,2
Where the parking is within the private curtilage of the dwelling (but not within a carport or garage) at least one space is a standard parking bay that can be widened to 3.3m.,1,43_UK_DocM_V1_AccessAndUseOfBuildings,accord_official,ACCORD Official,34,176,0,1,0,0,0,0,0,0,1,1,0,0,1
"Where the renovation of an individual thermal element (a) constitutes a major renovation; or (b) amounts to the renovation of more than 50 of the elements surface area; the renovation must be carried out so as to ensure that the whole of the element complies with paragraph L1(a)(i) of Schedule 1, in so far as that is technically, functionally and economically feasible.",0,434_UK_DocL_V1_ConsrvationOfFuelAndPower,accord_official,ACCORD Official,64,371,1,0,0,2,0,1,0,0,1,1,2,2,2
"Where the renovation of an individual thermal element(a)   constitutes a major renovation; or(b)   amounts to the renovation of more than 50 of the elements surface area; the renovation must be carried out so as to ensure that the whole of the element complies with paragraph L1(a)(i) of Schedule 1, in so far as that is technically, functionally and economically feasible.",0,427_UK_DocM_V2_AccessAndUseOfBuildings,accord_official,ACCORD Official,64,373,1,0,0,2,0,1,0,0,1,1,2,2,2
"Where the result indicates zero or a  negative figure, zero should be entered into Table  A1 for water softeners.",0,227_UK_DocG_Sanitation,accord_official,ACCORD Official,19,113,1,0,0,2,0,0,1,0,1,1,1,0,0
"Where the system provides more than one function, the owner should be informed of each separate function.",0,101_UK_DocO_Overheating | 233_UK_DocF_V1_Ventilation,accord_official,ACCORD Official,17,105,1,0,0,0,0,0,1,0,1,1,1,0,0
"Where the wall cladding is required to function as pedestrian guarding to stairs, ramps, vertical drops of more than 600mm in dwellings or more than the height of two risers (or 380mm if not part of a stair) in Others buildings, or as a vehicle barrier, then account should be taken of the additional imposed loading, as stipulated in K, Protection from falling,collision and impact.",0,108_UK_DocA_Structure,accord_official,ACCORD Official,66,383,2,0,0,0,0,0,1,0,1,1,7,0,0
"Where the water softener achieves a percentage that is equal to, or lower than this good practice benchmark  figure, zero can be entered into Table A1 of the  calculator for water softeners.",0,225_UK_DocG_Sanitation,accord_official,ACCORD Official,32,190,0,1,1,2,0,0,0,0,1,1,2,0,0
"Where the whole or any part of an individual thermal element is proposed to be replaced and the replacement (a) constitutes a major renovation; or (b) (in the case of part replacement) amounts to the replacement of more than 50 of the thermal elements surface area; the whole of the thermal element must be replaced so as to ensure that it complies with paragraph L1(a)(i) of Schedule 1, in so far as that is technically, functionally and economically feasible.",0,413_UK_DocL_V1_ConsrvationOfFuelAndPower,accord_official,ACCORD Official,81,461,1,0,1,2,0,1,0,0,1,1,2,2,2
"Where the work concerns a building containing more than one dwelling, the work must be carried out so as to ensure that the building is equipped in addition with a common access point for gigabit-capable public electronic communications networks.",1,3_UK_DocR_V1_InfrastructureForElectircalCommunications,accord_official,ACCORD Official,40,246,1,0,0,0,0,1,0,0,1,1,1,0,0
"Where the work concerns a building containing more than one dwelling, the work must be carried out so as to ensure that the building is equipped in addition with a common access point for highspeed electronic communications networks.",1,2_UK_DocR_V2_InfrastructureForElectircalCommunications,accord_official,ACCORD Official,38,233,1,0,0,0,0,1,0,0,1,1,1,0,0
Where the work involves a significant change in the applied loading the structural integrity of the roof structure and the supporting structure should be checked to ensure that upon completion of the work the building is not less compliant with Requirement A1 than the original building.,0,117_UK_DocA_Structure,accord_official,ACCORD Official,46,287,1,0,0,0,0,0,1,0,1,1,0,0,0
"Where the work is carried out in accordance with a building notice, or full plans, or an initial notice or amendment notice, the notice of commissioning should be given not more than 5 days after the completion of the  commissioning work.",0,166_UK_DocG_Sanitation,accord_official,ACCORD Official,41,238,1,0,0,0,0,0,1,0,1,1,3,0,1
"Where there is a change to a buildings energy status, such work, if any, shall be carried out as is necessary to ensure that the building complies with the applicable requirements of Part L of Schedule 1.",0,436_UK_DocM_V2_AccessAndUseOfBuildings | 442_UK_DocL_V1_ConsrvationOfFuelAndPower,accord_official,ACCORD Official,37,204,1,0,1,1,1,0,0,0,1,1,3,0,1
"Where there is a prevailing wind direction, exhaust outlets should be downwind of intakes.",1,130_UK_DocF_V1_Ventilation | 78_UK_DocF_V2_Ventilation,accord_official,ACCORD Official,14,90,1,0,0,0,0,0,1,0,1,1,1,0,0
"Where there is full-height structural guarding, if you provide a second (lower) handrail, the vertical height from the pitch line of the steps (or the surface of the ramp) to the top of the second (lower) handrail should be 600mm.",1,50_UK_DocK_ProtectionFromFalling,accord_official,ACCORD Official,41,230,1,0,0,0,0,0,1,0,1,1,2,0,0
"Where there is more than one energy cutout (see paragraph 3.35), each nonselfresetting  energy cutout should be independent (e.g. each should have a separate motorised valve and a separate temperature sensor).",0,115_UK_DocG_Sanitation,accord_official,ACCORD Official,33,209,1,0,0,2,0,0,1,0,1,1,1,0,1
"Where there is no relevant harmonised European standard, tests, calculations or Others means may be used to demonstrate that the material can perform the function for which it is intended.",0,10_UK_Doc7_Materials_and_workmanship,accord_official,ACCORD Official,30,188,1,0,1,0,0,0,0,1,1,1,2,0,0
"Where this form refers to a likely future location of a network distribution point, this should be supported by evidence of where it is reasonable to expect the network distribution point to be located.",0,68_UK_DocR_V1_InfrastructureForElectircalCommunications,accord_official,ACCORD Official,34,202,1,0,2,0,0,0,1,0,1,1,1,0,0
"Where this form refers to the lack of a likely future location of a network distribution point, this should be supported by evidence of the efforts to ascertain from a network operator if a relevant network distribution point is to be installed within the relevant 2year period.",0,69_UK_DocR_V1_InfrastructureForElectircalCommunications,accord_official,ACCORD Official,47,278,1,0,1,0,0,0,1,0,1,1,1,0,0
"Where this is not the case, it should be treated as wall  external or internal insulation.",0,147_UK_DocM_V2_AccessAndUseOfBuildings,accord_official,ACCORD Official,16,90,1,0,2,0,0,0,1,0,1,1,1,0,0
"Where this is not the case, it should be treated as wall  internal or external insulation.",0,130_UK_DocL_V1_ConsrvationOfFuelAndPower,accord_official,ACCORD Official,16,90,1,0,2,0,0,0,1,0,1,1,1,0,0
"Where this is the  case, the unvented hot water storage system  should be designed to the safety requirements in  3.17 by an appropriately qualified engineer.",0,109_UK_DocG_Sanitation,accord_official,ACCORD Official,26,158,1,0,1,0,0,0,1,0,1,1,1,0,1
"Where ties are used to connect piers to walls they should be flat, 20mm x 3mm in cross section, be in stainless steel in accordance with paragraph 2C19, be placed in pairs and be spaced at not more than 300mm centre vertically.",1,86_UK_DocA_Structure,accord_official,ACCORD Official,42,227,1,0,1,2,0,0,1,0,1,1,3,0,0
"Where urban traffic is a source of pollution, the air intakes for buildings next to busy urban roads should be both of the following.",0,73_UK_DocF_V2_Ventilation,accord_official,ACCORD Official,24,133,1,0,1,0,0,0,1,0,1,1,1,0,0
"Where urban traffic is a source of pollution, the air intakes for dwellings next to busy urban roads should be both of the following.",0,125_UK_DocF_V1_Ventilation,accord_official,ACCORD Official,24,133,1,0,1,0,0,0,1,0,1,1,1,0,0
"Where used, passive stack ventilation terminals should be located in the ceiling.",1,50_UK_DocF_V2_Ventilation,accord_official,ACCORD Official,12,81,1,0,0,0,0,0,1,0,1,1,1,0,0
"Where valves Others than a temperature and pressure relief valve from a single unvented hot water system discharge by way of the same manifold that is used by the safety devices, the manifold should be factory fitted as part of the hot water storage system unit or package.",1,130_UK_DocG_Sanitation,accord_official,ACCORD Official,48,273,1,0,1,0,0,0,1,0,1,1,1,0,0
"Where vehicle barriers are necessary, sufficient space (for example 500mm) should be allowed around the future connection location.",1,121_UK_DocS_InfrastructureForChargingOfElectricalVehicles,accord_official,ACCORD Official,18,131,1,0,0,0,0,0,1,0,1,1,1,0,0
"Where walls are constructed of bricks or blocks having modular dimensions, wall thicknesses prescribed in this section which derive from a dimension of brick or block may be reduced by an amount not exceeding the deviation from work size permitted by a British Standard relating to equivalent sized bricks or blocks made of the same material.",0,44_UK_DocA_Structure,accord_official,ACCORD Official,56,342,1,1,1,1,0,0,0,1,1,1,1,0,0
"Whichever approach is adopted, the agreed level of provision should be clearly recorded.",1,24_UK_DocM_V2_AccessAndUseOfBuildings,accord_official,ACCORD Official,13,88,1,0,0,0,0,0,1,0,1,1,1,0,0
"Whilst alternative, equally satisfactory ways of meeting the requirements can be adopted depending on the size, scale, nature and intended use of the building they must still demonstrate compliance with the relevant functional requirement.",0,20_UK_DocM_V2_AccessAndUseOfBuildings,accord_official,ACCORD Official,34,239,1,0,1,0,0,1,0,0,1,1,3,0,0
Whole building ventilation rates for offices.,0,51_UK_DocF_V2_Ventilation,accord_official,ACCORD Official,6,45,0,0,0,0,0,0,0,0,1,1,0,0,0
Whole dwelling ventilation.,0,41_UK_DocF_V1_Ventilation,accord_official,ACCORD Official,3,27,0,0,0,0,0,0,0,0,1,1,0,0,0
Wholesome water means water complying  with the requirements of regulations made under  Section 67 (Standards of wholesomeness) of the  Water Industry Act 1991.,0,44_UK_DocG_Sanitation,accord_official,ACCORD Official,23,160,0,0,0,1,0,0,0,0,1,1,0,0,2
Width of flights of stairs.,0,29_UK_DocK_ProtectionFromFalling,accord_official,ACCORD Official,5,27,0,0,0,0,0,0,0,0,1,1,0,0,0
Width of ramps.,0,69_UK_DocK_ProtectionFromFalling,accord_official,ACCORD Official,3,15,0,0,0,0,0,0,0,0,1,1,0,0,0
Wind loading on the cladding should be derived from BS EN 199114:2005 with its UK National Annex with due consideration given to local increases in wind suction arising from funnelling of the wind through gaps between buildings.,0,104_UK_DocA_Structure,accord_official,ACCORD Official,38,228,1,0,0,1,0,0,1,0,1,1,0,0,2
Window handles on windows that open outwards are not more than 650mm from the inside face of the wall when the window is at its maximum openable angle.,1,84_UK_DocO_Overheating,accord_official,ACCORD Official,28,151,0,1,0,0,0,0,0,0,1,1,0,0,0
Windows and doors: should be installed in such a way that the thermal integrity of the insulated plane is maintained.,1,137_UK_DocL_V1_ConsrvationOfFuelAndPower,accord_official,ACCORD Official,20,117,1,0,1,0,0,0,1,0,1,1,0,0,0
"Windows and doors: to ensure continuity of the air barrier, window and door units should connect to the primary air barrier and window and door frames should be taped to surrounding structural openings, using air sealing tape.",1,188_UK_DocL_V1_ConsrvationOfFuelAndPower,accord_official,ACCORD Official,37,226,1,0,0,0,0,0,1,0,1,1,2,0,0
Windows should be made to a design that has been shown by test to meet the security requirements of British Standards publication PAS 24:2012.,0,20_UK_DocQ_Security_Dwellings,accord_official,ACCORD Official,25,142,1,0,0,0,0,0,1,0,1,1,0,0,2
"Windows, skylights and ventilators which can be opened by people in or about the building shall be so constructed or equipped that they may be opened, closed or adjusted safely.",1,107_UK_DocK_ProtectionFromFalling,accord_official,ACCORD Official,30,177,2,0,1,0,1,0,0,1,1,1,2,0,0
Work to a dwelling in paragraph 0.8 must comply with the energy efficiency requirements where this would not unacceptably alter the dwellings character or appearance.,0,9_UK_DocL_V1_ConsrvationOfFuelAndPower,accord_official,ACCORD Official,26,166,1,0,1,1,0,1,0,0,1,1,0,0,1
Workmanship should be in accordance with appropriate standards such as BS 800015:1990 Workmanship on Building Sites Code of practice  for hot and cold water services (domestic scale).,1,160_UK_DocG_Sanitation,accord_official,ACCORD Official,28,183,1,0,1,0,0,0,1,0,1,1,0,0,2
"You may use alternating tread stairs in one or more straight flights only in a loft conversion, and only when there is not enough space for a stair that satisfies paragraphs 1.21.24, and the stair is for access to only one habitable room and, if desired, a bathroom and/or a WC (although this must not be the only WC in the dwelling).",0,48_UK_DocK_ProtectionFromFalling,accord_official,ACCORD Official,65,334,3,0,1,2,0,1,0,1,1,1,4,0,2
"Zones corresponding to the definitions in paragraph 2.27 should be modelled as outlined in the National Calculation Methodology Modelling Guide paragraph 124 as unconditioned, i.e. not served by aspace heating or space cooling system.",0,103_UK_DocM_V2_AccessAndUseOfBuildings,accord_official,ACCORD Official,36,234,1,0,0,1,0,0,1,0,1,1,1,0,2
a building is used as an institution where  previously it was not   a building is used as a public building where  previously it was not   a building no longer comes within the  exemptions in Schedule 2 to the Building  Regulations where previously it did   a building which contains at least one  dwelling contains a greater or lesser number  of dwellings than it did previously   a building contains a room for residential  purposes where previously it did not   a building which contains at least one room  for residential purposes contains a greater  or lesser number of such rooms than it did  previously   a building is used as a shop where previously  it was not.,0,48_UK_DocG_Sanitation,accord_official,ACCORD Official,113,670,0,1,2,1,0,0,0,0,0,1,0,0,1
a fan).,0,245_UK_DocF_V1_Ventilation,accord_official,ACCORD Official,2,7,0,0,0,0,0,0,0,0,0,1,0,0,0
"a lever handle; e. all door opening furniture contrasts visually with the surface of the door ; f. the door frames contrast visually with the surrounding wall ; g. the surface of the leading edge of any door that is not self-closing , or is likely to be held open , contrasts visually with the Others door surfaces and its surroundings ; h. where appropriate in door leaves or side panels wider than 450mm , vision panels towards the leading edge of the door have vertical dimensions which include at least the minimum zone, or zones, of visibility between 500mm and 1500mm from the floor, if necessary interrupted between 800mm and 1150mm above the floor.",0,95_UK_DocM_V2_AccessAndUseOfBuildings,accord_official,ACCORD Official,110,656,0,2,0,0,0,0,0,0,0,1,6,4,0
"a lift, when the total rise is greater than 2m ; e. it has a surface width between walls, upstands or kerbs of at least 1.5m; f. the ramp surface is slip resistant, especially when wet , and of a colour that contrasts visually with that of the landings ; g. the frictional characteristics of the ramp and landing surfaces are similar ; h. there is a landing at the foot and head of the ramp at least 1.2m long and clear of any door swings or Others obstructions ; i. any intermediate land ings are at least 1.5m long and clear of any door swings or Others obstructions ; j. intermediate land ings at least 1800mm wide and 1800mm long are provided as passing places when it is not possible for a wheelchair user to see from one end of the ramp to the Others or the ramp has three flights or more ; k. all landings are level , subject to a maximum gradient of 1:60 along their length and a maximum cross-fall gradient of 1:40 ; l. there is a handrail on both sides; m. there is a kerb on the open side of any ramp or landing at least 100mm high , which contrasts visually with the ramp or landing in addition to any guarding required under Part K; n. clearly sign-posted steps are provided , in addition, when the rise of the ramp is greater than 300mm (equivalent to 2 x 150mm steps).",0,52_UK_DocM_V2_AccessAndUseOfBuildings,accord_official,ACCORD Official,244,1283,0,3,1,1,0,0,0,0,0,1,8,10,8
"a main road), then a noiseattenuating background ventilator should be fitted.",0,87_UK_DocF_V1_Ventilation,accord_official,ACCORD Official,11,77,1,0,0,0,0,0,1,0,0,1,1,0,0
"a main road), then anoise attenuating background ventilator should be fitted.",0,86_UK_DocF_V2_Ventilation,accord_official,ACCORD Official,11,77,1,0,0,0,0,0,1,0,0,1,1,0,0
"a.  Modular and portable buildings with a planned service life of more than two years (at one or more sites), follow paragraphs 2.11 to 2.19.",0,75_UK_DocM_V2_AccessAndUseOfBuildings,accord_official,ACCORD Official,27,141,0,0,0,2,0,0,0,0,0,1,1,0,2
all dimensions are minimum except where noted.,1,88_UK_DocM_V1_AccessAndUseOfBuildings,accord_official,ACCORD Official,7,46,0,1,0,0,0,0,0,0,0,1,0,0,0
an openable window) ormechanical means (e.g.,0,244_UK_DocF_V1_Ventilation,accord_official,ACCORD Official,7,44,0,0,0,0,0,0,0,0,0,1,0,0,0
an openstairwell or two rooms that have been joined byremoving part of a wall.,0,242_UK_DocF_V1_Ventilation,accord_official,ACCORD Official,14,78,0,0,0,0,0,0,0,0,0,1,0,0,0
"any substance (Others than a  parameter listed in Schedule I),  at a concentration or value which  would constitute a potential danger  to human health;  b. that the water does not contain  any substance (whether or not a  parameter) at a concentration or value  which, in conjunction with any Others  substance it contains (whether or  not a parameter) would constitute a  potential danger to human health;  c. that the water does not contain  concentrations or values of the  parameters listed in Tables A and  B in Schedule 1 in excess of or,  as the case may be, less than, the  prescribed concentrations or values;  d. that the water satisfies the formula  nitrate/50  nitrite/3 1, where  the square brackets signify the  concentrations in mg/l for nitrate  (NO3  ) and nitrite (NO2  (3) The point at which the requirements of  paragraph (2), in so far as they relate to  the parameters set out in Part I of Table  A and in Table B in Schedule 1 are to be  complied with, is:  a. in the case of water supplied from a  tanker, the point at which the water  emerges from the tanker;  b. in any Others case, the consumers tap.",0,244_UK_DocG_Sanitation,accord_official,ACCORD Official,199,1128,1,1,2,3,0,0,0,1,0,1,10,4,7
"at corridor junctions, to allow wheelchair users to pass each Others; d. the floor is level or predominantly level (with a gradient no steeper than 1:60) , with any section with a gradient of 1:20 or steeper designed as an internal ramp and in accordance with Table 1 and Diagram 3 ; e. where a section of the floor has a gradient , in the direction of travel , steeper than 1:60 , but less steep than 1:20 , it rises no more than 500mm without a level rest area at least 1500mm long ( with a gradient no steeper than 1:60 ); f. any sloping section extends the full width of the corridor or, if not, the exposed edge is clearly identified by visual contrast and, where necessary, protected by guarding ; g. any door opening towards a corridor , which is a major access route or an escape route , should be recessed so that, when fully open, it does not project into the corridor space , except where the doors are to minor utility facilities , such as small store rooms and locked duct cupboards; h. any door from a unisex wheelchair-accessible toilet projects when open into a corridor that is not a major access route or an escape route , provided the corridor is at least 1800mm wide at that point ; i. on a major access route or an escape route , the wider leaf of a series of double doors with leaves of unequal width is on the same side of the corridor throughout the length of the corridor ; j. floor surface finishes with patterns that could be mistaken for steps or changes of level are avoided; k. floor finishes are slip resistant ; l. any glazed screens alongside a corridor are clearly defined with manifestation on the glass that complies with Approved Document K, section 7.",0,101_UK_DocM_V2_AccessAndUseOfBuildings,accord_official,ACCORD Official,302,1689,1,2,2,2,0,0,1,0,0,1,19,9,13
"b. more than a 40m combined horizontal distance where the unisex toilet accommodation is on anOthers floor of the building , but is accessible by passenger lift (if a lifting platform is installed, vertical travel to a unisex toilet is limited to one storey ; i. the minimum overall dimensions of, and the arrangement of fittings within, a wheelchair-accessible unisex toilet comply with Diagram 18; j. where the horizontal support rail on the wall adjacent to the WC is set with the minimum spacing from the wall , an additional drop-down rail is provided on the wall side at a distance of 320mm from the centre line of the WC; k. where the horizontal support rail on the wall adjacent to the WC is set so that its centre line is 400mm from the centre line of the WC, there is no additional drop-down rail; l. the heights and arrangement of fittings in a wheelchair-accessible unisex toilet comply with Diagram 19 and, as appropriate, Diagram 20; m. an emergency assistance alarm system is provided , complying with 5.4 ; n. the emergency assistance call signal outside the toilet compartment is located so that it can be easily seen and heard by those able to give assistance; o. an emergency assistance pull cord is easily identifiable (see 4.30(e)) and reachable from the WC and from the floor close to the WC; p. any heat emitters are located so that they do not restrict the minimum clear wheelchair manoeuvring space , nor the space beside the WC used for transfer from the wheelchair to the WC; q. WC pans conform to BS EN 997 :2012 in terms of key dimensions in order to accommodate the use of a variable height toilet seat riser (see 5.9); r. cisterns for WCs that will be used by wheelchair users have their flushing mechanism positioned on the open or transfer side of the space , irrespective of handing.",0,166_UK_DocM_V2_AccessAndUseOfBuildings,accord_official,ACCORD Official,323,1817,0,1,3,1,0,0,0,0,0,1,11,10,8
bathrooms and kitchens.,0,67_UK_DocF_V1_Ventilation,accord_official,ACCORD Official,3,23,0,0,0,0,0,0,0,0,0,1,0,0,0
boiler seasonal efficiency  0.8130  0.19100 Where: 30 is the gross boiler efficiency measured at 30 load; 100 is the gross boiler efficiency measured at 100 load.,0,236_UK_DocM_V2_AccessAndUseOfBuildings,accord_official,ACCORD Official,28,162,0,0,0,0,0,0,0,0,0,1,0,1,6
by an extract fan or acentral system).,0,106_UK_DocF_V2_Ventilation,accord_official,ACCORD Official,7,38,0,0,0,0,0,0,0,0,0,1,0,0,0
"by lighting and/or visual contrast; c. any structural supports at the entrance do not present a hazard for visually impaired people ; d. there is a level landing at least 1500 x 1500mm , clear of any door swings , immediately in front of the entrance and of a material that does not impede the movement of wheelchairs ; e. the threshold is level or, if a raised threshold is unavoidable , it has a total height of not more than 15mm , a minimum number of upstands and slopes , with any upstands higher than 5mm chamfered or rounded ; f. any door entry systems are accessible to deaf and hard of hearing people , and people who cannot speak ; g. weather protection is provided at manual non-powered entrance doors ; h. internal floor surfaces adjacent to the threshold are of materials that do not impede the movement of wheelchairs.",0,63_UK_DocM_V2_AccessAndUseOfBuildings,accord_official,ACCORD Official,143,832,1,2,1,0,0,0,0,0,0,1,7,6,1
c.  That any runon timers are set to at least 15 minutes.,0,192_UK_DocF_V1_Ventilation,accord_official,ACCORD Official,12,57,0,1,0,0,0,0,0,0,0,1,0,0,1
"c.  The building or part of a building which contains at least one dwelling, contains a greater or lesser number of dwellings than it did previously (regulation 5(g) of the Building Regulations).",0,37_UK_DocS_InfrastructureForChargingOfElectricalVehicles,accord_official,ACCORD Official,33,195,0,1,1,0,0,0,0,0,0,1,1,0,1
commissioning notice must be given to the building control body.,1,94_UK_DocF_V2_Ventilation,accord_official,ACCORD Official,10,64,1,0,0,0,0,1,0,0,0,1,0,0,0
controls should be inspected to ensure that the following have been achieved.,1,220_UK_DocF_V1_Ventilation,accord_official,ACCORD Official,12,77,1,0,1,0,0,0,1,0,0,1,0,0,0
"cracks in concrete due to shrinkage and flexure, or voids in masonry construction.",0,113_UK_DocA_Structure,accord_official,ACCORD Official,13,82,0,0,0,0,0,0,0,0,0,1,1,0,0
"d) Where a communal rainwater system is to  be provided supplying more than one home,  Table A5.1 can be used in the same way  calculating the total volume collected for the  communal system and dividing it by the total  number of occupants served by the system.",0,240_UK_DocG_Sanitation,accord_official,ACCORD Official,47,262,0,0,1,1,0,0,0,0,0,1,1,0,1
d.  A mechanical cooling system.,0,62_UK_DocO_Overheating,accord_official,ACCORD Official,5,32,0,0,0,0,0,0,0,0,0,1,0,0,0
d.  Be placed at least 500mm from people where practicable.,0,39_UK_DocF_V2_Ventilation,accord_official,ACCORD Official,10,59,0,1,0,0,0,0,0,0,0,1,0,0,0
d.  Provide a means to control the adverse effects of excessive temperatures and pressures.,0,325_UK_DocL_V1_ConsrvationOfFuelAndPower,accord_official,ACCORD Official,14,91,0,0,0,0,0,0,0,0,0,1,0,0,0
"d. Dwelling, means a house or a flat (flat is defined in regulation 2(1)).",0,31_UK_DocM_V2_AccessAndUseOfBuildings,accord_official,ACCORD Official,15,74,0,0,0,0,0,0,0,0,0,1,1,0,2
e.  How cleaning and maintenance of the system and its components should be carried out.,0,103_UK_DocF_V2_Ventilation | 229_UK_DocF_V1_Ventilation,accord_official,ACCORD Official,15,88,1,0,0,0,0,0,1,0,0,1,0,0,0
"e.  Provide walkways at least 400mm wide, either with guarding at least 1100mm high, or with anchorages for sliding safety harnesses (see Diagram 9.3).",0,113_UK_DocK_ProtectionFromFalling,accord_official,ACCORD Official,25,151,0,1,0,1,0,0,0,0,0,1,2,0,1
e.  Rooms that are designed to contain printers and photocopiers in substantial use (more than  30 minutes per hour).,0,43_UK_DocF_V2_Ventilation,accord_official,ACCORD Official,19,117,0,0,0,0,0,0,0,0,0,1,0,0,1
e.  The time of year when the strategy should be used.,0,97_UK_DocO_Overheating,accord_official,ACCORD Official,11,54,1,0,0,0,0,0,1,0,0,1,0,0,0
"e.  Where a separate domestic hot water heating appliance is preheated by a solar system, the appliance should be controlled to add no extra heat if the target temperature is met from the solar preheated vessel.",0,326_UK_DocL_V1_ConsrvationOfFuelAndPower,accord_official,ACCORD Official,36,211,1,0,0,0,0,0,1,0,0,1,1,0,0
"e. For Consequence Class 3 buildings:  A systematic risk assessment of the building should be undertaken taking into account all the normal hazards that may reasonablybe foreseen, together with any abnormal hazards.",0,125_UK_DocA_Structure,accord_official,ACCORD Official,32,215,2,0,0,0,0,0,1,1,0,1,1,0,1
efficiencies and controls  general guidance.,0,216_UK_DocL_V1_ConsrvationOfFuelAndPower,accord_official,ACCORD Official,5,44,0,0,0,0,0,0,0,0,0,1,0,0,0
"f.  How to access ducts for cleaning, how to undertake cleaning of plant and ducts and the intervals at which cleaning should be undertaken.",0,104_UK_DocF_V2_Ventilation | 230_UK_DocF_V1_Ventilation,accord_official,ACCORD Official,24,140,1,0,0,0,0,0,1,0,0,1,1,0,0
for tea making) is at 850mm above the floor with a clear space beneath at least 700mm above the floor (see Diagram 16 ) and the delivery of water complies with 5.4(a) and (b) ; d. a wheelchair-accessible threshold (see 2.7(e)) is located at the transition between an external seating area and the interior of the facility .,0,140_UK_DocM_V2_AccessAndUseOfBuildings,accord_official,ACCORD Official,60,323,0,1,0,1,0,0,0,0,0,1,0,1,3
"g. Level, with respect to the surfaces of a level approach, access routes and landings associated with steps, stairs and ramps means predominantly level, but with a maximum gradient along the direction of travel of 1:60.",0,32_UK_DocM_V2_AccessAndUseOfBuildings,accord_official,ACCORD Official,37,220,0,1,0,0,0,0,0,0,0,1,4,0,2
"grade ST2 or grade GEN I concrete toBS 85002; c. minimum thickness T of concrete foundation should be 150mm or P, whichever is the greater, where P is derived using Table 10and Diagram 23.",0,96_UK_DocA_Structure,accord_official,ACCORD Official,34,188,1,1,0,1,0,0,1,0,0,1,2,1,2
"handrailing to external ramped and stepped access will satisfy Requirement M1 or M2 if: a. the vertical height to the top of the upper handrail from the pitch line of the surface of a ramp, or a flight of steps, is between 900mm and 1000mm, and from the surface of a landing is between 900 and 1100mm (see Diagram 5 ); b. where there is full height structural guarding , the vertical height to the top of a second lower handrail from the pitch line of the surface of a ramp, or a flight of steps, is 600mm , where provided ; c. it is continuous across the flights and landings of ramped or stepped access ; d. it extends at least 300mm horizontally beyond the top and bottom of a ramped access , or the top and bottom nosing of a flight or flights of steps , while not projecting into an access route ; e. it contrasts visually with the background against which it is seen, without being highly reflective ; f. its surface is slip resistant and not cold to the touch , in areas where resistance to vandalism or low maintenance are key factors , use of metals with relatively low thermal conductivity may be appropriate; g. it terminates in a way that reduces the risk of clothing being caught ; h. its profile is either circular with a diameter between 32 and 50mm, or non-circular, 50mm wide and 39 mm deep having rounded edges with a radius a minimum of 15mm (see Diagram 7 ); i. it protrudes no more than 100mm into the surface width of the ramped or stepped access where this would impinge on the stair width requirement of Part B1; j. there is a clearance of between 50 and 75mm between the handrail and any adjacent wall surface;k. there is a clearance of at least 50mm between a cranked support and the underside of the handrail;l. its inner face is located no more than 50mm beyond the surface width of the ramped or stepped access.",0,60_UK_DocM_V2_AccessAndUseOfBuildings,accord_official,ACCORD Official,334,1840,1,3,2,1,0,0,0,1,0,1,14,11,6
have an output of less than or equal to 400kW.,0,239_UK_DocM_V2_AccessAndUseOfBuildings | 240_UK_DocM_V2_AccessAndUseOfBuildings,accord_official,ACCORD Official,10,46,0,2,0,0,0,0,0,0,0,1,0,0,0
"hot water tempering valves, to ensure that the  temperature supplied to the domestic hot water distribution system does not exceed 60C.",1,150_UK_DocG_Sanitation,accord_official,ACCORD Official,21,135,0,1,0,0,0,0,0,0,0,1,1,0,0
ii. have a rated power usage no greater than 0.3W/m2 in each space.,0,314_UK_DocM_V2_AccessAndUseOfBuildings,accord_official,ACCORD Official,15,67,0,1,0,0,0,0,0,0,0,1,0,0,1
"iii. the LENI method, following Appendix B.",0,315_UK_DocM_V2_AccessAndUseOfBuildings,accord_official,ACCORD Official,7,43,0,0,0,1,0,0,0,0,0,1,1,0,0
in Section 10 should be followed.,0,8_UK_DocM_V2_AccessAndUseOfBuildings,accord_official,ACCORD Official,6,33,1,0,0,1,0,0,1,0,0,1,0,0,1
"in a sports building, comply with Diagram 24; b. a choice of left-hand and right-hand transfer layouts is available when more than one shower area incorporating a corner WC is provided.",0,180_UK_DocM_V2_AccessAndUseOfBuildings,accord_official,ACCORD Official,33,185,0,0,0,0,0,0,0,0,0,1,1,1,1
"in an existing building, for the principal or main staff entrance or entrances to be accessible, an alternative accessible entrance should be provided.",1,61_UK_DocM_V2_AccessAndUseOfBuildings,accord_official,ACCORD Official,23,151,1,0,0,0,0,0,1,0,0,1,2,0,0
"in clothes shops, the dimensions and fittings recommended for an individual self-contained changing cubicle in a sports building should be provided.",1,177_UK_DocM_V2_AccessAndUseOfBuildings,accord_official,ACCORD Official,22,148,1,0,0,0,0,0,1,0,0,1,1,0,0
"in dwellings occupied by people with impaired vision or mobility, consideration should be given to the installation of a suitable safety device to warn when discharge takes place,  e.g. electronically operated.",1,134_UK_DocG_Sanitation,accord_official,ACCORD Official,32,210,1,0,0,1,0,0,1,0,0,1,2,0,0
"integrated hot water cylinders, should be commissioned in accordance with both the manufacturers instructions and the appropriate system design parameters.",0,310_UK_DocL_V1_ConsrvationOfFuelAndPower,accord_official,ACCORD Official,20,155,1,0,0,0,0,0,1,0,0,1,1,0,0
"it is wired up to a motorised valve or some  Others suitable device to shut off the flow to the  primary heater), the energy cutout should  comply with the relevant European Standard  (see paragraph 3.29) or the supplier or installer  should be able to demonstrate that the device  has equivalent performance to that set out in  relevant standards.",0,114_UK_DocG_Sanitation,accord_official,ACCORD Official,59,348,1,0,1,3,0,0,1,0,0,1,1,0,1
"k. Usable, with respect to buildings or parts of buildings, means that they are convenient for independent use.",0,34_UK_DocM_V2_AccessAndUseOfBuildings,accord_official,ACCORD Official,18,111,0,0,1,0,0,0,0,0,0,1,2,0,0
landing call buttons are located between 900mm and 1100mm from the floor of the landing and at least 500mm from any return wall.,1,185_UK_DocM_V2_AccessAndUseOfBuildings,accord_official,ACCORD Official,23,128,0,1,0,0,0,0,0,0,0,1,0,0,0
level for a ventilator operating under normal conditions and not at boost rates should not exceed both of the following.,0,26_UK_DocF_V1_Ventilation,accord_official,ACCORD Official,20,120,1,1,1,0,0,0,1,0,0,1,0,0,0
"lf the noise from the sound source fluctuates more than this, a longer measuring time (T) may be required, but the higher portion of the fluctuating level should be considered, and the sound may attract more attention due to the changes in level.",0,27_UK_DocF_V1_Ventilation,accord_official,ACCORD Official,43,246,2,0,0,0,0,0,1,1,0,1,3,0,0
lifting platform controls are located between 800mm and 1100mm from the floor of the lifting platform and at least 400mm from any return wall.,1,184_UK_DocM_V2_AccessAndUseOfBuildings,accord_official,ACCORD Official,24,142,0,1,0,0,0,0,0,0,0,1,0,0,0
"not coir matting, and changes in floor materials do not create a potential trip hazard ; f. the floor surface helps to remove rainwater from shoes and wheelchairs ; g. where mat wells are provided, the surface of the mat is level with the surface of the adjacent floor finish ; h. any columns , ducts and similar full height elements that project into the lobby by more than 100mm are protected by a visually contrasting guard rail .",0,83_UK_DocM_V2_AccessAndUseOfBuildings,accord_official,ACCORD Official,74,433,0,0,0,0,0,0,0,0,0,1,3,3,0
"open plan), no fewer than threeventilators of the same equivalent area as for Others habitable rooms should be provided within the open-planspace.",0,95_UK_DocF_V1_Ventilation,accord_official,ACCORD Official,23,146,1,0,0,1,0,0,1,0,0,1,1,0,0
"piers should measure at least 3 times the thickness of the supported wall and chimneys twice the thickness, measured at right angles to the wall.",1,65_UK_DocA_Structure,accord_official,ACCORD Official,25,145,1,1,0,0,0,0,1,0,0,1,1,0,1
"replacing a boiler but retaining the pipework and heat emitters), the energy performance of the new components should be assessed.",1,398_UK_DocM_V2_AccessAndUseOfBuildings,accord_official,ACCORD Official,20,130,1,0,0,0,0,0,1,0,0,1,1,0,0
"replacing a heating system including the heating appliance, pipework and heat emitters), the energy performance of the whole system should be assessed, and the results documented and handed over to the building owner with the manufacturers supporting literature.",1,397_UK_DocM_V2_AccessAndUseOfBuildings,accord_official,ACCORD Official,38,262,1,0,0,0,0,0,1,0,0,1,3,0,0
replacing any part or adding an output or control  device to an existing cold water supply;  v. providing a hot water storage system that  has a storage vessel with a capacity not  exceeding 15 litres provided that any electrical  work associated with the installation is also  not notifiable.,0,55_UK_DocG_Sanitation,accord_official,ACCORD Official,48,293,0,0,0,0,0,0,0,0,0,1,0,1,1
technical specifications to demonstrate that the maximum temperature of 48C cannot be  exceeded in operation and that the product  will fail-safe (i.e. not discharge water above the maximum temperature).,0,154_UK_DocG_Sanitation,accord_official,ACCORD Official,31,203,1,1,0,0,0,0,0,0,0,1,0,0,0
"the building is used as a public building, where previously it was not;the building is not a building described in classes 1 to 6 in Schedule 2, where previously it was;g.  the building, which contains at least one dwelling, contains a greater or lesser number of dwellings than it did previously;h.  the building contains a room for residential purposes, where previously it did not;the building, which contains at least one room for residential purposes, contains a greater or lesser number of such rooms than it did previously;the building is used as a shop, where it previously was not; ork.  the building is a building described in regulation 7(4)(a), where previously it was not.",0,462_UK_DocL_V1_ConsrvationOfFuelAndPower,accord_official,ACCORD Official,120,685,0,1,2,1,0,0,0,0,0,1,9,6,5
the height of the building H should not exceed twice the least width of the building W1.,0,29_UK_DocA_Structure,accord_official,ACCORD Official,17,88,1,1,0,0,0,0,1,0,0,1,0,0,0
"the height of the wing H2 should not exceed twice the least width of the wing W2 where the projection P exceeds twice the width W2; b. small single-storey non-residential buildings: height H should not exceed 3m and W (beingthe greatest length or width of the building) should not exceed 9m (see Diagram 2), subject to the limits of paragraph 2C16; c. annexes: height H as variously indicated in Diagram 2 should not exceed 3m, subject tothe limits of paragraph 2C16.",0,30_UK_DocA_Structure,accord_official,ACCORD Official,83,467,1,1,0,3,0,0,1,0,0,1,2,2,2
the location of the electric vehicle charge point or future connection location should be suitable for use by electric vehicles with charging inlets in different places.,1,102_UK_DocS_InfrastructureForChargingOfElectricalVehicles,accord_official,ACCORD Official,26,169,1,0,0,1,0,0,1,0,0,1,0,0,0
"the minimum clear dimensions of the
platform are: b. 900mm wide and 1400mm deep , where the lifting platform is enclosed and where provision is being made for an unaccompanied wheelchair user; c. 1100mm wide and 1400mm deep where two doors are located at 90 relative to each Others and where the lifting platform is enclosed or where provision is being made for an accompanied wheelchair user; h. doors have an effective clear width of at least 900mm for an 1100mm wide and 1400mm deep lifting platform and at least 800mm in Others cases; i. they are fitted with clear instructions for use; j. the lifting platform entrances are accessible from the remainder of the storey; k. doors are distinguishable visually from the adjoining walls; l. an audible and visual announcement of platform arrival and level reached is provided; m. areas of glass are identifiable by people with impaired vision.",1,120_UK_DocM_V2_AccessAndUseOfBuildings,accord_official,ACCORD Official,149,893,0,2,1,0,0,0,0,0,0,1,1,7,1
the minimum clear dimensions of the platform are: 1100mm wide and 1400mm deep where two doors are located at 90ø relative to each Others and where the lifting platform is enclosed or where provision is being made for an accompanied wheelchair user.,1,119_UK_DocM_V2_AccessAndUseOfBuildings,accord_official,ACCORD Official,42,248,0,1,0,0,0,0,0,0,0,1,0,0,0
the rated speed of the platform does not exceed 0.15m/s.,1,183_UK_DocM_V2_AccessAndUseOfBuildings,accord_official,ACCORD Official,12,56,0,1,0,0,0,0,0,0,0,1,0,0,1
"the replacement of a sanitary convenience with one that uses no more water than the one it replaces, a washbasin, sink, bidet, fixed bath, or a shower but only where the work does not include any work to: underground drainage; the hot or cold water system or aboveground drainage which could prejudice the health and safety of any person on completion of work.",0,54_UK_DocG_Sanitation,accord_official,ACCORD Official,63,360,0,0,1,0,0,0,0,0,0,1,5,1,0
"the vertical travel distance is: a. not more than 2m, where there is no liftway enclosure and no floor penetration; b. more than 2m, where there is a liftway enclosure.",1,173_UK_DocM_V2_AccessAndUseOfBuildings,accord_official,ACCORD Official,30,168,0,0,0,0,0,0,0,0,0,1,2,1,0
the water efficiency calculator must be completed.,1,106_UK_DocG_Sanitation,accord_official,ACCORD Official,7,50,1,0,0,0,0,1,0,0,0,1,0,0,0
there is no expectation that lighting calculations should be produced.,0,311_UK_DocM_V2_AccessAndUseOfBuildings,accord_official,ACCORD Official,10,70,1,0,0,0,0,0,1,0,0,1,0,0,0
"this may be the case the Construction (Design and Management) Regulations 2007 provides detail on procedures for safe use of temporary means of access, together with focus on effective planning and management of risk.",0,12_UK_DocK_ProtectionFromFalling,accord_official,ACCORD Official,34,217,1,0,1,0,0,0,0,1,0,1,1,0,1
totalling up to 50mm total thickness and shallow projecting ducts or casings above 1800mm may be discounted when measuring clear width.,1,131_UK_DocM_V1_AccessAndUseOfBuildings,accord_official,ACCORD Official,21,135,2,0,0,0,1,0,0,1,0,1,0,0,0
"where there is insufficient space for larger radiators, or the existing distribution system is provided with higher temperature heat from a low carbon district heat network), the space heating system should be designed to the lowest design temperature possible that will still meet the heating needs of the dwelling.",1,239_UK_DocL_V1_ConsrvationOfFuelAndPower,accord_official,ACCORD Official,49,316,1,0,0,0,0,0,1,0,0,1,2,0,0
"wind load, safety, security or acoustic attenuation) requires thicker glass to be used, an equivalent window unit with standard thickness (6mm) glazing should be shown to meet the required standard.",1,121_UK_DocL_V1_ConsrvationOfFuelAndPower,accord_official,ACCORD Official,30,198,1,0,1,0,0,0,1,0,0,1,3,0,0
